Academic Year,Term,Subject,Course No.,Course Title,Instructor,GPA,A (%),A- (%),B+ (%),B (%),B- (%),C+ (%),C (%),C- (%),D+ (%),D (%),D- (%),F (%),Withdraws,Graded Enrollment,CRN,Credits
"2024-25","Winter","ACIS","1004","Accounting Foundations","Lacoste","3.47","60","10","10","0","0","0","10","10","0","0","0","0","1","10","40126","  3"
"2024-25","Winter","ACIS","1504","Intro to Bus Analytics & BI","Sharp","3.68","53.8","26.9","7.7","0","3.8","7.7","0","0","0","0","0","0","0","26","40127","  3"
"2024-25","Winter","ACIS","2115","Principles of Accounting","Lacoste","3.24","50","7.1","3.6","3.6","7.1","7.1","10.7","10.7","0","0","0","0","1","28","40128","  3"
"2024-25","Winter","ACIS","2116","Principles of Accounting","Martin","3","17.6","11.8","5.9","23.5","20.6","2.9","14.7","0","2.9","0","0","0","0","34","40129","  3"
"2024-25","Winter","ACIS","3554","Networks, Telecom, & Security","Shen","3.17","50","0","0","16.7","0","16.7","0","16.7","0","0","0","0","0","6","40164","  3"
"2024-25","Winter","ADV","2134","Intro to Health Communication","Holz","3.49","60","13.3","0","20","0","0","0","0","0","0","0","6.7","1","15","40015","  3"
"2024-25","Winter","ADV","3024","Ad Ethics & Soc Responsibility","Combs","3.48","20","40","0","40","0","0","0","0","0","0","0","0","0","5","40225","  3"
"2024-25","Winter","AFST","1714","Intro African American Studies","Seniors","4","100","0","0","0","0","0","0","0","0","0","0","0","0","7","40016","  3"
"2024-25","Winter","AHRM","1014","Design and Art for Consumers","Walsh","3.54","74.1","7.4","0","0","3.7","7.4","0","0","0","3.7","0","3.7","1","27","40136","  3"
"2024-25","Winter","APS","1704","Intro to Appalachian Studies","Edmondson","3.73","80","0","0","13.3","0","0","6.7","0","0","0","0","0","0","15","40017","  3"
"2024-25","Winter","ARCH","1044","Life in the Built Environment","Tew","3.85","92.7","0","2.4","0","2.4","0","0","0","0","0","0","2.4","0","41","40002","  3"
"2024-25","Winter","ART","1104","Language of Visual Arts","Jewitt","3.24","29.4","17.7","5.9","17.6","17.6","5.9","0","0","5.9","0","0","0","0","17","40003","  3"
"2024-25","Winter","ART","2385","Surv Hist West Art","Spaar","3.43","50","0","16.7","16.7","0","16.7","0","0","0","0","0","0","1","6","40004","  3"
"2024-25","Winter","ART","3284","Medieval Art and Architecture","Moseley Christian","3.21","50","0","12.5","0","12.5","0","12.5","12.5","0","0","0","0","0","8","40005","  3"
"2024-25","Winter","BC","1114","Intro to Building Construction","McCoy","3.53","63.2","5.3","2.6","13.2","2.6","7.9","0","2.6","2.6","0","0","0","0","38","40192","  3"
"2024-25","Winter","BC","3134","Temporary Structures","Clark","3.81","73.3","20","0","0","0","0","6.7","0","0","0","0","0","0","15","40234","  3"
"2024-25","Winter","BIOL","1105","Principles of Biology","Lipscomb","3.71","75.6","0","0","19.5","0","0","4.9","0","0","0","0","0","0","41","40019","  3"
"2024-25","Winter","BIOL","1106","Principles of Biology","Hogan","3.32","44.1","0","0","44.1","0","0","11.8","0","0","0","0","0","0","34","40020","  3"
"2024-25","Winter","BIOL","2134","Cell Function Differentiation","Watkinson","3.49","31.8","27.3","18.2","9.1","9.1","0","4.5","0","0","0","0","0","0","22","40021","  3"
"2024-25","Winter","BIOL","2604","General Microbiology","Seyler","3.8","62.9","25.7","2.9","5.7","0","2.9","0","0","0","0","0","0","0","35","40022","  3"
"2024-25","Winter","BIOL","2704","Evolutionary Biology","Sheppard","3.35","28.6","14.3","19","19","14.3","0","4.8","0","0","0","0","0","0","21","40023","  3"
"2024-25","Winter","BIOL","3514","Introduction to Histology","Sheppard","3.3","36.7","26.7","6.7","10","3.3","3.3","6.7","0","0","0","3.3","3.3","0","30","40024","  3"
"2024-25","Winter","BIT","2405","Bus Stats Analytics & Model","Kern","3.04","10.2","11.9","18.6","32.2","11.9","8.5","3.4","1.7","0","0","0","1.7","0","59","40133","  3"
"2024-25","Winter","BIT","2406","Bus Stats Analytics & Model","Nottingham","2.66","3.8","5.7","7.5","24.5","24.5","13.2","13.2","3.8","1.9","0","0","1.9","2","53","40159","  3"
"2024-25","Winter","BIT","3414","Operations & Supply Chain Mgt","Deane","3.35","21.7","33.3","18.3","16.7","1.7","0","1.7","1.7","1.7","0","1.7","1.7","0","60","40160","  3"
"2024-25","Winter","BIT","3424","Intro Bus Analytics Modeling","Abrahams","3.82","77.8","7.4","3.7","3.7","7.4","0","0","0","0","0","0","0","0","27","40025","  3"
"2024-25","Winter","BIT","3444","Adv Bus Comp and App","Zahadat","3.08","39.3","10.7","10.7","10.7","7.1","0","0","14.3","0","0","0","7.1","1","28","40162","  3"
"2024-25","Winter","BIT","3554","Networks, Telecom, & Security","Shen","3.42","21.1","31.6","21.1","15.8","0","10.5","0","0","0","0","0","0","0","19","40163","  3"
"2024-25","Winter","BIT","3674","Cybersecurity Management II","James","3.24","8.3","58.3","0","25","0","0","0","0","0","0","0","8.3","0","12","40212","  3"
"2024-25","Winter","BIT","4444","Web-Based DSS","Flora","3.6","55.6","33.3","0","0","0","0","0","0","11.1","0","0","0","0","9","40166","  3"
"2024-25","Winter","BIT","4484","Project Management","Deane","3.91","69","31","0","0","0","0","0","0","0","0","0","0","0","29","40165","  3"
"2024-25","Winter","BIT","4624","Cybersecurity Analytics","Hodsden","3.74","60","26.7","6.7","0","0","0","6.7","0","0","0","0","0","0","15","40134","  3"
"2024-25","Winter","CEE","3604","Intro Transport Engr","Katz","3.55","57.1","10.7","10.7","10.7","7.1","0","0","0","0","0","0","3.6","0","28","40173","  3"
"2024-25","Winter","CEE","3804","Computer Applications for CEE","Abbas","3.73","55.6","22.2","11.1","5.6","5.6","0","0","0","0","0","0","0","0","18","40174","  3"
"2024-25","Winter","CHEM","1035","General Chemistry","Arachchige","2.64","10.9","10.9","12.5","20.3","6.3","9.4","7.8","4.7","4.7","9.4","0","3.1","2","64","40130","  3"
"2024-25","Winter","CHEM","2535","Organic Chemistry","Berg","2.38","4","2","6","24","6","18","16","10","6","8","0","0","1","50","40131","  3"
"2024-25","Winter","CINE","2054","Introduction to Cinema","Yates","3.98","92.9","7.1","0","0","0","0","0","0","0","0","0","0","0","14","40006","  3"
"2024-25","Winter","CMST","2034","Visual Media","Bennett","3.79","84.6","0","7.7","0","0","0","7.7","0","0","0","0","0","0","13","40194","  3"
"2024-25","Winter","CMST","3124","Interpersonal Communication","Deuyour","2.94","22.2","0","44.4","11.1","0","11.1","0","0","0","0","0","11.1","0","9","40028","  3"
"2024-25","Winter","COMM","1014","Introduction to Communication","Kuypers","2.93","0","25","12.5","25","12.5","0","25","0","0","0","0","0","0","8","40030","  3"
"2024-25","Winter","COMM","2004","Public Speaking","Thomas","3.34","20","20","13.3","33.3","13.3","0","0","0","0","0","0","0","0","15","40032","  3"
"2024-25","Winter","COMM","2004","Public Speaking","Frick","3.65","38.9","27.8","27.8","0","5.6","0","0","0","0","0","0","0","0","18","40224","  3"
"2024-25","Winter","COMM","2004","Public Speaking","Callaghan","3.25","31.6","36.8","10.5","5.3","0","5.3","0","0","0","0","0","10.5","0","19","40035","  3"
"2024-25","Winter","COMM","2004","Public Speaking","Conner","3.67","36.8","36.8","15.8","10.5","0","0","0","0","0","0","0","0","0","19","40033","  3"
"2024-25","Winter","COMM","2004","Public Speaking","Puckett","3.23","15.8","31.6","26.3","10.5","5.3","0","5.3","0","0","0","0","5.3","1","19","40226","  3"
"2024-25","Winter","COMM","2004","Public Speaking","Quesenberry","3.75","57.9","15.8","21.1","5.3","0","0","0","0","0","0","0","0","0","19","40034","  3"
"2024-25","Winter","COMM","2004","Public Speaking","Sowder","3.77","60","25","10","0","0","5","0","0","0","0","0","0","0","20","40031","  3"
"2024-25","Winter","COMM","2024","Media Writing","Woods","3.06","18.2","9.1","18.2","18.2","18.2","9.1","0","9.1","0","0","0","0","0","11","40036","  3"
"2024-25","Winter","COMM","2084","Media and Society","Smith","3.6","79.4","8.8","0","0","0","0","2.9","0","2.9","0","0","5.9","0","34","40050","  3"
"2024-25","Winter","COMM","2124","Intro Comm Research","Widgeon","3.69","56.3","18.8","6.3","12.5","6.3","0","0","0","0","0","0","0","1","16","40037","  3"
"2024-25","Winter","COMM","4024","Communication Law","Myers","2.97","16.4","14.6","7.3","29.1","12.7","5.5","5.5","3.6","1.8","0","0","3.6","0","55","40038","  3"
"2024-25","Winter","CONS","2304","Consumer and Family Finances","Cheng","3.58","37","25.9","29.6","0","0","3.7","3.7","0","0","0","0","0","0","27","40138","  3"
"2024-25","Winter","CRIM","3124","Murder in American History","Branum","3.84","55.6","37","7.4","0","0","0","0","0","0","0","0","0","0","27","40039","  3"
"2024-25","Winter","CRIM","4454","TS:Violence and Mental Illness","Vogt Yuan","3.06","60","0","20","0","0","0","0","0","0","0","0","20","0","5","40100","  3"
"2024-25","Winter","CS","1064","Intro to Programming in Python","Wenskovitch","3.82","91.9","0","0","0","0","2.7","2.7","0","0","2.7","0","0","0","37","40154","  3"
"2024-25","Winter","CS","3604","Professionalism in Computing","Dunlap","3.82","81.3","12.5","3.1","0","0","0","0","0","0","0","0","3.1","0","32","40156","  3"
"2024-25","Winter","CSES","3954","SA: South Africa","Abaye","4","100","0","0","0","0","0","0","0","0","0","0","0","0","14","40218","  1"
"2024-25","Winter","ECON","2005","Principles of Economics","Wagnon","3.18","22.2","22.2","14.8","7.4","14.8","11.1","3.7","0","0","0","3.7","0","0","27","40229","  3"
"2024-25","Winter","ECON","2005","Principles of Economics","Gendron","3.58","60","17.1","2.9","2.9","8.6","5.7","0","0","0","0","0","2.9","0","35","40189","  3"
"2024-25","Winter","ECON","2006","Principles of Economics","Bandyopadhyay","3.5","20","40","30","0","0","10","0","0","0","0","0","0","0","10","40230","  3"
"2024-25","Winter","ECON","2006","Principles of Economics","Ardalankia","2.92","16.7","5.6","27.8","16.7","5.6","16.7","0","5.6","0","0","0","5.6","0","18","40190","  3"
"2024-25","Winter","ECON","3004","TS: Int'l Trade and Finance","Gebremariam","3.55","28.6","28.6","21.4","21.4","0","0","0","0","0","0","0","0","0","14","40191","  3"
"2024-25","Winter","EDCO","2004","Healthy Relationships","Welfare","3.96","93.8","0","6.3","0","0","0","0","0","0","0","0","0","0","16","40120","  3"
"2024-25","Winter","EDEP","2444","Motivating Yourself and Others","Jones","3.46","50","12.5","12.5","0","12.5","0","12.5","0","0","0","0","0","0","8","40122","  3"
"2024-25","Winter","ENGE","1215","Foundations of Engineering","Wallwey","3.76","80.6","8.3","2.8","2.8","0","0","0","0","0","5.6","0","0","1","36","40196","  2"
"2024-25","Winter","ENGE","1215","Foundations of Engineering","Dogan","3.79","74.4","12.8","5.1","2.6","2.6","0","0","0","0","2.6","0","0","0","39","40195","  2"
"2024-25","Winter","ENGL","1654","Intro to Science Fiction","Wiscomb","3.7","90","0","0","0","0","0","0","0","0","10","0","0","0","10","40135","  3"
"2024-25","Winter","ENGL","1654","Intro to Science Fiction","Baker","3.33","83.3","0","0","0","0","0","0","0","0","0","0","16.7","0","6","40041","  3"
"2024-25","Winter","ENGL","2444","Greek and Roman Myth","Phillips","3.62","66.7","0","0","16.7","16.7","0","0","0","0","0","0","0","0","6","40111","  3"
"2024-25","Winter","ENGL","2744","Intro to Creative Writing","Conaway","3.28","58.8","5.9","5.9","11.8","5.9","0","0","0","0","0","0","11.8","0","17","40043","  3"
"2024-25","Winter","ENGL","2744","Intro to Creative Writing","Hobin","3.7","72.7","13.6","0","0","4.5","4.5","0","0","4.5","0","0","0","0","22","40042","  3"
"2024-25","Winter","ENGL","3764","Technical Writing","Kinder","3.45","33.3","46.7","6.7","0","0","0","0","0","13.3","0","0","0","0","15","40046","  3"
"2024-25","Winter","ENGL","3764","Technical Writing","Fehr","3.95","89.5","5.3","5.3","0","0","0","0","0","0","0","0","0","0","19","40175","  3"
"2024-25","Winter","ENGL","3764","Technical Writing","Passwater","3.92","84.2","10.5","0","5.3","0","0","0","0","0","0","0","0","0","19","40048","  3"
"2024-25","Winter","ENGL","3764","Technical Writing","Rabbi","3.54","61.9","14.3","9.5","0","0","0","4.8","4.8","0","4.8","0","0","0","21","40047","  3"
"2024-25","Winter","ENGL","3764","Technical Writing","Zan","3.73","81","9.5","0","4.8","0","0","0","0","0","0","0","4.8","0","21","40044","  3"
"2024-25","Winter","ENGL","3774","Business Writing","Brown","3.97","88.9","11.1","0","0","0","0","0","0","0","0","0","0","0","18","40049","  3"
"2024-25","Winter","ENSC","1016","Found Environmental Sci","Eick","3.82","63.6","18.2","18.2","0","0","0","0","0","0","0","0","0","0","11","40149","  3"
"2024-25","Winter","ESM","2104","Statics","Gragg","1.97","0","13.3","6.7","13.3","6.7","0","13.3","20","0","6.7","0","20","2","15","40197","  3"
"2024-25","Winter","ESM","2204","Mechanics of Deformable Bodies","Aidi","3.03","25","15","5","25","0","10","10","5","0","5","0","0","0","20","40198","  3"
"2024-25","Winter","ESM","2304","Dynamics","Tahmasian","3.05","30.8","7.7","15.4","15.4","0","7.7","7.7","7.7","7.7","0","0","0","0","13","40199","  3"
"2024-25","Winter","FIN","3054","Legal & Ethical Env of Bus","Malone","3.23","24","26","14","12","2","12","8","0","0","0","0","2","0","50","40171","  3"
"2024-25","Winter","FIN","3104","Introduction to Finance","Hart","3.17","32.7","13.5","9.6","9.6","11.5","3.8","11.5","7.7","0","0","0","0","2","52","40186","  3"
"2024-25","Winter","FIN","4984","SS: Real World Fin Charlotte","Hart","4","100","0","0","0","0","0","0","0","0","0","0","0","0","18","40188","  3"
"2024-25","Winter","GEOG","3954","SA: New Zealand","Juran","4","100","0","0","0","0","0","0","0","0","0","0","0","0","15","40178","  6"
"2024-25","Winter","HD","1134","Intro to Disabilities Studies","Toman","3.67","58.1","12.9","9.7","16.1","0","0","3.2","0","0","0","0","0","0","31","40051","  3"
"2024-25","Winter","HIST","1116","History of the United States","Minor","3.38","46.2","7.7","7.7","23.1","0","7.7","0","7.7","0","0","0","0","0","13","40052","  3"
"2024-25","Winter","HIST","1216","Intro to World History","McKagen","3.85","81.8","9.1","0","0","9.1","0","0","0","0","0","0","0","0","11","40053","  3"
"2024-25","Winter","HIST","2604","Intro Data in Social Context","Steinhauer","3.84","80","0","13.3","6.7","0","0","0","0","0","0","0","0","1","15","40054","  3"
"2024-25","Winter","HIST","3124","Murder in American History","Branum","3.96","88.2","11.8","0","0","0","0","0","0","0","0","0","0","0","17","40040","  3"
"2024-25","Winter","HIST","3544","World War II","Douglas","3.83","63.6","27.3","4.5","0","4.5","0","0","0","0","0","0","0","0","22","40059","  3"
"2024-25","Winter","HNFE","2204","Medical Terminology","Eaton","3.87","70.4","22.2","3.7","3.7","0","0","0","0","0","0","0","0","0","27","40060","  3"
"2024-25","Winter","HNFE","3954","SA: Costa Rica","Harden","4","100","0","0","0","0","0","0","0","0","0","0","0","0","8","40061","  1"
"2024-25","Winter","HORT","2144","Indoor Plants","Kardos","4","100","0","0","0","0","0","0","0","0","0","0","0","0","11","40152","  3"
"2024-25","Winter","HTM","2314","Intro International Business","Raschke","3.5","40","10","20","20","10","0","0","0","0","0","0","0","0","10","40143","  3"
"2024-25","Winter","HTM","3954","HTM Study Abroad","Duetsch","3.97","91.7","8.3","0","0","0","0","0","0","0","0","0","0","0","12","40204","  3"
"2024-25","Winter","HTM","4354","IT & Social Media in HTM","Han","3.74","75","4.2","4.2","4.2","8.3","4.2","0","0","0","0","0","0","0","24","40205","  3"
"2024-25","Winter","IS","2054","Introduction to World Politics","Thomas","3.8","33.3","66.7","0","0","0","0","0","0","0","0","0","0","0","6","40114","  3"
"2024-25","Winter","IS","2064","Global Econ and World Politics","Gignoux","3.62","33.3","33.3","16.7","16.7","0","0","0","0","0","0","0","0","0","6","40116","  3"
"2024-25","Winter","IS","3135","Strategies of Modern Warfare","Hodges","3.82","50","41.7","8.3","0","0","0","0","0","0","0","0","0","0","12","40118","  3"
"2024-25","Winter","IS","3624","Foreign Policy and Diplomacy","Bhamidipati","3.38","50","0","16.7","16.7","0","0","16.7","0","0","0","0","0","0","6","40119","  3"
"2024-25","Winter","IS","4044","International Communication","Jenkins","2.74","20","20","0","40","0","0","0","0","0","0","0","20","0","5","40125","  3"
"2024-25","Winter","ISE","3414","Prob Operations Research","Savage","3.44","33.3","27.8","16.7","5.6","0","11.1","5.6","0","0","0","0","0","0","18","40064","  3"
"2024-25","Winter","ITAL","3474","Topics in Italian Cinema","Sguerri","3.71","75","6.3","0","0","12.5","6.3","0","0","0","0","0","0","0","16","40065","  3"
"2024-25","Winter","ITDS","1114","Design Appreciation","Tew","3.74","72.9","11.5","5.2","2.1","2.1","4.2","0","1","0","0","0","1","0","96","40009","  3"
"2024-25","Winter","JMC","4044","International Communication","Jenkins","3.53","28.6","42.9","14.3","0","0","14.3","0","0","0","0","0","0","0","7","40124","  3"
"2024-25","Winter","JMC","4264","Social Media Theory & Practice","Watkins","3.5","70","10","10","0","0","0","0","0","0","0","0","10","0","10","40066","  3"
"2024-25","Winter","MGT","1104","Foundations of Business","Hopkins","2.44","5","10","15","10","15","10","15","5","0","5","0","10","0","20","40167","  3"
"2024-25","Winter","MGT","2064","Foundations Entrepreneurship","Reed","3.45","47.6","19.1","9.5","4.8","14.3","0","0","0","0","0","0","4.8","0","21","40141","  3"
"2024-25","Winter","MGT","2314","Intro International Business","Raschke","3.54","47.1","17.7","11.8","5.9","11.8","0","5.9","0","0","0","0","0","0","17","40142","  3"
"2024-25","Winter","MGT","3304","Mgt Th & Lead Pract","Beleny","3.62","52.6","26.3","10.5","0","5.3","0","0","0","0","5.3","0","0","0","19","40144","  3"
"2024-25","Winter","MGT","3404","Principles of Management","Deck","2.67","19.4","16.1","3.2","9.7","6.5","12.9","9.7","12.9","0","0","3.2","6.5","0","31","40145","  3"
"2024-25","Winter","MGT","3954","SA: Australia and New Zealand","Waters","4","100","0","0","0","0","0","0","0","0","0","0","0","0","10","40170","  3"
"2024-25","Winter","MGT","3954","SA: Germany & Austria","Deck","4","100","0","0","0","0","0","0","0","0","0","0","0","0","19","40147","  3"
"2024-25","Winter","MGT","3954","SA: Bus, Cultr, & Soc in Spain","Jamison","4","100","0","0","0","0","0","0","0","0","0","0","0","0","19","40148","  3"
"2024-25","Winter","MGT","3954","SA: Bus and Culture in Italy","Clevenger","3.89","70","25","5","0","0","0","0","0","0","0","0","0","0","20","40217","  3"
"2024-25","Winter","MGT","4394","Strategic Management","Slagel","3.5","26.5","28.6","22.4","14.3","6.1","2","0","0","0","0","0","0","0","49","40146","  3"
"2024-25","Winter","MGT","4394","Strategic Management","Lewis","3.83","58","32","8","2","0","0","0","0","0","0","0","0","0","50","40221","  3"
"2024-25","Winter","MKTG","3104","Marketing Management","Wertalik","3.72","51.5","24.2","15.2","6.1","1.5","1.5","0","0","0","0","0","0","0","66","40067","  3"
"2024-25","Winter","MKTG","4304","Marketing Communications","Matuszak","2.61","8.3","0","0","33.3","16.7","16.7","16.7","0","8.3","0","0","0","0","12","40068","  3"
"2024-25","Winter","MKTG","4554","Principles of Prof Selling","Michalisin","3.53","71.4","0","0","14.3","0","0","0","14.3","0","0","0","0","0","7","40069","  3"
"2024-25","Winter","MKTG","4604","Retail Management","Reilly","3.73","50","20","30","0","0","0","0","0","0","0","0","0","0","10","40070","  3"
"2024-25","Winter","MKTG","5964","Field Study","Matuszak","3.72","36.4","40.9","22.7","0","0","0","0","0","0","0","0","0","0","22","40211","  1"
"2024-25","Winter","MUS","1005","Theory Fundamentals","Irrera","2.62","30.8","7.7","15.4","0","15.4","0","0","0","0","7.7","15.4","7.7","1","13","40010","  3"
"2024-25","Winter","MUS","1104","Music Appreciation","Wilkens-Reed","3.93","82.6","15.2","0","2.2","0","0","0","0","0","0","0","0","1","46","40011","  3"
"2024-25","Winter","MUS","3814","Jazz History","Hutchins","3.76","71.4","0","14.3","14.3","0","0","0","0","0","0","0","0","0","7","40222","  3"
"2024-25","Winter","NEUR","2464","Neuroscience and Society","Unroe","3.7","90.9","0","0","0","0","0","0","0","0","0","9.1","0","0","11","40228","  3"
"2024-25","Winter","NR","3954","SA: Panama","McGee","4","100","0","0","0","0","0","0","0","0","0","0","0","0","11","40071","  3"
"2024-25","Winter","PHIL","1204","Knowledge and Reality","Patton","3.5","54.5","13.6","18.2","4.5","0","0","0","4.5","0","0","0","4.5","1","22","40072","  3"
"2024-25","Winter","PHIL","1304","Morality and Justice","D'amato","3.93","85.7","7.1","7.1","0","0","0","0","0","0","0","0","0","0","14","40074","  3"
"2024-25","Winter","PHIL","2304","Global Ethics","Fuller","3.62","60","20","12","0","0","0","4","0","0","0","0","4","2","25","40075","  3"
"2024-25","Winter","PHS","1514","Personal Health","Redican","4","100","0","0","0","0","0","0","0","0","0","0","0","0","30","40076","  3"
"2024-25","Winter","PHS","2004","Introduction to Public Health","Redican","4","100","0","0","0","0","0","0","0","0","0","0","0","0","14","40077","  3"
"2024-25","Winter","PHS","3534","Drug Education","Redican","4","100","0","0","0","0","0","0","0","0","0","0","0","0","22","40078","  3"
"2024-25","Winter","PHYS","2205","General Physics","Lin","2.63","15.4","7.7","7.7","11.5","11.5","15.4","11.5","7.7","7.7","0","0","3.8","3","26","40079","  3"
"2024-25","Winter","PHYS","2206","General Physics","Papavasiliou","3.38","20.4","34.7","20.4","12.2","6.1","0","2","0","0","2","2","0","0","49","40080","  3"
"2024-25","Winter","PHYS","2215","General Physics Laboratory","Powers","3.52","42.1","26.3","5.3","10.5","5.3","5.3","5.3","0","0","0","0","0","0","19","40081","  1"
"2024-25","Winter","PHYS","2216","General Physics Laboratory","Powers","3.1","32","16","12","12","8","0","8","0","4","4","0","4","0","25","40082","  1"
"2024-25","Winter","PM","3674","Property Management Operations","Hopkins","3.39","27.3","18.2","18.2","27.3","0","9.1","0","0","0","0","0","0","0","11","40139","  3"
"2024-25","Winter","PR","2044","Principles of Public Relations","Deuyour","2.79","0","0","11.1","33.3","44.4","0","11.1","0","0","0","0","0","0","9","40083","  3"
"2024-25","Winter","PSCI","1014","US Gov & Politics","Jewitt","3.6","50","10","10","30","0","0","0","0","0","0","0","0","0","10","40084","  3"
"2024-25","Winter","PSCI","2054","Introduction to World Politics","Thomas","3.86","77.8","11.1","0","11.1","0","0","0","0","0","0","0","0","0","9","40085","  3"
"2024-25","Winter","PSCI","2064","Global Econ and World Politics","Gignoux","3.44","37.5","37.5","0","0","12.5","0","0","12.5","0","0","0","0","0","8","40086","  3"
"2024-25","Winter","PSCI","3135","Strategies of Modern Warfare","Hodges","3.44","30","15","25","15","15","0","0","0","0","0","0","0","0","20","40088","  3"
"2024-25","Winter","PSCI","3624","Foreign Policy and Diplomacy","Bhamidipati","3.5","37.5","25","12.5","12.5","0","12.5","0","0","0","0","0","0","0","8","40089","  3"
"2024-25","Winter","PSCI","4644","Wash Semester Policy","Dull","3.97","88.9","11.1","0","0","0","0","0","0","0","0","0","0","0","9","40208","  3"
"2024-25","Winter","PSCI","4644","Wash Semester Policy","Hult","3.97","88.9","11.1","0","0","0","0","0","0","0","0","0","0","0","9","40208","  3"
"2024-25","Winter","PSYC","2044","Psychology of Learning","Kerfoot","3.95","95.2","0","0","4.8","0","0","0","0","0","0","0","0","0","21","40179","  3"
"2024-25","Winter","PSYC","2064","Intro Neuroscience of Behavior","Uscatescu","4","100","0","0","0","0","0","0","0","0","0","0","0","0","9","40181","  3"
"2024-25","Winter","PSYC","2074","Animal Behavior","Hoffman","3.87","64.7","29.4","5.9","0","0","0","0","0","0","0","0","0","0","17","40182","  3"
"2024-25","Winter","RLCL","1014","World Religions","Shajahan","4","100","0","0","0","0","0","0","0","0","0","0","0","0","13","40110","  3"
"2024-25","Winter","SOC","1004","Introductory Sociology","Brunsma","3.77","68.8","15.6","6.3","0","6.3","0","3.1","0","0","0","0","0","0","32","40093","  3"
"2024-25","Winter","SOC","2604","Intro Data in Social Context","Steinhauer","3.74","80","0","0","0","20","0","0","0","0","0","0","0","0","5","40055","  3"
"2024-25","Winter","SOC","3004","Social Inequality","Perdue","4","100","0","0","0","0","0","0","0","0","0","0","0","0","10","40096","  3"
"2024-25","Winter","SOC","4454","TS:Violence and Mental Illness","Vogt Yuan","3.52","40","0","40","20","0","0","0","0","0","0","0","0","1","5","40099","  3"
"2024-25","Winter","SOC","4454","TS: Media and Crime","King","2.05","0","0","16.7","0","33.3","16.7","0","0","16.7","0","0","16.7","0","6","40097","  3"
"2024-25","Winter","SPAN","3554","Teaching Spanish","Cana Jimenez","3.63","68.4","10.5","10.5","5.3","0","0","0","0","0","0","0","5.3","1","19","40123","  3"
"2024-25","Winter","SPAN","3954","Study Abroad","Sobrado","4","100","0","0","0","0","0","0","0","0","0","0","0","0","17","40153","  3"
"2024-25","Winter","SPES","2004","Cannabis Sci Ind & Culture","Niemiera","3.91","85.4","7.3","4.9","0","2.4","0","0","0","0","0","0","0","0","41","40151","  3"
"2024-25","Winter","SPES","3954","Study Abroad","Eick","4","100","0","0","0","0","0","0","0","0","0","0","0","0","13","40150","  3"
"2024-25","Winter","SPIA","4454","Future of Cities","Tirpak","3.84","62.5","25","12.5","0","0","0","0","0","0","0","0","0","0","8","40012","  3"
"2024-25","Winter","STAT","2094","Basic R for Statistics","Merkes","4","100","0","0","0","0","0","0","0","0","0","0","0","0","5","40184","  1"
"2024-25","Winter","STAT","3615","Biological Statistics","Hanlon","2.75","18.4","13.2","5.3","13.2","13.2","13.2","0","13.2","2.6","2.6","2.6","2.6","0","38","40183","  3"
"2024-25","Winter","STS","3284","Technology and Disability","Zhumadilova","3.87","80","6.7","6.7","6.7","0","0","0","0","0","0","0","0","0","15","40108","  3"
"2024-25","Winter","WGS","1824","Intro Women's & Gender Studies","Diaz","3.98","93.8","6.3","0","0","0","0","0","0","0","0","0","0","0","16","40109","  3"
"2024-25","Winter","WGS","4954","SA: India and Social Justice","Zare","4","100","0","0","0","0","0","0","0","0","0","0","0","0","5","40104","  3"
"2025-26","Fall","AAD","1004","Exploring Arch, Arts, & Design","Rinehart","3.61","76.7","0","10","3.3","0","0","0","0","3.3","6.7","0","0","0","30","80061","  2"
"2025-26","Fall","AAD","1204","Thinking Globally","Hamming","3.76","85.7","3.6","0","3.6","0","0","3.6","0","0","0","3.6","0","0","28","80063","  1"
"2025-26","Fall","AAD","1204","Thinking Globally","Hamming","3.75","81","4.8","2.4","7.1","0","0","0","2.4","0","0","0","2.4","0","42","80062","  1"
"2025-26","Fall","AAEC","1005","Econ Food Fiber Sys","Stephenson","2.81","11.7","10","16.7","20","11.7","7.5","9.2","5","2.5","3.3","0.8","1.7","3","120","80065","  3"
"2025-26","Fall","AAEC","1005","Econ Food Fiber Sys","Ellerbrock","3.08","29.3","17.9","5","15","10.7","7.1","5","2.9","2.1","0.7","0","4.3","21","140","80064","  3"
"2025-26","Fall","AAEC","1006","Econ Food Fiber Syst","Enz","2.6","2.1","17","4.3","21.3","19.1","10.6","6.4","6.4","2.1","8.5","0","2.1","6","47","80066","  3"
"2025-26","Fall","AAEC","1006","Econ Food Fiber Syst","Ellerbrock","2.3","10.2","8.5","13.6","8.5","13.6","6.8","0","11.9","1.7","11.9","1.7","11.9","2","59","80067","  3"
"2025-26","Fall","AAEC","2104","Personal Financial Planning","White","3.76","84.4","3.6","3.3","2","1.5","0.7","0.8","0.2","0","0.8","0","2.7","5","603","80068","  3"
"2025-26","Fall","AAEC","2434","Foundations of Agribusiness","Ortez Amador","3.57","56.9","12.5","9.7","8.3","2.8","2.8","4.2","0","1.4","1.4","0","0","0","72","80069","  3"
"2025-26","Fall","AAEC","3004","Agr Prod & Cons Econ","Larochelle","3","38.1","4.8","9.5","4.8","4.8","14.3","9.5","4.8","4.8","4.8","0","0","0","21","80071","  3"
"2025-26","Fall","AAEC","3015","AAEC Internship","Adams","3.48","66.7","0","0","22.2","0","0","3.7","0","0","7.4","0","0","0","27","80073","  1"
"2025-26","Fall","AAEC","3015","AAEC Internship","Adams","3.73","79.5","0","0","12.8","0","2.6","5.1","0","0","0","0","0","0","39","80072","  1"
"2025-26","Fall","AAEC","3204","Intl Agri Dvlp & Trad","Gupta","3.13","23.3","26.7","10","0","13.3","10","6.7","6.7","3.3","0","0","0","2","30","80074","  3"
"2025-26","Fall","AAEC","3314","Environmental Law","Friedel","3.32","24.4","23.3","17.4","17.4","7","4.7","2.3","1.2","1.2","1.2","0","0","2","86","80075","  3"
"2025-26","Fall","AAEC","3324","Environment Sustain Dev Econ","Zhang","3.43","26.1","30.4","8.7","17.4","13","4.3","0","0","0","0","0","0","0","23","80076","  3"
"2025-26","Fall","AAEC","3454","Small Bus Mgt and Ent","Wang","3.67","51","24.5","6.1","10.2","6.1","2","0","0","0","0","0","0","0","49","80077","  3"
"2025-26","Fall","AAEC","3504","Marketing Ag Products","Ac Pangan","3.28","13.6","32.1","21","8.6","16","6.2","0","1.2","0","0","0","1.2","0","81","80078","  3"
"2025-26","Fall","AAEC","3514","Ag Futures","Isengildina Massa","2.32","12.2","2.4","2.4","12.2","12.2","4.9","24.4","14.6","0","9.8","2.4","2.4","2","41","80079","  3"
"2025-26","Fall","AAEC","3984","SS: Cooperatives & Impacts","Dalton","3.7","62.3","15.1","13.2","0","3.8","3.8","0","0","1.9","0","0","0","0","53","91906","  3"
"2025-26","Fall","AAEC","4324","Rural Regional Dvlp Policy","Cary","3.46","62.5","0","0","25","0","6.3","0","0","0","6.3","0","0","0","16","80080","  3"
"2025-26","Fall","AAEC","4424","Ag Financial Management","White","2.59","7","5.3","15.8","19.3","7","15.8","15.8","5.3","1.8","3.5","0","3.5","1","57","80081","  3"
"2025-26","Fall","AAEC","4514","Adv Agribus Mkting","Ac Pangan","3.46","25.5","27.5","27.5","5.9","5.9","7.8","0","0","0","0","0","0","0","51","80083","  3"
"2025-26","Fall","AAEC","5014","Applied Economic Analytics","Cary","3.76","94.1","0","0","0","0","0","0","0","0","0","0","5.9","0","17","80091","  3"
"2025-26","Fall","AAEC","5025","Applied Microeconomics","Mills","3.93","77.8","22.2","0","0","0","0","0","0","0","0","0","0","0","9","80093","  3"
"2025-26","Fall","AAEC","5054","Strategic Agribusiness Mgmt","Dalton","4","100","0","0","0","0","0","0","0","0","0","0","0","0","9","80094","  3"
"2025-26","Fall","AAEC","5084","Contemporary Food Systems","Neill","3.61","81.8","9.1","0","0","0","0","0","0","0","0","0","9.1","0","11","80095","  3"
"2025-26","Fall","AAEC","5824","Adv Applied Economic Analytics","Chen","3.96","87.5","12.5","0","0","0","0","0","0","0","0","0","0","0","8","80099","  3"
"2025-26","Fall","AAEC","5946","Econometric Theory & Practice","Wang","4","100","0","0","0","0","0","0","0","0","0","0","0","0","8","80105","  3"
"2025-26","Fall","AAEC","6554","Panel Data Econometrics","Zhang","3.83","66.7","16.7","16.7","0","0","0","0","0","0","0","0","0","0","6","91407","  3"
"2025-26","Fall","AAEC","6984","SS: Empiric Mkts Policy","Bovay","3.81","57.1","28.6","14.3","0","0","0","0","0","0","0","0","0","0","7","92000","  3"
"2025-26","Fall","AAEC","6984","SS: Empiric Mkts Policy","Gupta","3.81","57.1","28.6","14.3","0","0","0","0","0","0","0","0","0","0","7","92000","  3"
"2025-26","Fall","ACIS","1004","Accounting Foundations","Lacoste","3.06","33.9","11.3","10.6","5.5","12.4","4.4","8.8","8","0","2.6","0","2.6","8","274","80140","  3"
"2025-26","Fall","ACIS","1504","Intro to Bus Analytics & BI","Sharp","3.32","33.5","15.6","18.6","11.4","6.6","6","4.2","1.8","1.8","0","0","0.6","1","167","80147","  3"
"2025-26","Fall","ACIS","1504","Intro to Bus Analytics & BI","Sharp","3.2","31.3","17.7","11.6","14.6","6.1","5.1","7.1","2","0.5","1","0","3","2","198","80146","  3"
"2025-26","Fall","ACIS","1504","Intro to Bus Analytics & BI","Sharp","3.29","24","23.1","14.7","16.9","7.6","7.6","4","0.9","0.4","0.9","0","0","1","225","80145","  3"
"2025-26","Fall","ACIS","1504","Intro to Bus Analytics & BI","Sharp","3.39","32.6","22.5","12.8","14.1","9.3","2.2","3.5","0.9","0.9","0.4","0.9","0","2","227","80143","  3"
"2025-26","Fall","ACIS","1504","Intro to Bus Analytics & BI","Sharp","3.49","34.5","26.2","13.5","13.1","6.6","2.2","3.5","0.4","0","0","0","0","2","229","80144","  3"
"2025-26","Fall","ACIS","1504","Intro to Bus Analytics & BI","Sharp","3.5","38.7","20","15.2","14.3","5.7","2.6","2.2","0.9","0.4","0","0","0","0","230","80142","  3"
"2025-26","Fall","ACIS","2024","Small Business Accounting","Lacoste","3.41","46.8","17","7.2","5.5","5.5","6","7.2","4.3","0","0","0","0.4","1","235","90938","  3"
"2025-26","Fall","ACIS","2115","Principles of Accounting","Boylan","3.29","46.1","11.1","9.3","9.3","6.1","4.3","5.7","2.5","0.7","1.8","0.4","2.9","4","280","80152","  3"
"2025-26","Fall","ACIS","2115","Principles of Accounting","Brassine","2.55","13.8","12.1","10.3","10.3","10.3","6.9","10.3","5.2","8.6","3.4","3.4","5.2","4","58","80148","  3"
"2025-26","Fall","ACIS","2115","Principles of Accounting","Brassine","2.74","16.4","11.5","14.8","14.8","9.8","6.6","4.9","3.3","6.6","6.6","1.6","3.3","3","61","80149","  3"
"2025-26","Fall","ACIS","2115","Principles of Accounting","Brassine","2.87","14.5","19.4","14.5","14.5","8.1","4.8","8.1","4.8","3.2","4.8","0","3.2","5","62","80150","  3"
"2025-26","Fall","ACIS","2115","Principles of Accounting","Brassine","3.17","27.3","12.1","18.2","12.1","9.1","3","13.6","4.5","0","0","0","0","4","66","80151","  3"
"2025-26","Fall","ACIS","2116","Principles of Accounting","Martin","3.13","35.4","8.3","14.6","10.4","6.3","4.2","12.5","4.2","2.1","0","0","2.1","6","48","80161","  3"
"2025-26","Fall","ACIS","2116","Principles of Accounting","Martin","2.64","9.8","11.8","11.8","23.5","3.9","3.9","15.7","5.9","5.9","2","2","3.9","7","51","90920","  3"
"2025-26","Fall","ACIS","2116","Principles of Accounting","Ferris","2.91","19.2","13.5","11.5","13.5","9.6","9.6","11.5","3.8","1.9","3.8","1.9","0","7","52","80164","  3"
"2025-26","Fall","ACIS","2116","Principles of Accounting","Hamilton","3.21","43.6","7.3","9.1","1.8","5.5","20","7.3","5.5","0","0","0","0","4","55","80154","  3"
"2025-26","Fall","ACIS","2116","Principles of Accounting","Martin","3.24","34.5","14.5","10.9","7.3","12.7","5.5","7.3","7.3","0","0","0","0","2","55","80156","  3"
"2025-26","Fall","ACIS","2116","Principles of Accounting","Martin","3.17","27.3","10.9","10.9","21.8","16.4","1.8","5.5","0","5.5","0","0","0","9","55","80162","  3"
"2025-26","Fall","ACIS","2116","Principles of Accounting","Ferris","3.36","46.6","10.3","13.8","5.2","6.9","5.2","6.9","1.7","0","1.7","1.7","0","2","58","80160","  3"
"2025-26","Fall","ACIS","2116","Principles of Accounting","Hamilton","3.4","51.7","6.9","12.1","10.3","5.2","6.9","0","1.7","0","1.7","3.4","0","2","58","80159","  3"
"2025-26","Fall","ACIS","2116","Principles of Accounting","Martin","3.13","37.9","8.6","12.1","12.1","3.4","6.9","10.3","0","3.4","3.4","0","1.7","8","58","80157","  3"
"2025-26","Fall","ACIS","2116","Principles of Accounting","Jones","3.36","50","3.3","18.3","8.3","3.3","3.3","5","3.3","3.3","0","1.7","0","1","60","80155","  3"
"2025-26","Fall","ACIS","2116","Principles of Accounting","Martin","3.31","47.5","6.6","9.8","9.8","8.2","3.3","8.2","1.6","1.6","3.3","0","0","5","61","80163","  3"
"2025-26","Fall","ACIS","2116","Principles of Accounting","Jones","3.15","39.1","9.4","12.5","9.4","1.6","3.1","9.4","10.9","3.1","1.6","0","0","3","64","91947","  3"
"2025-26","Fall","ACIS","2116","Principles of Accounting","Jones","3.37","43.9","13.6","15.2","7.6","4.5","3","7.6","1.5","0","0","1.5","1.5","3","66","80153","  3"
"2025-26","Fall","ACIS","2504","Intro to Accounting Analytics","Ferris","2.85","10.3","16.2","7.4","23.5","14.7","11.8","4.4","4.4","2.9","1.5","1.5","1.5","2","68","80167","  3"
"2025-26","Fall","ACIS","2504","Intro to Accounting Analytics","Ferris","2.96","11.5","17.9","16.7","20.5","11.5","10.3","5.1","0","1.3","0","0","5.1","0","78","80168","  3"
"2025-26","Fall","ACIS","2504","Intro to Accounting Analytics","Kogan","3.29","20.2","17.9","23.8","22.6","6","3.6","3.6","2.4","0","0","0","0","1","84","80166","  3"
"2025-26","Fall","ACIS","2504","Intro to Accounting Analytics","Kogan","3.3","19.8","25.6","19.8","19.8","3.5","4.7","0","5.8","1.2","0","0","0","0","86","80165","  3"
"2025-26","Fall","ACIS","3115","Intermediate Financial Acct.","Shortt","2.81","21.3","12.8","6.4","17","6.4","10.6","6.4","10.6","0","2.1","2.1","4.3","1","47","80171","  3"
"2025-26","Fall","ACIS","3115","Intermediate Financial Acct.","Boylan","2.97","37.5","6.3","10.4","8.3","2.1","6.3","8.3","16.7","0","0","0","4.2","0","48","80169","  3"
"2025-26","Fall","ACIS","3115","Intermediate Financial Acct.","Shortt","2.84","20.8","6.3","8.3","14.6","12.5","14.6","12.5","8.3","0","0","0","2.1","2","48","80170","  3"
"2025-26","Fall","ACIS","3116","Intermediate Financial Acct.","Gatzke","3.34","38.1","26.2","11.9","4.8","4.8","0","7.1","2.4","0","0","0","4.8","3","42","80172","  3"
"2025-26","Fall","ACIS","3116","Intermediate Financial Acct.","Gatzke","3.44","47.7","13.6","6.8","11.4","6.8","6.8","4.5","0","2.3","0","0","0","1","44","80173","  3"
"2025-26","Fall","ACIS","3116","Intermediate Financial Acct.","Boylan","3.33","45.7","10.9","10.9","6.5","8.7","6.5","6.5","2.2","0","0","0","2.2","0","46","91118","  3"
"2025-26","Fall","ACIS","3314","Tax Impact on Decisions","Huang","3.21","16.2","16.2","18.9","18.9","21.6","8.1","0","0","0","0","0","0","0","37","80176","  3"
"2025-26","Fall","ACIS","3314","Tax Impact on Decisions","Huang","3.11","10.3","23.1","15.4","17.9","12.8","15.4","5.1","0","0","0","0","0","0","39","80174","  3"
"2025-26","Fall","ACIS","3314","Tax Impact on Decisions","Huang","3.17","20.5","12.8","20.5","12.8","12.8","20.5","0","0","0","0","0","0","0","39","80175","  3"
"2025-26","Fall","ACIS","3504","Acct Sys and Controls","Wallace","2.89","20","12","4","12","28","8","4","8","0","0","0","4","3","25","80177","  3"
"2025-26","Fall","ACIS","3504","Acct Sys and Controls","Wallace","3.06","12.9","9.7","22.6","22.6","19.4","3.2","6.5","0","3.2","0","0","0","0","31","80178","  3"
"2025-26","Fall","ACIS","3504","Acct Sys and Controls","Wallace","2.91","21.9","0","18.8","21.9","9.4","9.4","9.4","6.3","0","0","0","3.1","0","32","80179","  3"
"2025-26","Fall","ACIS","4114","Advanced Financial Accounting","Garner","2.89","16.7","5.6","11.1","22.2","11.1","11.1","16.7","5.6","0","0","0","0","0","18","80181","  3"
"2025-26","Fall","ACIS","4114","Advanced Financial Accounting","Garner","3.48","33.3","23.8","14.3","19","4.8","0","4.8","0","0","0","0","0","1","21","90922","  3"
"2025-26","Fall","ACIS","4114","Advanced Financial Accounting","Garner","3","13","8.7","17.4","30.4","8.7","8.7","8.7","0","4.3","0","0","0","1","23","80180","  3"
"2025-26","Fall","ACIS","4124","Gov. & Nonprofit Accounting","Garner","2.93","21.1","10.5","21.1","10.5","5.3","5.3","10.5","5.3","5.3","5.3","0","0","0","19","80183","  3"
"2025-26","Fall","ACIS","4194","Analysis of Fin Statements","Lisic","3.48","46.9","10.2","20.4","14.3","0","0","2","4.1","0","0","2","0","2","49","80184","  3"
"2025-26","Fall","ACIS","4194","Analysis of Fin Statements","Lisic","3.5","44.9","10.2","6.1","32.7","2","2","2","0","0","0","0","0","1","49","80185","  3"
"2025-26","Fall","ACIS","4194","Analysis of Fin Statements","Lisic","3.6","50","24","2","10","8","4","2","0","0","0","0","0","0","50","80186","  3"
"2025-26","Fall","ACIS","4214","Cost Planning and Control","Martin","3.49","34","19.1","17","21.3","6.4","0","2.1","0","0","0","0","0","0","47","80188","  3"
"2025-26","Fall","ACIS","4214","Cost Planning and Control","Martin","3.55","39.6","16.7","25","10.4","4.2","4.2","0","0","0","0","0","0","0","48","91217","  3"
"2025-26","Fall","ACIS","4344","Tax for Financial Planners","Compton","3.13","35.3","0","17.6","23.5","0","5.9","11.8","0","0","5.9","0","0","0","17","80189","  3"
"2025-26","Fall","ACIS","4414","Financial Statement Auditing","Hillison","3.22","20.7","13.8","20.7","10.3","24.1","10.3","0","0","0","0","0","0","1","29","80192","  3"
"2025-26","Fall","ACIS","4414","Financial Statement Auditing","Hillison","3.06","12.1","21.2","18.2","21.2","9.1","6.1","6.1","3","0","0","0","3","0","33","80190","  3"
"2025-26","Fall","ACIS","4414","Financial Statement Auditing","Hillison","3.13","15.2","12.1","18.2","27.3","12.1","9.1","6.1","0","0","0","0","0","0","33","80191","  3"
"2025-26","Fall","ACIS","4444","Forensic Accounting","Rogers","2.84","0","25","25","8.3","8.3","0","16.7","16.7","0","0","0","0","0","12","80194","  3"
"2025-26","Fall","ACIS","4444","Forensic Accounting","Rogers","3.33","29.4","17.6","23.5","5.9","5.9","11.8","5.9","0","0","0","0","0","1","17","80193","  3"
"2025-26","Fall","ACIS","4654","Accounting Analytics","Shortt","3.06","11.4","14.3","14.3","22.9","25.7","2.9","2.9","5.7","0","0","0","0","0","35","80196","  3"
"2025-26","Fall","ACIS","4654","Accounting Analytics","Shortt","3.29","15.8","28.9","10.5","31.6","2.6","5.3","2.6","2.6","0","0","0","0","0","38","80195","  3"
"2025-26","Fall","ACIS","4684","IS Security and Assurance","Kogan","3.3","10","20","40","10","20","0","0","0","0","0","0","0","0","10","90924","  3"
"2025-26","Fall","ACIS","4684","IS Security and Assurance","Kogan","3.13","37.5","12.5","12.5","25","0","0","0","0","0","0","0","12.5","0","8","90923","  3"
"2025-26","Fall","ACIS","5104","Fundamentals of Accounting","Tan","3.36","34.6","19.2","15.4","7.7","7.7","7.7","3.8","3.8","0","0","0","0","0","26","80201","  3"
"2025-26","Fall","ACIS","5104","Fundamentals of Accounting","Hamilton","3.81","83","2.1","4.3","4.3","2.1","0","4.3","0","0","0","0","0","0","47","80199","  3"
"2025-26","Fall","ACIS","5104","Fundamentals of Accounting","Hamilton","3.71","71.4","8.2","4.1","6.1","2","6.1","2","0","0","0","0","0","0","49","90925","  3"
"2025-26","Fall","ACIS","5124","Govt & Nfp Acctg","Garner","3.83","72.2","11.1","11.1","5.6","0","0","0","0","0","0","0","0","0","18","80205","  3"
"2025-26","Fall","ACIS","5154","Financials and Controls","Bhattacharjee","3.51","42.9","0","28.6","28.6","0","0","0","0","0","0","0","0","0","7","80207","  3"
"2025-26","Fall","ACIS","5194","Financial Statement Analysis","Acito","3.66","41.7","16.7","41.7","0","0","0","0","0","0","0","0","0","0","12","80210","  3"
"2025-26","Fall","ACIS","5194","Financial Statement Analysis","Acito","3.69","40","30","25","5","0","0","0","0","0","0","0","0","0","20","80209","  3"
"2025-26","Fall","ACIS","5194","Financial Statement Analysis","Acito","3.8","64","12","24","0","0","0","0","0","0","0","0","0","0","25","80208","  3"
"2025-26","Fall","ACIS","5314","Tax Concepts and Research","Jones","3.9","85.7","4.8","4.8","4.8","0","0","0","0","0","0","0","0","0","21","80211","  3"
"2025-26","Fall","ACIS","5324","Taxation of Business Entities","Compton","3.81","66.7","16.7","8.3","8.3","0","0","0","0","0","0","0","0","0","12","80212","  3"
"2025-26","Fall","ACIS","5414","Adv. Financial Statement Audit","Stein","3.6","34.5","34.5","20.7","3.4","3.4","0","3.4","0","0","0","0","0","0","29","80213","  3"
"2025-26","Fall","ACIS","5414","Adv. Financial Statement Audit","Stein","3.68","30","50","16.7","0","0","3.3","0","0","0","0","0","0","0","30","80214","  3"
"2025-26","Fall","ACIS","5444","Forensic & Investigative Acctg","Rogers","3.25","9.1","27.3","9.1","36.4","18.2","0","0","0","0","0","0","0","0","11","80216","  3"
"2025-26","Fall","ACIS","5444","Forensic & Investigative Acctg","Rogers","3.49","23.8","33.3","14.3","19","9.5","0","0","0","0","0","0","0","0","21","80215","  3"
"2025-26","Fall","ACIS","5504","Sys/Database Concepts","Rashidi","3.69","62.5","19.6","5.4","8.9","0","0","0","0","0","1.8","0","1.8","0","56","80217","  3"
"2025-26","Fall","ACIS","5524","Adv Database Mgt Sys","Rashidi","3.69","57.1","14.3","14.3","7.1","7.1","0","0","0","0","0","0","0","0","14","80218","  3"
"2025-26","Fall","ACIS","5604","Accounting Fundamentals","Bhattacharjee","3.79","59.1","22.7","13.6","4.5","0","0","0","0","0","0","0","0","0","22","80219","  2"
"2025-26","Fall","ACIS","5654","Adv Accounting Analytics","Shortt","2.74","20","0","0","40","0","0","20","20","0","0","0","0","0","5","90856","  3"
"2025-26","Fall","ADS","5064","Foundations of Data Science","Schabenberger","3.86","53.6","46.4","0","0","0","0","0","0","0","0","0","0","0","28","91914","  3"
"2025-26","Fall","ADS","5984","SS: Data Science Bus Solutions","Mutchler","3.97","95","0","5","0","0","0","0","0","0","0","0","0","0","20","91913","  3"
"2025-26","Fall","ADV","2034","Visual Comm Strategies","Bennett","4","100","0","0","0","0","0","0","0","0","0","0","0","0","20","80232","  3"
"2025-26","Fall","ADV","2034","Visual Comm Strategies","Bennett","3.77","90","0","5","0","0","0","0","0","0","0","0","5","0","20","80233","  3"
"2025-26","Fall","ADV","2034","Visual Comm Strategies","Bennett","3.98","95","5","0","0","0","0","0","0","0","0","0","0","0","20","91033","  3"
"2025-26","Fall","ADV","2134","Intro to Health Communication","Holz","3.29","28.1","18.8","18.8","15.6","9.4","3.1","3.1","0","0","0","0","3.1","0","32","80235","  3"
"2025-26","Fall","ADV","2134","Intro to Health Communication","Holz","3.35","33.3","17.9","10.3","12.8","15.4","5.1","2.6","2.6","0","0","0","0","0","39","80234","  3"
"2025-26","Fall","ADV","3004","Ad Writing and Storytelling","Combs","3.57","26.3","36.8","15.8","21.1","0","0","0","0","0","0","0","0","0","19","80236","  3"
"2025-26","Fall","ADV","3014","Ad Planning & Media Buying","Combs","3.75","58.8","17.6","11.8","11.8","0","0","0","0","0","0","0","0","0","17","91030","  3"
"2025-26","Fall","ADV","3014","Ad Planning & Media Buying","Timofeev","3.95","94.7","0","0","5.3","0","0","0","0","0","0","0","0","0","19","80237","  3"
"2025-26","Fall","ADV","3024","Ad Ethics & Soc Responsibility","Combs","3.6","45.5","21.2","3","27.3","3","0","0","0","0","0","0","0","0","33","80238","  3"
"2025-26","Fall","ADV","4324","Health Comm Campaigns","Deuyour","3.39","27.8","27.8","16.7","11.1","5.6","0","11.1","0","0","0","0","0","0","18","91032","  3"
"2025-26","Fall","ADV","5554","Health Communication Campaigns","Deuyour","3.69","42.9","42.9","0","0","14.3","0","0","0","0","0","0","0","0","7","91609","  3"
"2025-26","Fall","AFST","1714","Intro African American Studies","Spivey","3.92","80","16.7","0","3.3","0","0","0","0","0","0","0","0","0","30","80240","  3"
"2025-26","Fall","AFST","1714","Intro African American Studies","Spivey","3.91","79.5","12.3","8.2","0","0","0","0","0","0","0","0","0","1","73","80239","  3"
"2025-26","Fall","AFST","1714","Intro African American Studies","Seniors","3.38","30.3","23.2","14.1","18.2","8.1","1","2","0","0","1","0","2","0","99","80241","  3"
"2025-26","Fall","AFST","1814","Intro to African Studies","Polanah","3.63","58.1","12.9","12.9","9.7","3.2","0","0","0","0","0","3.2","0","1","31","80243","  3"
"2025-26","Fall","AFST","1814","Intro to African Studies","Grace","3.84","66.7","23.1","7.7","0","2.6","0","0","0","0","0","0","0","0","39","80244","  3"
"2025-26","Fall","AFST","2204","Race & Gender in Rel & Cult","Nurani","3.51","14.3","28.6","57.1","0","0","0","0","0","0","0","0","0","0","7","80245","  3"
"2025-26","Fall","AFST","2276","African-American History","Halpin","2.89","22.2","0","22.2","22.2","22.2","0","0","0","0","0","0","11.1","0","9","91200","  3"
"2025-26","Fall","AFST","2774","Black Aesthetics","Harrison","3.2","42.9","14.3","0","14.3","0","0","14.3","14.3","0","0","0","0","0","7","80246","  3"
"2025-26","Fall","AFST","4354","Topics in Africana Studies","Polanah","4","100","0","0","0","0","0","0","0","0","0","0","0","0","10","80248","  3"
"2025-26","Fall","AHRM","1014","Design and Art for Consumers","Walsh","3.68","72.1","11.9","2","3.4","3.4","2","1","1.4","0.3","0","0.3","2","8","294","80256","  3"
"2025-26","Fall","AHRM","1014","Design and Art for Consumers","Walsh","3.95","88.1","8.5","1.7","1.7","0","0","0","0","0","0","0","0","0","59","80255","  3"
"2025-26","Fall","AHRM","1104","Intro AHRM Student Resources","Gawrys","3.1","38.7","9.7","4.8","14.5","12.9","4.8","3.2","3.2","0","1.6","0","6.5","0","62","80257","  1"
"2025-26","Fall","AHRM","2014","Design for Consumers Studio","Illahe","3.86","71.4","14.3","14.3","0","0","0","0","0","0","0","0","0","0","7","91037","  3"
"2025-26","Fall","AHRM","2404","Consumer Rights","Fisher","3.25","36.4","16.4","13.6","14.5","4.5","0","7.3","0.9","0.9","0.9","0","4.5","1","110","80258","  3"
"2025-26","Fall","AINS","1104","Intro American Indian Studies","Cook","3.81","88.6","1.4","1.4","5.7","0","0","0","0","0","0","0","2.9","1","70","80261","  3"
"2025-26","Fall","AINS","2414","Identity & Inclusion in Agric","Sanders","3.38","75","0","0","12.5","0","0","0","0","0","0","0","12.5","0","8","80263","  3"
"2025-26","Fall","AIS","4994","Undergraduate Research","Clinton","4","100","0","0","0","0","0","0","0","0","0","0","0","0","9","80274","  3"
"2025-26","Fall","ALCE","2414","Identity & Inclusion in Agric","Sanders","3.3","50","0","0","30","0","10","0","10","0","0","0","0","0","10","80276","  3"
"2025-26","Fall","ALCE","2414","Identity & Inclusion in Agric","Westfall-Rudd","3.88","92","0","4","0","0","0","0","4","0","0","0","0","0","25","80275","  3"
"2025-26","Fall","ALCE","2484","Engine & Power Train Tech","Mariger","3.69","56.5","26.1","4.3","0","4.3","8.7","0","0","0","0","0","0","0","23","80278","  3"
"2025-26","Fall","ALCE","2484","Engine & Power Train Tech","Mariger","3.75","45.8","37.5","8.3","8.3","0","0","0","0","0","0","0","0","0","24","80277","  3"
"2025-26","Fall","ALCE","3494","Advanced Welding Technology","Mariger","4","100","0","0","0","0","0","0","0","0","0","0","0","0","11","80284","  1"
"2025-26","Fall","ALCE","3494","Advanced Welding Technology","Mariger","4","100","0","0","0","0","0","0","0","0","0","0","0","0","15","80283","  1"
"2025-26","Fall","ALCE","3624","Comm Ag & Life Sci in Writing","Greaud","3.79","78.6","0","10.7","7.1","0","3.6","0","0","0","0","0","0","1","28","80286","  3"
"2025-26","Fall","ALCE","3624","Comm Ag & Life Sci in Writing","Greaud","3.81","86.2","0","3.4","6.9","0","0","0","0","3.4","0","0","0","0","29","80285","  3"
"2025-26","Fall","ALCE","3634","Comm Ag & Life Sci in Speaking","Rateau","3.61","61.5","0","23.1","7.7","0","0","7.7","0","0","0","0","0","0","13","80289","  3"
"2025-26","Fall","ALCE","3634","Comm Ag & Life Sci in Speaking","Harris","3.85","85","0","0","15","0","0","0","0","0","0","0","0","0","20","80287","  3"
"2025-26","Fall","ALCE","3634","Comm Ag & Life Sci in Speaking","McCain","3.83","90","0","0","7.5","0","0","0","0","0","0","0","2.5","0","40","80288","  3"
"2025-26","Fall","ALCE","4014","Intro to Cooperative Extension","Nayak","3.08","30.8","15.4","23.1","7.7","7.7","0","0","0","0","7.7","0","7.7","0","13","80292","  3"
"2025-26","Fall","ALCE","4034","Meth of Planning Ed Prog in Ag","Milliken","3.21","50","11.1","11.1","5.6","5.6","0","5.6","0","0","0","0","11.1","0","18","80293","  3"
"2025-26","Fall","ALCE","4044","Agricultural Sciences Seminar","Friedel","3.86","85.7","0","0","14.3","0","0","0","0","0","0","0","0","0","7","91856","  3"
"2025-26","Fall","ALCE","4304","Community Edu & Development","Niewolny","3.79","54.5","27.3","18.2","0","0","0","0","0","0","0","0","0","0","11","91992","  3"
"2025-26","Fall","ALCE","4884","Youth Program Management","Milliken","3.68","75","4.5","4.5","4.5","2.3","2.3","4.5","0","0","2.3","0","0","0","44","80296","  3"
"2025-26","Fall","ALCE","4994","Undergraduate Research","McCain","4","100","0","0","0","0","0","0","0","0","0","0","0","0","5","80300","  3"
"2025-26","Fall","ALCE","4994","Undergraduate Research","Milliken","4","100","0","0","0","0","0","0","0","0","0","0","0","0","5","80300","  3"
"2025-26","Fall","ALCE","4994","Undergraduate Research","Westfall-Rudd","4","100","0","0","0","0","0","0","0","0","0","0","0","0","5","80300","  3"
"2025-26","Fall","ALCE","5044","Program & Curr Design in ALCE","Milliken","3.88","83.3","0","16.7","0","0","0","0","0","0","0","0","0","0","6","80301","  3"
"2025-26","Fall","ALCE","5044","Program & Curr Design in ALCE","Scherer","3.88","83.3","0","16.7","0","0","0","0","0","0","0","0","0","0","6","80301","  3"
"2025-26","Fall","ALCE","5044","Program & Curr Design in ALCE","Westfall-Rudd","3.88","83.3","0","16.7","0","0","0","0","0","0","0","0","0","0","6","80301","  3"
"2025-26","Fall","ALCE","5074","Foundations of ALCE","Rudd","3.97","91.7","8.3","0","0","0","0","0","0","0","0","0","0","0","12","80303","  3"
"2025-26","Fall","ALCE","5074","Foundations of ALCE","Rudd","4","100","0","0","0","0","0","0","0","0","0","0","0","0","8","80302","  3"
"2025-26","Fall","ALCE","5104","Research Applications in ALCE","McCain","3.8","80","0","0","20","0","0","0","0","0","0","0","0","0","5","92046","  3"
"2025-26","Fall","ALCE","5204","Eval Extension & Outreach Prog","Drape","3.88","87.5","0","0","12.5","0","0","0","0","0","0","0","0","0","8","80305","  3"
"2025-26","Fall","ALCE","5304","Adv Community Ed & Development","Niewolny","3.78","66.7","16.7","0","16.7","0","0","0","0","0","0","0","0","0","6","91828","  3"
"2025-26","Fall","ALCE","5704","Sys Thinking Pedagogy Praxis","Scherer","4","100","0","0","0","0","0","0","0","0","0","0","0","0","6","80308","  3"
"2025-26","Fall","ALCE","5814","Topics in Ag Leader & Commu Ed","Parrella","3.75","75","0","12.5","0","12.5","0","0","0","0","0","0","0","0","8","80309","  1"
"2025-26","Fall","ALCE","6415","Intro to Grad Teach Scholar","Rutherford","4","100","0","0","0","0","0","0","0","0","0","0","0","0","5","80333","  2"
"2025-26","Fall","ALCE","6425","University Teaching Develop","Westfall-Rudd","4","100","0","0","0","0","0","0","0","0","0","0","0","0","9","91832","  2"
"2025-26","Fall","ALS","1004","Ag, Arts and Society","Sumner","3.71","84","0","0","9.4","0","0","2.8","0","0","1.4","0","2.3","2","213","80337","  1"
"2025-26","Fall","ALS","1024","Digitized Agriculture","Sumner","3.77","88.6","0","0","4.5","0","0","2.3","0","0","3.8","0","0.8","1","132","80338","  1"
"2025-26","Fall","ALS","1034","The Aesthetics of Food","Sumner","3.91","95.4","0","0","2.3","0","0","1.2","0","0","0.3","0","0.9","0","347","80339","  1"
"2025-26","Fall","ALS","1234","CALS First Year Seminar","Beatty","3.73","72.7","0","0","27.3","0","0","0","0","0","0","0","0","0","11","80344","  1"
"2025-26","Fall","ALS","1234","CALS First Year Seminar","Beatty","3.91","90.9","0","0","9.1","0","0","0","0","0","0","0","0","0","22","80341","  1"
"2025-26","Fall","ALS","1234","CALS First Year Seminar","Adams","3.82","84","4","0","8","0","0","0","4","0","0","0","0","0","25","80343","  1"
"2025-26","Fall","ALS","1234","CALS First Year Seminar","White","3.82","84","4","0","8","0","0","0","4","0","0","0","0","0","25","80343","  1"
"2025-26","Fall","ALS","1234","CALS First Year Seminar","Adams","3.81","76.7","10","6.7","3.3","0","0","0","3.3","0","0","0","0","0","30","80345","  1"
"2025-26","Fall","ALS","1234","CALS First Year Seminar","White","3.81","76.7","10","6.7","3.3","0","0","0","3.3","0","0","0","0","0","30","80345","  1"
"2025-26","Fall","ALS","1234","CALS First Year Seminar","Bruce","3.81","81.3","0","12.5","0","3.1","0","3.1","0","0","0","0","0","0","32","80342","  1"
"2025-26","Fall","ALS","1234","CALS First Year Seminar","Westfall-Rudd","3.78","90.6","0","0","0","0","0","6.3","0","0","3.1","0","0","0","32","80340","  1"
"2025-26","Fall","ALS","2204","Sustainable Food Systems","Kelinsky-Jones","3.83","82.4","5.9","0","0","11.8","0","0","0","0","0","0","0","0","17","80346","  3"
"2025-26","Fall","ALS","2304","Animal Physiology and Anatomy","Helm","3.59","43.5","26.1","8.7","4.3","17.4","0","0","0","0","0","0","0","0","23","80348","  4"
"2025-26","Fall","ALS","2304","Animal Physiology and Anatomy","Helm","3.19","17.4","21.7","17.4","13","13","8.7","8.7","0","0","0","0","0","1","23","80349","  4"
"2025-26","Fall","ALS","2304","Animal Physiology and Anatomy","Helm","3.07","20.8","16.7","12.5","20.8","4.2","8.3","8.3","4.2","0","4.2","0","0","0","24","80347","  4"
"2025-26","Fall","ALS","2304","Animal Physiology and Anatomy","Helm","3.41","45.8","16.7","0","20.8","4.2","0","4.2","8.3","0","0","0","0","0","24","80352","  4"
"2025-26","Fall","ALS","2304","Animal Physiology and Anatomy","Helm","3.26","30.8","15.4","19.2","7.7","7.7","3.8","11.5","3.8","0","0","0","0","0","26","80350","  4"
"2025-26","Fall","ALS","2504","Animals in Society","Bergamasco","3.39","40.8","10.2","12.2","16.3","10.2","2","8.2","0","0","0","0","0","0","49","80353","  3"
"2025-26","Fall","ALS","3104","Animal Breeding and Genetics","Cockrum","3.29","21.2","26.5","16.8","17.7","6.2","3.5","4.4","0","0.9","1.8","0.9","0","1","113","80357","  3"
"2025-26","Fall","ALS","3204","Animal Nutrition and Feeding","da Silva Marques","3.51","36.1","25.2","19.3","10.9","3.4","0","1.7","0.8","0.8","0.8","0.8","0","1","119","80358","  3"
"2025-26","Fall","ALS","3304","Physiology of Reproduction","Rhoads","2.72","23.1","0","12.2","20.4","0","10.2","20.4","0","4.8","7.5","0","1.4","8","147","80359","  3"
"2025-26","Fall","ALS","3404","Ecological Agriculture","Jernigan","3.43","52.4","4.8","9.5","14.3","4.8","4.8","4.8","4.8","0","0","0","0","0","21","80360","  3"
"2025-26","Fall","ALS","5134","Comm Based App Qual Inquiry","Crowder","3.64","50","22.2","0","22.2","5.6","0","0","0","0","0","0","0","0","18","80396","  3"
"2025-26","Fall","ALS","5204","Resr & Info Sys Life Sciences","Schuerch","3.96","93.8","0","6.3","0","0","0","0","0","0","0","0","0","0","16","80397","  3"
"2025-26","Fall","ALS","5224","Intro to Genomic Data Science","Haak","3.98","93.8","6.3","0","0","0","0","0","0","0","0","0","0","0","16","80398","  3"
"2025-26","Fall","ALS","5224","Intro to Genomic Data Science","Li","3.98","93.8","6.3","0","0","0","0","0","0","0","0","0","0","0","16","80398","  3"
"2025-26","Fall","ALS","5234","Adv Concepts Comm Food Systems","Carper","3.8","76","0","12","12","0","0","0","0","0","0","0","0","0","25","80399","  3"
"2025-26","Fall","ALS","5984","SS: Leadership in ALS","Snyder","3.97","95.5","2.3","0","2.3","0","0","0","0","0","0","0","0","0","44","92273","  3"
"2025-26","Fall","AOE","2014","Statics & Mech of Materials","Saha","3.51","51.4","13.7","9.7","10.9","4.6","2.9","4","1.7","0","0","0.6","0.6","0","175","92202","  3"
"2025-26","Fall","AOE","2024","Thin-Walled Structures","Gilbert","2.89","11.5","15.4","11.5","20.2","13.5","7.7","10.6","3.8","2.9","1.9","0","1","7","104","80408","  3"
"2025-26","Fall","AOE","2024","Thin-Walled Structures","Gilbert","2.78","0","33.3","0","0","16.7","33.3","16.7","0","0","0","0","0","0","6","92754","  3"
"2025-26","Fall","AOE","2054","Electronics for AOE","Shinpaugh","3.45","35.7","23.3","16.3","10.1","7","2.3","3.1","0.8","0","0.8","0","0.8","0","129","80424","  3"
"2025-26","Fall","AOE","2054","Electronics for AOE","Shinpaugh","3.53","41.7","24.2","14.4","9.8","6.1","0","0","0","1.5","1.5","0","0.8","1","132","80412","  3"
"2025-26","Fall","AOE","2074","Computational Methods","Atkins","3.1","18.5","21.7","13.4","19.1","8.3","5.7","5.1","2.5","1.9","0.6","1.3","1.9","5","157","80426","  2"
"2025-26","Fall","AOE","2104","Intro Aerospace Engr & Perform","Seidel","3.46","35.5","21.5","14.5","17.4","5.2","3.5","1.2","0","0","0","0","1.2","2","172","80427","  3"
"2025-26","Fall","AOE","2204","Intro to Ocean Engineering","Coutier-Delgosha","3.24","24.4","29.3","4.9","17.1","7.3","7.3","7.3","0","0","0","0","2.4","0","41","80428","  3"
"2025-26","Fall","AOE","2974","Independent Study","Artis","4","100","0","0","0","0","0","0","0","0","0","0","0","0","8","80430","  1"
"2025-26","Fall","AOE","2974","Independent Study","Shinpaugh","4","100","0","0","0","0","0","0","0","0","0","0","0","0","8","80434","  1"
"2025-26","Fall","AOE","2994","Undergraduate Research","Coutier-Delgosha","4","100","0","0","0","0","0","0","0","0","0","0","0","0","8","80447","  1"
"2025-26","Fall","AOE","3014","Fluid Dynamics for AOE","Jaworski","3.4","25","23.2","17","24.1","6.3","1.8","1.8","0.9","0","0","0","0","0","112","80460","  3"
"2025-26","Fall","AOE","3014","Fluid Dynamics for AOE","Davoudi","3.1","17.2","14.1","14.1","23.2","10.1","15.2","3","2","1","0","0","0","1","99","80459","  3"
"2025-26","Fall","AOE","3034","System Dynamics and Control","Psiaki","2.53","10.4","8","6.6","15.1","15.6","9.9","13.7","7.1","3.8","4.7","1.9","3.3","1","212","80461","  3"
"2025-26","Fall","AOE","3054","Experimental Methods","Borgoltz","3.3","40","13.3","16.7","16.7","3.3","0","3.3","0","0","0","0","6.7","0","30","80465","  3"
"2025-26","Fall","AOE","3114","Aerodynamics & Compressibility","Joseph","3.18","15.2","36.4","12.1","12.1","6.1","9.1","3","0","0","3","0","3","0","33","80466","  3"
"2025-26","Fall","AOE","3124","Aerospace Structures","Kapania","3.18","15.6","18.2","22.1","18.2","7.8","11.7","6.5","0","0","0","0","0","0","77","80467","  3"
"2025-26","Fall","AOE","3124","Aerospace Structures","Fu","3.77","65","16.3","10","6.3","0","0","2.5","0","0","0","0","0","0","80","80468","  3"
"2025-26","Fall","AOE","3154","Astromechanics","Fitzgerald","3.16","18.3","19.2","20.2","14.4","12.5","4.8","5.8","1.9","1","0","1","1","0","104","80470","  3"
"2025-26","Fall","AOE","3154","Astromechanics","England","2.97","14.3","7.6","23.8","18.1","15.2","5.7","4.8","5.7","2.9","1.9","0","0","1","105","80469","  3"
"2025-26","Fall","AOE","3164","Aerothermo and Propulsion","Sharma Priyadarshini","3.79","57.1","31.4","5.7","0","5.7","0","0","0","0","0","0","0","0","35","80471","  3"
"2025-26","Fall","AOE","3214","Ocean Wave Mechanics","Gilbert","3.01","32.1","3.6","14.3","21.4","10.7","0","7.1","0","3.6","0","0","7.1","0","28","80472","  3"
"2025-26","Fall","AOE","3354","Avionics Systems","Artis","3.27","22.7","22.7","9.1","22.7","13.6","0","4.5","4.5","0","0","0","0","2","22","80474","  3"
"2025-26","Fall","AOE","3564","Principles of Proj Dsgn & Mgmt","Grossmann","3.75","57.6","27.3","6.1","6.1","0","0","3","0","0","0","0","0","0","33","80475","  3"
"2025-26","Fall","AOE","3564","Principles of Proj Dsgn & Mgmt","Raj","3.75","57.6","27.3","6.1","6.1","0","0","3","0","0","0","0","0","0","33","80475","  3"
"2025-26","Fall","AOE","4004","State-Space Control","Farhood","3.42","44.7","10.5","15.8","5.3","13.2","7.9","0","0","0","2.6","0","0","0","38","80476","  3"
"2025-26","Fall","AOE","4024","Intro Finite Elements","Seidel","3.37","43.8","6.3","12.5","18.8","0","12.5","6.3","0","0","0","0","0","2","16","80477","  3"
"2025-26","Fall","AOE","4065","Air Vehicle Design","Sarojini","3.76","71.4","10.2","8.2","5.1","2","2","0","0","0","0","0","1","0","98","80478","  3"
"2025-26","Fall","AOE","4105","Experiments for AE Design","Davoudi","3.91","80","13.3","6.7","0","0","0","0","0","0","0","0","0","0","15","80479","  1"
"2025-26","Fall","AOE","4105","Experiments for AE Design","Davoudi","3.97","88.9","11.1","0","0","0","0","0","0","0","0","0","0","0","18","80486","  1"
"2025-26","Fall","AOE","4105","Experiments for AE Design","Davoudi","3.94","78.9","21.1","0","0","0","0","0","0","0","0","0","0","0","19","80485","  1"
"2025-26","Fall","AOE","4105","Experiments for AE Design","Davoudi","3.95","90","5","5","0","0","0","0","0","0","0","0","0","0","20","80480","  1"
"2025-26","Fall","AOE","4105","Experiments for AE Design","Davoudi","3.85","90","0","5","0","0","0","0","5","0","0","0","0","0","20","80484","  1"
"2025-26","Fall","AOE","4105","Experiments for AE Design","Davoudi","3.83","75","15","5","0","0","5","0","0","0","0","0","0","0","20","80488","  1"
"2025-26","Fall","AOE","4105","Experiments for AE Design","Davoudi","3.76","66.7","9.5","14.3","4.8","4.8","0","0","0","0","0","0","0","0","21","80490","  1"
"2025-26","Fall","AOE","4105","Experiments for AE Design","Davoudi","3.87","77.3","18.2","0","0","0","4.5","0","0","0","0","0","0","0","22","80481","  1"
"2025-26","Fall","AOE","4105","Experiments for AE Design","Davoudi","3.58","68.2","13.6","4.5","0","0","4.5","4.5","0","0","0","0","4.5","0","22","80482","  1"
"2025-26","Fall","AOE","4105","Experiments for AE Design","Davoudi","3.66","68.2","4.5","13.6","4.5","0","4.5","0","4.5","0","0","0","0","0","22","80483","  1"
"2025-26","Fall","AOE","4124","Configuration Aerodynamics","Massa","3.8","86.7","0","0","6.7","0","0","6.7","0","0","0","0","0","0","30","80491","  3"
"2025-26","Fall","AOE","4165","Space Vehicle Design","Shinpaugh","3.38","15.4","29.8","33.7","10.6","3.8","1.9","1.9","2.9","0","0","0","0","0","104","80492","  3"
"2025-26","Fall","AOE","4205","Exper for Ocean Vehicle Design","Alexander","3.56","30","20","40","10","0","0","0","0","0","0","0","0","0","10","80493","  1"
"2025-26","Fall","AOE","4205","Exper for Ocean Vehicle Design","Alexander","3.24","20","20","10","40","0","0","0","10","0","0","0","0","0","10","80495","  1"
"2025-26","Fall","AOE","4234","Aerospace Propulsion Systems","Gonzales","3.31","24.1","17.2","31","6.9","10.3","3.4","3.4","0","3.4","0","0","0","1","29","92180","  3"
"2025-26","Fall","AOE","4264","Principles Naval Engineering","Brown","3.24","28.6","9.5","23.8","9.5","14.3","0","14.3","0","0","0","0","0","1","21","80497","  3"
"2025-26","Fall","AOE","4265","Ocean Vehicle Design","Brizzolara","3.97","95","0","5","0","0","0","0","0","0","0","0","0","0","20","80499","  3"
"2025-26","Fall","AOE","4414","Comp Aided Space Msn Analysis","Denby","3.5","45.5","18.2","18.2","9.1","0","0","4.5","0","0","4.5","0","0","2","22","80501","  3"
"2025-26","Fall","AOE","4434","Intro Comp Fluid Dynamics","Roy","2.7","35.7","14.3","0","7.1","7.1","7.1","0","7.1","0","0","7.1","14.3","7","14","80502","  3"
"2025-26","Fall","AOE","4474","Propellers and Turbines","Coutier-Delgosha","3.3","26.7","24.4","17.8","6.7","6.7","13.3","2.2","0","0","0","2.2","0","1","45","80503","  3"
"2025-26","Fall","AOE","4514","Nonlinear Dynamics and Chaos","Ross","3.92","82.1","14.3","0","3.6","0","0","0","0","0","0","0","0","0","28","90941","  3"
"2025-26","Fall","AOE","4624","Aero and Hydroacoustics","Alexander","3.31","46.7","0","20","20","6.7","0","0","0","0","0","0","6.7","0","15","80504","  3"
"2025-26","Fall","AOE","4654","Space Weather","Baker","2.48","22.2","0","5.6","5.6","5.6","27.8","5.6","16.7","0","5.6","0","5.6","0","18","80505","  3"
"2025-26","Fall","AOE","4814","Special Topics in Propulsion","Lowe","3.93","81.5","13.8","4.6","0","0","0","0","0","0","0","0","0","0","65","80506","  3"
"2025-26","Fall","AOE","4864","Special Topics in Space Engr","England","3.32","15.2","26.1","21.7","19.6","10.9","6.5","0","0","0","0","0","0","0","46","90939","  3"
"2025-26","Fall","AOE","4974","Independent Study","Artis","4","100","0","0","0","0","0","0","0","0","0","0","0","0","16","80510","  1"
"2025-26","Fall","AOE","4974","Independent Study","Shinpaugh","4","100","0","0","0","0","0","0","0","0","0","0","0","0","41","80515","  1"
"2025-26","Fall","AOE","4974","Independent Study","Intaratep","4","100","0","0","0","0","0","0","0","0","0","0","0","0","6","80512","  1"
"2025-26","Fall","AOE","4974","Independent Study","Schroeder","4","100","0","0","0","0","0","0","0","0","0","0","0","1","6","80513","  3"
"2025-26","Fall","AOE","4974","Independent Study","Shinpaugh","4","100","0","0","0","0","0","0","0","0","0","0","0","0","8","80507","  3"
"2025-26","Fall","AOE","4994","Undergraduate Research","Schroeder","4","100","0","0","0","0","0","0","0","0","0","0","0","0","12","80522","  2"
"2025-26","Fall","AOE","4994","Undergraduate Research","Coutier-Delgosha","4","100","0","0","0","0","0","0","0","0","0","0","0","0","17","80524","  1"
"2025-26","Fall","AOE","4994","Undergraduate Research","Gilbert","3.94","80","20","0","0","0","0","0","0","0","0","0","0","0","5","80532","  3"
"2025-26","Fall","AOE","4994","Undergraduate Research","Joseph","4","100","0","0","0","0","0","0","0","0","0","0","0","0","5","80538","  3"
"2025-26","Fall","AOE","4994","Undergraduate Research","Devenport","3.78","50","33.3","16.7","0","0","0","0","0","0","0","0","0","0","6","80544","  3"
"2025-26","Fall","AOE","4994","Undergraduate Research","Woolsey","4","100","0","0","0","0","0","0","0","0","0","0","0","0","6","80533","  1"
"2025-26","Fall","AOE","4994","Undergraduate Research","Seidel","4","100","0","0","0","0","0","0","0","0","0","0","0","0","7","80556","  1"
"2025-26","Fall","AOE","5024","Vehicle Structures","Kapania","3.54","45.2","19","16.7","7.1","7.1","0","2.4","0","0","2.4","0","0","0","42","80567","  3"
"2025-26","Fall","AOE","5024","Vehicle Structures","Kapania","3.46","20","20","40","20","0","0","0","0","0","0","0","0","0","5","80568","  3"
"2025-26","Fall","AOE","5034","Mechanical & Struct Dynamics","Philen","3.88","60","40","0","0","0","0","0","0","0","0","0","0","0","10","92117","  3"
"2025-26","Fall","AOE","5104","Adv Aero Hydrody","Jaworski","3.46","37.5","12.5","12.5","25","12.5","0","0","0","0","0","0","0","0","16","80574","  3"
"2025-26","Fall","AOE","5104","Adv Aero Hydrody","Jaworski","3.68","48.2","25","10.7","14.3","1.8","0","0","0","0","0","0","0","0","56","80573","  3"
"2025-26","Fall","AOE","5124","Aero and Hydroacoustics","Devenport","3.63","50","8.3","25","16.7","0","0","0","0","0","0","0","0","0","12","91180","  3"
"2025-26","Fall","AOE","5154","Data Analysis in Fluid Dyn","Lowe","3.91","78.6","14.3","7.1","0","0","0","0","0","0","0","0","0","0","14","80576","  3"
"2025-26","Fall","AOE","5154","Data Analysis in Fluid Dyn","Lowe","3.9","78.9","15.8","0","5.3","0","0","0","0","0","0","0","0","0","19","80575","  3"
"2025-26","Fall","AOE","5164","Fluid-Structure Interaction","Wang","3.57","22.2","44.4","11.1","22.2","0","0","0","0","0","0","0","0","0","18","80577","  3"
"2025-26","Fall","AOE","5164","Fluid-Structure Interaction","Wang","3.49","33.3","22.2","0","44.4","0","0","0","0","0","0","0","0","0","9","80578","  3"
"2025-26","Fall","AOE","5204","Vehicle Dynamics and Control","Sultan","3.8","69.6","13","4.3","13","0","0","0","0","0","0","0","0","0","23","80582","  3"
"2025-26","Fall","AOE","5204","Vehicle Dynamics and Control","Sultan","3.77","65.9","13.6","6.8","11.4","2.3","0","0","0","0","0","0","0","0","44","80581","  3"
"2025-26","Fall","AOE","5304","Advanced Naval Architecture","Brizzolara","3.94","80","20","0","0","0","0","0","0","0","0","0","0","0","10","92033","  3"
"2025-26","Fall","AOE","5434","Adv Intro Comp Fluid Dynamics","Roy","3.66","45.5","27.3","13.6","4.5","9.1","0","0","0","0","0","0","0","0","22","80587","  3"
"2025-26","Fall","AOE","5434","Adv Intro Comp Fluid Dynamics","Roy","3.8","80","0","0","20","0","0","0","0","0","0","0","0","0","5","80588","  3"
"2025-26","Fall","AOE","5654","Intro to Space Science I","Baker","3.31","23.1","15.4","23.1","19.2","11.5","3.8","3.8","0","0","0","0","0","0","26","80589","  3"
"2025-26","Fall","AOE","5744","Linear Systems Theory","Boker","3.68","16.7","66.7","16.7","0","0","0","0","0","0","0","0","0","0","6","80591","  3"
"2025-26","Fall","AOE","5754","Applied Linear Systems","Southward","3.92","75","25","0","0","0","0","0","0","0","0","0","0","0","20","80593","  3"
"2025-26","Fall","AOE","5754","Applied Linear Systems","Southward","3.78","50","33.3","16.7","0","0","0","0","0","0","0","0","0","0","6","80594","  3"
"2025-26","Fall","AOE","5774","Nonlinear Systems Theory","Woolsey","4","100","0","0","0","0","0","0","0","0","0","0","0","0","5","80596","  3"
"2025-26","Fall","AOE","5774","Nonlinear Systems Theory","Woolsey","4","100","0","0","0","0","0","0","0","0","0","0","0","0","9","80595","  3"
"2025-26","Fall","AOE","6234","Advanced Orbital Mechanics","Fitzgerald","3.85","72.7","18.2","0","9.1","0","0","0","0","0","0","0","0","0","11","80712","  3"
"2025-26","Fall","AOE","6234","Advanced Orbital Mechanics","Fitzgerald","3.9","85.7","0","14.3","0","0","0","0","0","0","0","0","0","0","7","80713","  3"
"2025-26","Fall","APS","1704","Intro to Appalachian Studies","Plummer","3.91","81.5","14.8","0","0","3.7","0","0","0","0","0","0","0","0","27","91269","  3"
"2025-26","Fall","APS","1704","Intro to Appalachian Studies","Higgs","3.8","90","0","0","6.7","0","0","0","0","0","0","0","3.3","0","30","91267","  3"
"2025-26","Fall","APS","1704","Intro to Appalachian Studies","McDaniel","3.42","15.6","31.3","21.9","28.1","0","3.1","0","0","0","0","0","0","1","32","80788","  3"
"2025-26","Fall","APS","1704","Intro to Appalachian Studies","McDaniel","3.12","12.1","36.4","27.3","12.1","0","0","0","0","0","3","0","9.1","3","33","80785","  3"
"2025-26","Fall","APS","1704","Intro to Appalachian Studies","Salmons","3.7","66.7","6.1","21.2","0","3","0","0","0","0","3","0","0","0","33","80786","  3"
"2025-26","Fall","APS","1704","Intro to Appalachian Studies","McDaniel","3.29","10","20","40","22.5","0","2.5","5","0","0","0","0","0","1","40","80784","  3"
"2025-26","Fall","APS","2404","Folk Cultures in Appalachia","Plummer","3.81","87.5","6.3","0","0","0","0","0","0","6.3","0","0","0","0","16","91858","  3"
"2025-26","Fall","APS","2404","Folk Cultures in Appalachia","Christensen","3.39","21.4","25","28.6","17.9","3.6","0","0","0","0","3.6","0","0","1","28","91303","  3"
"2025-26","Fall","APS","3124","Societal Health","Hester","3.55","15.4","61.5","7.7","7.7","0","7.7","0","0","0","0","0","0","0","13","92023","  3"
"2025-26","Fall","APS","3124","Societal Health","Satterwhite","3.55","15.4","61.5","7.7","7.7","0","7.7","0","0","0","0","0","0","0","13","92023","  3"
"2025-26","Fall","APSC","1454","Intro Animal & Poultry Science","Helm","3.28","36.6","14.6","10.4","12.8","8.5","7.3","4.9","1.8","0.6","1.8","0","0.6","0","164","80799","  3"
"2025-26","Fall","APSC","1464","Animal & Poultry Science Lab","Miller","3.19","23.5","23.5","5.9","5.9","29.4","0","5.9","5.9","0","0","0","0","0","17","80800","  1"
"2025-26","Fall","APSC","1464","Animal & Poultry Science Lab","Miller","3.44","39.1","21.7","13","8.7","4.3","4.3","4.3","4.3","0","0","0","0","0","23","80802","  1"
"2025-26","Fall","APSC","1464","Animal & Poultry Science Lab","Miller","3.71","52","28","8","8","0","4","0","0","0","0","0","0","0","25","80801","  1"
"2025-26","Fall","APSC","1464","Animal & Poultry Science Lab","Miller","3.66","60","16","4","8","8","0","4","0","0","0","0","0","0","25","80804","  1"
"2025-26","Fall","APSC","1464","Animal & Poultry Science Lab","Miller","3.58","60","12","4","16","0","0","4","0","0","4","0","0","0","25","80805","  1"
"2025-26","Fall","APSC","1464","Animal & Poultry Science Lab","Miller","3.75","69.2","15.4","3.8","0","3.8","7.7","0","0","0","0","0","0","0","26","80803","  1"
"2025-26","Fall","APSC","1504","APSC First Year Experience","Bedore","3.78","66.7","14.3","9.5","4.8","4.8","0","0","0","0","0","0","0","0","21","80806","  1"
"2025-26","Fall","APSC","1504","APSC First Year Experience","Heiderscheit","3.78","66.7","14.3","9.5","4.8","4.8","0","0","0","0","0","0","0","0","21","80806","  1"
"2025-26","Fall","APSC","1504","APSC First Year Experience","Heiderscheit","3.7","68.7","10.4","9","6","1.5","0","1.5","1.5","0","0","0","1.5","2","67","80807","  1"
"2025-26","Fall","APSC","1504","APSC First Year Experience","Heiderscheit","3.72","68.1","12.5","6.9","2.8","5.6","1.4","0","1.4","0","1.4","0","0","0","72","80809","  1"
"2025-26","Fall","APSC","2004","Animal & Poultry Sci Seminar","Wood","3.37","40","16","12","18","0","4","6","0","0","0","4","0","0","50","91940","  1"
"2025-26","Fall","APSC","2124","Horse Handling Practicum","Bedore","3.93","83.3","11.1","5.6","0","0","0","0","0","0","0","0","0","0","18","91983","  2"
"2025-26","Fall","APSC","2124","Horse Handling Practicum","Bedore","3.93","89.5","5.3","0","5.3","0","0","0","0","0","0","0","0","0","19","90976","  2"
"2025-26","Fall","APSC","2164","Comp/Lab Anim Care & Handling","Bergamasco","3.18","47.1","5.9","0","23.5","5.9","0","5.9","5.9","0","0","0","5.9","0","17","80812","  1"
"2025-26","Fall","APSC","2164","Comp/Lab Anim Care & Handling","Moore","3.18","47.1","5.9","0","23.5","5.9","0","5.9","5.9","0","0","0","5.9","0","17","80812","  1"
"2025-26","Fall","APSC","2164","Comp/Lab Anim Care & Handling","Bergamasco","3.91","75","20","5","0","0","0","0","0","0","0","0","0","0","20","80811","  1"
"2025-26","Fall","APSC","2164","Comp/Lab Anim Care & Handling","Moore","3.91","75","20","5","0","0","0","0","0","0","0","0","0","0","20","80811","  1"
"2025-26","Fall","APSC","2164","Comp/Lab Anim Care & Handling","Bergamasco","3.8","52.4","38.1","4.8","4.8","0","0","0","0","0","0","0","0","0","21","80813","  1"
"2025-26","Fall","APSC","2164","Comp/Lab Anim Care & Handling","Moore","3.8","52.4","38.1","4.8","4.8","0","0","0","0","0","0","0","0","0","21","80813","  1"
"2025-26","Fall","APSC","2984","SS: Shelter Dog Training","Gunter","3.92","83.3","8.3","8.3","0","0","0","0","0","0","0","0","0","0","12","92098","  3"
"2025-26","Fall","APSC","2984","SS: Shelter Dog Training","Gunter","3.54","61.5","7.7","15.4","0","7.7","0","0","0","0","7.7","0","0","0","13","92097","  3"
"2025-26","Fall","APSC","2984","SS: Shelter Dog Training","Gunter","3.34","50","12.5","0","12.5","0","0","25","0","0","0","0","0","2","8","92099","  3"
"2025-26","Fall","APSC","3024","Equine Science and Management","Bedore","3.52","66.7","11.1","0","0","11.1","0","0","0","11.1","0","0","0","0","9","90975","  3"
"2025-26","Fall","APSC","3064","Comp/Lab Animal Science","Bergamasco","3.16","26.4","10.7","9.9","24.8","11.6","8.3","3.3","0.8","2.5","0.8","0.8","0","1","121","80833","  3"
"2025-26","Fall","APSC","3214","Principles of Meat Science","Gerrard","3.36","27.3","27.3","9.1","18.2","0","18.2","0","0","0","0","0","0","0","11","80834","  3"
"2025-26","Fall","APSC","3224","Meat Science Laboratory","Gerrard","2.79","22.2","22.2","0","22.2","0","0","11.1","11.1","0","0","0","11.1","0","9","80835","  1"
"2025-26","Fall","APSC","3254","Animal Products","White","3.16","29.4","11.8","11.8","23.5","11.8","5.9","0","0","0","0","0","5.9","0","17","92127","  3"
"2025-26","Fall","APSC","3434","Host Microbe Interactions","Fernandes","3.51","63","3.7","14.8","3.7","3.7","3.7","3.7","0","0","0","0","3.7","0","27","80836","  3"
"2025-26","Fall","APSC","3434","Host Microbe Interactions","Maurer","3.51","63","3.7","14.8","3.7","3.7","3.7","3.7","0","0","0","0","3.7","0","27","80836","  3"
"2025-26","Fall","APSC","3754","Livestock Evaluation","Miller","3.77","54.8","25.8","12.9","6.5","0","0","0","0","0","0","0","0","0","31","80840","  2"
"2025-26","Fall","APSC","3764","Livestock Merchandising","Eversole","3.67","57.1","21.4","7.1","3.6","3.6","3.6","3.6","0","0","0","0","0","0","28","80841","  2"
"2025-26","Fall","APSC","3824","Equine Training and Marketing","Sheely","3.68","44.4","33.3","11.1","0","11.1","0","0","0","0","0","0","0","0","9","80842","  2"
"2025-26","Fall","APSC","3984","SS: SAS Lab Teaching Assistant","Bedore","4","100","0","0","0","0","0","0","0","0","0","0","0","0","20","92094","  2"
"2025-26","Fall","APSC","4004","Contemporary Issues in APSC","Ali","3.59","85.7","0","0","0","0","7.1","0","0","0","0","0","7.1","0","14","80846","  3"
"2025-26","Fall","APSC","4004","Contemporary Issues in APSC","Heiderscheit","3.59","85.7","0","0","0","0","7.1","0","0","0","0","0","7.1","0","14","80846","  3"
"2025-26","Fall","APSC","4004","Contemporary Issues in APSC","Alves Cruz","3.98","93.3","6.7","0","0","0","0","0","0","0","0","0","0","0","15","80849","  3"
"2025-26","Fall","APSC","4004","Contemporary Issues in APSC","Heiderscheit","3.74","80","13.3","0","0","0","0","0","0","0","0","6.7","0","0","15","80847","  3"
"2025-26","Fall","APSC","4004","Contemporary Issues in APSC","Heiderscheit","3.81","66.7","20","6.7","0","6.7","0","0","0","0","0","0","0","0","15","80848","  3"
"2025-26","Fall","APSC","4004","Contemporary Issues in APSC","Heiderscheit","3.98","93.3","6.7","0","0","0","0","0","0","0","0","0","0","0","15","80849","  3"
"2025-26","Fall","APSC","4004","Contemporary Issues in APSC","Heiderscheit","3.85","66.7","26.7","0","6.7","0","0","0","0","0","0","0","0","0","15","80850","  3"
"2025-26","Fall","APSC","4004","Contemporary Issues in APSC","Johnson","3.74","80","13.3","0","0","0","0","0","0","0","0","6.7","0","0","15","80847","  3"
"2025-26","Fall","APSC","4004","Contemporary Issues in APSC","Wood","3.85","66.7","26.7","0","6.7","0","0","0","0","0","0","0","0","0","15","80850","  3"
"2025-26","Fall","APSC","4054","Genomics","Biase","4","100","0","0","0","0","0","0","0","0","0","0","0","0","8","80851","  3"
"2025-26","Fall","APSC","4224","Equine Exercise Physiology","Johnson","3.36","39.1","8.7","17.4","21.7","4.3","0","4.3","0","0","4.3","0","0","2","23","80852","  3"
"2025-26","Fall","APSC","4264","Companion & Exotic Animal Nutr","El-Kadi","4","100","0","0","0","0","0","0","0","0","0","0","0","0","27","91016","  3"
"2025-26","Fall","APSC","4304","Bovine Reproduction Practices","Ealy","4","100","0","0","0","0","0","0","0","0","0","0","0","0","6","80853","  2"
"2025-26","Fall","APSC","4304","Bovine Reproduction Practices","Ealy","4","100","0","0","0","0","0","0","0","0","0","0","0","0","7","92205","  2"
"2025-26","Fall","APSC","4344","Mammalian Embryology","Oliver","3.8","76","8","4","8","0","4","0","0","0","0","0","0","0","25","91941","  3"
"2025-26","Fall","APSC","4404","Poultry Enterprise Management","Persia","2.34","0","28.6","0","14.3","0","14.3","14.3","14.3","0","0","0","14.3","0","7","80854","  4"
"2025-26","Fall","APSC","4984","SS: Adv Shelter Dog Training","Gunter","3.93","90","0","10","0","0","0","0","0","0","0","0","0","0","10","92095","  3"
"2025-26","Fall","APSC","4984","SS: Beef Production","Pollock","4","100","0","0","0","0","0","0","0","0","0","0","0","0","13","91896","  3"
"2025-26","Fall","APSC","4984","SS: Beef Production","Pollock","3.93","85.7","7.1","7.1","0","0","0","0","0","0","0","0","0","0","14","91880","  3"
"2025-26","Fall","APSC","4984","SS: Livestock Immunology","Osorio Estevez","3.22","29.4","11.8","11.8","17.6","17.6","0","5.9","5.9","0","0","0","0","0","17","92010","  3"
"2025-26","Fall","APSC","4984","SS: Advanced Equine Practicum","Sheely","4","100","0","0","0","0","0","0","0","0","0","0","0","0","6","92012","  2"
"2025-26","Fall","APSC","5134","Appl Behavior Analysis Animals","Feuerbacher","3.58","57.1","19","9.5","4.8","4.8","0","0","0","0","0","0","4.8","0","21","80902","  3"
"2025-26","Fall","APSC","5164","Appl Ethol Dom Animals","Feuerbacher","4","100","0","0","0","0","0","0","0","0","0","0","0","0","12","80904","  3"
"2025-26","Fall","APSC","5224","Animal Welfare Assessment","Jacobs","3.67","66.7","0","0","33.3","0","0","0","0","0","0","0","0","0","9","80905","  3"
"2025-26","Fall","APSC","5234","Applic of Applied Animal Behav","Dickinson","3.63","57.1","14.3","0","14.3","14.3","0","0","0","0","0","0","0","0","7","80906","  3"
"2025-26","Fall","APSC","5344","Mammalian Embryology","Ealy","4","100","0","0","0","0","0","0","0","0","0","0","0","0","11","80907","  3"
"2025-26","Fall","ARBC","1105","Elementary Arabic","Nassereddine","2.85","18.2","18.2","0","9.1","9.1","9.1","36.4","0","0","0","0","0","1","11","81001","  3"
"2025-26","Fall","ARBC","1105","Elementary Arabic","Nassereddine","3.44","41.7","16.7","8.3","16.7","0","16.7","0","0","0","0","0","0","0","12","81000","  3"
"2025-26","Fall","ARBC","1105","Elementary Arabic","Azzam","3.2","80","0","0","0","0","0","0","0","0","0","0","20","0","5","81002","  3"
"2025-26","Fall","ARBC","1106","Elementary Arabic","Nassereddine","3.57","50","16.7","0","16.7","16.7","0","0","0","0","0","0","0","0","6","81003","  3"
"2025-26","Fall","ARBC","2105","Intermediate Arabic","Al-Ahmad","3.26","21.4","21.4","28.6","0","14.3","0","14.3","0","0","0","0","0","1","14","81004","  3"
"2025-26","Fall","ARBC","2774","Arab Culture and Civilization","Taggart","3.84","79.8","12.1","2","3","1","0","0","1","0","0","0","1","0","99","81007","  3"
"2025-26","Fall","ARBC","3105","Advanced Arabic","Al-Ahmad","3.26","46.2","15.4","0","7.7","0","0","30.8","0","0","0","0","0","0","13","81010","  3"
"2025-26","Fall","ARBC","3474","Topics in Arab Cinema","Al-Ahmad","3.83","61.9","23.8","14.3","0","0","0","0","0","0","0","0","0","0","21","81011","  3"
"2025-26","Fall","ARBC","3514","Media Arabic","Sinno","3.48","47.1","5.9","23.5","5.9","5.9","11.8","0","0","0","0","0","0","0","17","81012","  3"
"2025-26","Fall","ARCH","1015","Foundation Design Laboratory","Ornelas","3.41","7.7","30.8","38.5","23.1","0","0","0","0","0","0","0","0","0","13","81023","  6"
"2025-26","Fall","ARCH","1015","Foundation Design Laboratory","Pfeiffer","3.87","73.3","20","0","6.7","0","0","0","0","0","0","0","0","0","15","81020","  6"
"2025-26","Fall","ARCH","1015","Foundation Design Laboratory","Regan","3.16","20","6.7","26.7","13.3","26.7","0","0","6.7","0","0","0","0","0","15","81024","  6"
"2025-26","Fall","ARCH","1015","Foundation Design Laboratory","Rodriguez Bosch","4","100","0","0","0","0","0","0","0","0","0","0","0","0","15","92751","  6"
"2025-26","Fall","ARCH","1015","Foundation Design Laboratory","Clements","3.45","37.5","25","6.3","6.3","18.8","0","6.3","0","0","0","0","0","0","16","81022","  6"
"2025-26","Fall","ARCH","1015","Foundation Design Laboratory","Albright","3.44","11.8","35.3","29.4","17.6","5.9","0","0","0","0","0","0","0","0","17","81018","  6"
"2025-26","Fall","ARCH","1015","Foundation Design Laboratory","Caywood","3.42","23.5","29.4","17.6","11.8","11.8","5.9","0","0","0","0","0","0","0","17","81021","  6"
"2025-26","Fall","ARCH","1015","Foundation Design Laboratory","Gartner","3.62","41.2","23.5","29.4","0","0","5.9","0","0","0","0","0","0","0","17","81017","  6"
"2025-26","Fall","ARCH","1015","Foundation Design Laboratory","Daniel","3.56","33.3","27.8","16.7","16.7","5.6","0","0","0","0","0","0","0","0","18","81016","  6"
"2025-26","Fall","ARCH","1015","Foundation Design Laboratory","Garcia Carrasco","3.85","77.8","5.6","11.1","5.6","0","0","0","0","0","0","0","0","0","18","81026","  6"
"2025-26","Fall","ARCH","1015","Foundation Design Laboratory","Pritchett","3.68","61.1","0","22.2","16.7","0","0","0","0","0","0","0","0","0","18","81019","  6"
"2025-26","Fall","ARCH","1015","Foundation Design Laboratory","Shaver","3.95","83.3","16.7","0","0","0","0","0","0","0","0","0","0","0","18","81025","  6"
"2025-26","Fall","ARCH","1044","Life in the Built Environment","Tew","3.83","81.8","6.8","6.8","0","0","0","0","4.5","0","0","0","0","0","44","91150","  3"
"2025-26","Fall","ARCH","1044","Life in the Built Environment","Tew","3.8","83.6","4.8","3.9","1.7","1.5","0.7","1.1","0.4","0.2","0.4","0","1.5","5","458","81027","  3"
"2025-26","Fall","ARCH","2004","Architecture and Culture","Raja","3.83","84.1","5.4","4","1.5","1.5","0.9","0.9","0.1","0.3","0.1","0","1","3","667","91151","  3"
"2025-26","Fall","ARCH","2015","Architecture II","Breitschmid","3.72","33.3","46.7","20","0","0","0","0","0","0","0","0","0","0","15","81032","  7"
"2025-26","Fall","ARCH","2015","Architecture II","de Hahn","4","100","0","0","0","0","0","0","0","0","0","0","0","0","17","81033","  7"
"2025-26","Fall","ARCH","2015","Architecture II","Dai","3.96","94.7","0","5.3","0","0","0","0","0","0","0","0","0","0","19","81030","  7"
"2025-26","Fall","ARCH","2015","Architecture II","Gipe","3.94","78.9","21.1","0","0","0","0","0","0","0","0","0","0","0","19","81031","  7"
"2025-26","Fall","ARCH","2015","Architecture II","Pennell","3.62","26.3","42.1","21.1","10.5","0","0","0","0","0","0","0","0","0","19","81029","  7"
"2025-26","Fall","ARCH","2015","Architecture II","Tomer","3.38","21.1","10.5","36.8","26.3","5.3","0","0","0","0","0","0","0","0","19","81035","  7"
"2025-26","Fall","ARCH","2015","Architecture II","Bryon","3.43","15","25","40","15","5","0","0","0","0","0","0","0","0","20","81034","  7"
"2025-26","Fall","ARCH","2034","Art of Building","Zellner Bassett","3.28","28.2","23.4","16.9","5.6","10.5","4.8","2.4","4","1.6","1.6","0.8","0","3","124","81036","  2"
"2025-26","Fall","ARCH","2114","Sustainability by Design","Sehat","3.61","70","20","0","0","0","0","0","0","0","0","10","0","0","10","81037","  3"
"2025-26","Fall","ARCH","3015","Architecture III","Pittman","3.12","14.3","57.1","0","0","7.1","0","0","14.3","0","0","0","7.1","0","14","81044","  7"
"2025-26","Fall","ARCH","3015","Architecture III","Doan","3.65","31.3","37.5","25","6.3","0","0","0","0","0","0","0","0","0","16","81045","  7"
"2025-26","Fall","ARCH","3015","Architecture III","Green","3.91","68.8","31.3","0","0","0","0","0","0","0","0","0","0","0","16","81041","  7"
"2025-26","Fall","ARCH","3015","Architecture III","Hernandez","3.71","43.8","43.8","0","0","12.5","0","0","0","0","0","0","0","0","16","81042","  7"
"2025-26","Fall","ARCH","3015","Architecture III","Munoz Vera","3.68","25","56.3","12.5","6.3","0","0","0","0","0","0","0","0","0","16","81043","  7"
"2025-26","Fall","ARCH","3015","Architecture III","Piazzi","3.41","25","18.8","31.3","12.5","6.3","6.3","0","0","0","0","0","0","0","16","92602","  7"
"2025-26","Fall","ARCH","3015","Architecture III","Zellner Bassett","3.32","18.8","25","18.8","18.8","12.5","0","6.3","0","0","0","0","0","0","16","81040","  7"
"2025-26","Fall","ARCH","3015","Architecture III","Galloway","3.82","47.1","47.1","5.9","0","0","0","0","0","0","0","0","0","0","17","81038","  7"
"2025-26","Fall","ARCH","3065","Bldg Materials and Assemblies","Galloway","3.83","72.2","15.9","8.7","1.6","0","0","0.8","0","0","0","0","0.8","0","126","81046","  3"
"2025-26","Fall","ARCH","3116","Histories of Architecture","Haney","3.65","53.1","21.1","10.2","7","3.9","2.3","1.6","0","0.8","0","0","0","1","128","81047","  3"
"2025-26","Fall","ARCH","3224","TS: Drawing: Trace See Think","Bryon","3.88","94.1","0","0","0","0","0","5.9","0","0","0","0","0","1","17","92788","  1"
"2025-26","Fall","ARCH","3304","TS: Europe Travel","Vorster","4","100","0","0","0","0","0","0","0","0","0","0","0","0","22","81049","  3"
"2025-26","Fall","ARCH","3504","TS: BIM: Revit & Enscape Essen","Kia","3.92","75","25","0","0","0","0","0","0","0","0","0","0","0","12","81054","  3"
"2025-26","Fall","ARCH","3504","TS: Rhino & Photoshop","Kia","4","100","0","0","0","0","0","0","0","0","0","0","0","0","15","81052","  3"
"2025-26","Fall","ARCH","3504","TS: Screen Printing","Cusack","3.98","94.1","5.9","0","0","0","0","0","0","0","0","0","0","0","17","81057","  3"
"2025-26","Fall","ARCH","3504","TS: Hand Building with Clay","Sullivan","3.75","66.7","22.2","0","0","5.6","0","5.6","0","0","0","0","0","1","18","81056","  3"
"2025-26","Fall","ARCH","3504","TS: Unreal Engine for Arch","Pritchett","4","100","0","0","0","0","0","0","0","0","0","0","0","0","5","91327","  3"
"2025-26","Fall","ARCH","3504","TS: ICDF","Haghnazar Kouchaksaraei","4","100","0","0","0","0","0","0","0","0","0","0","0","0","8","81053","  3"
"2025-26","Fall","ARCH","3504","TS: Pencil Drawing","Pennell","3.69","12.5","75","12.5","0","0","0","0","0","0","0","0","0","0","8","81055","  3"
"2025-26","Fall","ARCH","3604","TS: Boston Open Lab","MacDowell","4","100","0","0","0","0","0","0","0","0","0","0","0","0","10","81060","  3"
"2025-26","Fall","ARCH","3604","TS: Chicago Urbanism","von Weise","3.28","0","36.4","27.3","18.2","18.2","0","0","0","0","0","0","0","0","11","81061","  3"
"2025-26","Fall","ARCH","4004","Architecture IV - Option Lab","Schnoedt","3.73","35.7","50","7.1","7.1","0","0","0","0","0","0","0","0","0","14","81066","  7"
"2025-26","Fall","ARCH","4004","Architecture IV - Option Lab","Vorster","4","100","0","0","0","0","0","0","0","0","0","0","0","0","22","81070","  7"
"2025-26","Fall","ARCH","4014","Architecture IV - Integrative","Martin","3.97","90","10","0","0","0","0","0","0","0","0","0","0","0","10","81076","  8"
"2025-26","Fall","ARCH","4014","Architecture IV - Integrative","von Weise","3.58","36.4","27.3","18.2","9.1","9.1","0","0","0","0","0","0","0","0","11","81074","  8"
"2025-26","Fall","ARCH","4014","Architecture IV - Integrative","Ermann","3.52","53.8","7.7","7.7","7.7","15.4","7.7","0","0","0","0","0","0","0","13","81073","  8"
"2025-26","Fall","ARCH","4014","Architecture IV - Integrative","Davidson","3.14","21.4","7.1","21.4","21.4","14.3","7.1","0","7.1","0","0","0","0","0","14","91153","  8"
"2025-26","Fall","ARCH","4014","Architecture IV - Integrative","Jones","3.64","42.9","21.4","21.4","14.3","0","0","0","0","0","0","0","0","0","14","81075","  8"
"2025-26","Fall","ARCH","4014","Architecture IV - Integrative","Kelley","2.86","0","14.3","28.6","14.3","14.3","0","28.6","0","0","0","0","0","0","7","81072","  8"
"2025-26","Fall","ARCH","4034","Building Cities","Garcia Carrasco","3.73","44.9","34.7","16.3","2","2","0","0","0","0","0","0","0","1","49","81077","  3"
"2025-26","Fall","ARCH","4034","Building Cities","Hernandez","3.73","44.9","34.7","16.3","2","2","0","0","0","0","0","0","0","1","49","81077","  3"
"2025-26","Fall","ARCH","4044","Professional Practice","Sullivan","4","100","0","0","0","0","0","0","0","0","0","0","0","0","10","81079","  3"
"2025-26","Fall","ARCH","4044","Professional Practice","Syvertsen","3.95","81.8","18.2","0","0","0","0","0","0","0","0","0","0","0","11","81081","  3"
"2025-26","Fall","ARCH","4044","Professional Practice","Dugas","3.88","73.7","15.8","10.5","0","0","0","0","0","0","0","0","0","0","38","81082","  3"
"2025-26","Fall","ARCH","4044","Professional Practice","Mars","3.34","0","42.9","14.3","42.9","0","0","0","0","0","0","0","0","0","7","81078","  3"
"2025-26","Fall","ARCH","4056","Envir Bldg Systems","Cronin","3.9","87.7","9.2","0.8","0","0","0","0.8","0","0","0","0.8","0.8","0","130","81084","  3"
"2025-26","Fall","ARCH","4076","Building Structures","Haghnazar Kouchaksaraei","3.27","36.5","9.5","11.1","20.6","4.8","6.3","6.3","3.2","0","1.6","0","0","0","63","81086","  3"
"2025-26","Fall","ARCH","4076","Building Structures","Dai","3.88","75.4","16.9","4.6","1.5","1.5","0","0","0","0","0","0","0","2","65","81085","  3"
"2025-26","Fall","ARCH","4114","Ideas-Concepts-Representations","Washco","3.55","40","13.3","20","26.7","0","0","0","0","0","0","0","0","0","15","81087","  3"
"2025-26","Fall","ARCH","4114","Ideas-Concepts-Representations","Gipe","3.89","78.4","13.5","5.4","0","2.7","0","0","0","0","0","0","0","0","37","81089","  3"
"2025-26","Fall","ARCH","4114","Ideas-Concepts-Representations","Liao","3.41","37.5","12.5","12.5","25","0","12.5","0","0","0","0","0","0","0","8","81088","  3"
"2025-26","Fall","ARCH","4514","Thesis Inquiry","Pittman","4","100","0","0","0","0","0","0","0","0","0","0","0","0","11","81092","  3"
"2025-26","Fall","ARCH","4514","Thesis Inquiry","Washco","3.67","27.3","45.5","27.3","0","0","0","0","0","0","0","0","0","0","11","81101","  3"
"2025-26","Fall","ARCH","4514","Thesis Inquiry","Jones","3.59","25","41.7","25","0","8.3","0","0","0","0","0","0","0","0","12","81106","  3"
"2025-26","Fall","ARCH","4514","Thesis Inquiry","Doan","4","100","0","0","0","0","0","0","0","0","0","0","0","0","13","81122","  3"
"2025-26","Fall","ARCH","4514","Thesis Inquiry","Vance","3.94","80","20","0","0","0","0","0","0","0","0","0","0","0","5","81118","  3"
"2025-26","Fall","ARCH","4514","Thesis Inquiry","Gipe","3.88","83.3","0","16.7","0","0","0","0","0","0","0","0","0","0","6","81119","  3"
"2025-26","Fall","ARCH","4514","Thesis Inquiry","Keslacy","3.3","0","50","0","33.3","16.7","0","0","0","0","0","0","0","0","6","81105","  3"
"2025-26","Fall","ARCH","4514","Thesis Inquiry","Zellner Bassett","3.28","33.3","0","16.7","16.7","33.3","0","0","0","0","0","0","0","0","6","81109","  3"
"2025-26","Fall","ARCH","4514","Thesis Inquiry","Bryon","3.79","28.6","71.4","0","0","0","0","0","0","0","0","0","0","0","7","81095","  3"
"2025-26","Fall","ARCH","4514","Thesis Inquiry","Munoz Vera","4","100","0","0","0","0","0","0","0","0","0","0","0","0","7","81114","  3"
"2025-26","Fall","ARCH","4514","Thesis Inquiry","Galloway","4","100","0","0","0","0","0","0","0","0","0","0","0","0","9","81094","  3"
"2025-26","Fall","ARCH","4515","Architecture V","Pittman","4","100","0","0","0","0","0","0","0","0","0","0","0","0","11","81136","  6"
"2025-26","Fall","ARCH","4515","Architecture V","Washco","3.68","18.2","63.6","18.2","0","0","0","0","0","0","0","0","0","0","11","81129","  6"
"2025-26","Fall","ARCH","4515","Architecture V","Jones","3.59","25","41.7","25","0","8.3","0","0","0","0","0","0","0","0","12","81130","  6"
"2025-26","Fall","ARCH","4515","Architecture V","Doan","4","100","0","0","0","0","0","0","0","0","0","0","0","0","13","81145","  6"
"2025-26","Fall","ARCH","4515","Architecture V","Vance","3.94","80","20","0","0","0","0","0","0","0","0","0","0","0","5","81135","  6"
"2025-26","Fall","ARCH","4515","Architecture V","Gipe","3.88","83.3","0","16.7","0","0","0","0","0","0","0","0","0","0","6","81126","  6"
"2025-26","Fall","ARCH","4515","Architecture V","Keslacy","3.3","0","50","0","33.3","16.7","0","0","0","0","0","0","0","0","6","81149","  6"
"2025-26","Fall","ARCH","4515","Architecture V","Zellner Bassett","3.38","0","33.3","50","16.7","0","0","0","0","0","0","0","0","0","6","81148","  6"
"2025-26","Fall","ARCH","4515","Architecture V","Bryon","3.91","71.4","28.6","0","0","0","0","0","0","0","0","0","0","0","7","81142","  6"
"2025-26","Fall","ARCH","4515","Architecture V","Munoz Vera","4","100","0","0","0","0","0","0","0","0","0","0","0","0","7","81138","  6"
"2025-26","Fall","ARCH","4515","Architecture V","Galloway","3.97","88.9","11.1","0","0","0","0","0","0","0","0","0","0","0","9","81124","  6"
"2025-26","Fall","ARCH","4705","Qualifying Design Seminar","Haney","3.82","41.7","58.3","0","0","0","0","0","0","0","0","0","0","0","12","81156","  3"
"2025-26","Fall","ARCH","4715","Qualifying Design Laboratory","Dugas","3.09","9.1","18.2","27.3","18.2","9.1","9.1","0","9.1","0","0","0","0","0","11","81157","  9"
"2025-26","Fall","ARCH","4954","SA: Europe Travel","Vorster","4","100","0","0","0","0","0","0","0","0","0","0","0","0","22","81159","  3"
"2025-26","Fall","ARCH","5044","Professional Practice","Carpenter","3.91","70","30","0","0","0","0","0","0","0","0","0","0","0","10","91331","  3"
"2025-26","Fall","ARCH","5044","Professional Practice","Mars","3.53","42.9","14.3","14.3","14.3","14.3","0","0","0","0","0","0","0","0","14","81179","  3"
"2025-26","Fall","ARCH","5044","Professional Practice","Dugas","3.77","31.3","62.5","6.3","0","0","0","0","0","0","0","0","0","0","16","81178","  3"
"2025-26","Fall","ARCH","5045","Environmental Design Research","Algargoosh","3.44","57.1","28.6","0","0","0","0","0","0","0","0","14.3","0","0","7","81180","  3"
"2025-26","Fall","ARCH","5064","Topics in Comp Appl Design","Haghnazar Kouchaksaraei","3.88","83.3","0","16.7","0","0","0","0","0","0","0","0","0","0","6","81186","  3"
"2025-26","Fall","ARCH","5064","Topics in Comp Appl Design","Meselhy","4","100","0","0","0","0","0","0","0","0","0","0","0","0","6","81185","  3"
"2025-26","Fall","ARCH","5064","Topics in Comp Appl Design","Kia","3.63","88.9","0","0","0","0","0","0","0","0","0","11.1","0","0","9","81181","  3"
"2025-26","Fall","ARCH","5115","Media & Environment","Green","3.45","36.4","18.2","18.2","9.1","9.1","9.1","0","0","0","0","0","0","0","11","81193","  3"
"2025-26","Fall","ARCH","5115","Media & Environment","Asfaw","3.93","76.9","23.1","0","0","0","0","0","0","0","0","0","0","0","13","81194","  3"
"2025-26","Fall","ARCH","5115","Media & Environment","Pritchett","3.86","80","0","20","0","0","0","0","0","0","0","0","0","0","5","91328","  3"
"2025-26","Fall","ARCH","5125","Materials Processes Workshop","Pieper","3.9","73.7","21.1","5.3","0","0","0","0","0","0","0","0","0","0","19","81197","  3"
"2025-26","Fall","ARCH","5125","Materials Processes Workshop","Sullivan","4","100","0","0","0","0","0","0","0","0","0","0","0","0","7","81196","  3"
"2025-26","Fall","ARCH","5134","Top Arch Hist Theory","Emmons","3.54","30","30","10","30","0","0","0","0","0","0","0","0","0","10","81206","  3"
"2025-26","Fall","ARCH","5134","Top Arch Hist Theory","Chambard","3.45","18.2","27.3","27.3","27.3","0","0","0","0","0","0","0","0","0","11","81207","  3"
"2025-26","Fall","ARCH","5134","Top Arch Hist Theory","Stamm","4","100","0","0","0","0","0","0","0","0","0","0","0","0","9","81201","  3"
"2025-26","Fall","ARCH","5434","Adv. Arch Lighting Dsgn","Gibbons","3.82","40","60","0","0","0","0","0","0","0","0","0","0","0","5","81209","  3"
"2025-26","Fall","ARCH","5434","Adv. Arch Lighting Dsgn","Gibbons","4","100","0","0","0","0","0","0","0","0","0","0","0","0","8","81208","  3"
"2025-26","Fall","ARCH","5565","Bldg Materials & Construction","Bassett","3.48","17.6","41.2","17.6","11.8","11.8","0","0","0","0","0","0","0","0","17","81211","  3"
"2025-26","Fall","ARCH","5614","Theory of Urban Form","Lever","3.65","37.5","31.3","25","0","6.3","0","0","0","0","0","0","0","0","16","81212","  3"
"2025-26","Fall","ARCH","5705","Arch & Urban Seminar","Al","3.89","64.7","35.3","0","0","0","0","0","0","0","0","0","0","0","17","81215","  3"
"2025-26","Fall","ARCH","5705","Arch & Urban Seminar","Piedmont-Palladino","3.72","40.9","40.9","9.1","9.1","0","0","0","0","0","0","0","0","1","22","81216","  3"
"2025-26","Fall","ARCH","5715","Arch & Urbanism Lab","Kelley","3.42","20","40","0","20","20","0","0","0","0","0","0","0","0","5","81222","  6"
"2025-26","Fall","ARCH","5715","Arch & Urbanism Lab","Vance","3.88","60","40","0","0","0","0","0","0","0","0","0","0","0","5","81219","  6"
"2025-26","Fall","ARCH","5715","Arch & Urbanism Lab","Archer","3.39","42.9","0","0","42.9","14.3","0","0","0","0","0","0","0","0","7","81220","  6"
"2025-26","Fall","ARCH","5715","Arch & Urbanism Lab","Isbilen Cakiroglu","3.39","42.9","0","0","42.9","14.3","0","0","0","0","0","0","0","0","7","81220","  6"
"2025-26","Fall","ARCH","5715","Arch & Urbanism Lab","Emmons","3.68","25","50","25","0","0","0","0","0","0","0","0","0","0","8","81221","  6"
"2025-26","Fall","ARCH","5715","Arch & Urbanism Lab","Jones","3.93","77.8","22.2","0","0","0","0","0","0","0","0","0","0","0","9","81217","  6"
"2025-26","Fall","ARCH","5755","Building Environmental Systems","Jones","4","100","0","0","0","0","0","0","0","0","0","0","0","0","6","81232","  3"
"2025-26","Fall","ARCH","6005","ARCH & Western Thought","Keslacy","4","100","0","0","0","0","0","0","0","0","0","0","0","0","11","81285","  3"
"2025-26","Fall","ARCH","6005","ARCH & Western Thought","Bedford","3.68","16.7","66.7","16.7","0","0","0","0","0","0","0","0","0","0","6","92050","  3"
"2025-26","Fall","ART","1004","East Asian Water Media","Jung","3.74","70","20","0","0","0","0","10","0","0","0","0","0","2","10","81294","  3"
"2025-26","Fall","ART","1004","Painting for Non-Majors","Bannan","3.56","45.5","9.1","36.4","0","0","9.1","0","0","0","0","0","0","0","11","90989","  3"
"2025-26","Fall","ART","1004","East Asian Water Media","Jung","3.97","90.9","9.1","0","0","0","0","0","0","0","0","0","0","0","11","81293","  3"
"2025-26","Fall","ART","1004","Painting for Non-Majors","Bannan","3.89","83.3","8.3","0","8.3","0","0","0","0","0","0","0","0","0","12","81295","  3"
"2025-26","Fall","ART","1004","Painting for Non-Majors","Bannan","3.94","78.6","21.4","0","0","0","0","0","0","0","0","0","0","1","14","81297","  3"
"2025-26","Fall","ART","1004","Digital Photography","Hutchinson","3.93","92.9","0","0","7.1","0","0","0","0","0","0","0","0","2","14","81301","  3"
"2025-26","Fall","ART","1004","Digital Photography","Hutchinson","4","100","0","0","0","0","0","0","0","0","0","0","0","0","15","81300","  3"
"2025-26","Fall","ART","1004","Life Drawing for Non-Majors","Okumura","3.88","75","18.8","0","6.3","0","0","0","0","0","0","0","0","0","16","81296","  3"
"2025-26","Fall","ART","1104","Language of Visual Arts","Jewitt","2.99","9.3","27.9","25.6","4.7","11.6","2.3","4.7","4.7","2.3","0","4.7","2.3","1","43","81303","  3"
"2025-26","Fall","ART","1204","Principles of 2D Art & Design","Okumura","3.96","93.8","0","6.3","0","0","0","0","0","0","0","0","0","0","16","81304","  3"
"2025-26","Fall","ART","1204","Principles of 2D Art & Design","Okumura","3.86","88.2","5.9","0","0","0","0","5.9","0","0","0","0","0","0","17","81307","  3"
"2025-26","Fall","ART","1204","Principles of 2D Art & Design","Leonetti","3.89","84.2","5.3","5.3","5.3","0","0","0","0","0","0","0","0","0","19","81305","  3"
"2025-26","Fall","ART","1204","Principles of 2D Art & Design","Anderson","3.78","90","5","0","0","0","0","0","0","0","0","0","5","0","20","81306","  3"
"2025-26","Fall","ART","1214","Principles of 3D Art & Design","Dennis","3.98","93.3","6.7","0","0","0","0","0","0","0","0","0","0","0","15","81308","  3"
"2025-26","Fall","ART","1214","Principles of 3D Art & Design","Hammer","3.79","53.3","33.3","6.7","6.7","0","0","0","0","0","0","0","0","0","15","81309","  3"
"2025-26","Fall","ART","1214","Principles of 3D Art & Design","Perryman","3.79","53.3","33.3","6.7","6.7","0","0","0","0","0","0","0","0","0","15","81309","  3"
"2025-26","Fall","ART","1214","Principles of 3D Art & Design","Dennis","3.94","88.2","5.9","5.9","0","0","0","0","0","0","0","0","0","0","17","90988","  3"
"2025-26","Fall","ART","1214","Principles of 3D Art & Design","Dennis","3.81","61.1","27.8","0","11.1","0","0","0","0","0","0","0","0","0","18","81311","  3"
"2025-26","Fall","ART","1234","TS: Graphic Design","Eluchie","3.81","46.7","46.7","6.7","0","0","0","0","0","0","0","0","0","1","15","92289","  3"
"2025-26","Fall","ART","1304","Gateway to Art and Design","Hand","3.73","62.7","15.7","10.8","6","1.2","1.2","2.4","0","0","0","0","0","0","83","81312","  1"
"2025-26","Fall","ART","1334","Visual Arts and Culture","Spaar","3.3","31.3","23.7","15.2","12.1","5.8","0.9","2.2","3.1","1.3","1.8","0.4","2.2","2","224","81313","  3"
"2025-26","Fall","ART","1404","Principles of Drawing","Scully","3.55","81.8","0","0","9.1","0","0","0","0","0","0","0","9.1","0","11","81319","  3"
"2025-26","Fall","ART","1404","Principles of Drawing","Salisbury","3.92","92.3","0","0","7.7","0","0","0","0","0","0","0","0","0","13","81320","  3"
"2025-26","Fall","ART","1404","Principles of Drawing","Salisbury","3.66","78.6","0","0","0","7.1","14.3","0","0","0","0","0","0","0","14","81317","  3"
"2025-26","Fall","ART","1404","Principles of Drawing","Salisbury","4","100","0","0","0","0","0","0","0","0","0","0","0","0","14","81321","  3"
"2025-26","Fall","ART","1404","Principles of Drawing","Miller","3.73","56.3","18.8","12.5","12.5","0","0","0","0","0","0","0","0","0","16","81315","  3"
"2025-26","Fall","ART","1404","Principles of Drawing","Leonetti","3.75","82.4","0","0","5.9","5.9","0","5.9","0","0","0","0","0","0","17","81314","  3"
"2025-26","Fall","ART","1404","Principles of Drawing","Miller","3.81","70.6","11.8","5.9","11.8","0","0","0","0","0","0","0","0","0","17","81316","  3"
"2025-26","Fall","ART","1404","Principles of Drawing","Miller","3.8","66.7","16.7","5.6","11.1","0","0","0","0","0","0","0","0","0","18","81318","  3"
"2025-26","Fall","ART","1504","Contemporary Art and Practice","Hand","3.67","58.3","16.7","8.3","8.3","0","8.3","0","0","0","0","0","0","0","12","81322","  3"
"2025-26","Fall","ART","1504","Contemporary Art and Practice","Hand","3.69","75","18.8","0","0","0","0","0","0","0","0","0","6.3","0","16","81323","  3"
"2025-26","Fall","ART","1604","Principles of 4D Art & Design","Leonetti","3.69","85.7","7.1","0","0","0","0","0","0","0","0","0","7.1","0","14","91051","  3"
"2025-26","Fall","ART","1604","Principles of 4D Art & Design","Dennis","3.79","75","6.3","0","18.8","0","0","0","0","0","0","0","0","0","16","91052","  3"
"2025-26","Fall","ART","1604","Principles of 4D Art & Design","Fox","3.79","68.8","6.3","18.8","6.3","0","0","0","0","0","0","0","0","0","16","81326","  3"
"2025-26","Fall","ART","1604","Principles of 4D Art & Design","Duffield","3.88","78.9","10.5","5.3","5.3","0","0","0","0","0","0","0","0","0","19","81324","  3"
"2025-26","Fall","ART","1604","Principles of 4D Art & Design","Hammer","3.86","73.7","15.8","5.3","5.3","0","0","0","0","0","0","0","0","0","19","91049","  3"
"2025-26","Fall","ART","2385","Surv Hist West Art","Spaar","3.34","29.5","22.6","18.5","9.6","8.2","4.8","1.4","3.4","0","0","1.4","0.7","2","146","81330","  3"
"2025-26","Fall","ART","2385","Surv Hist West Art","DiSalvo","3.8","84.3","3.9","2","5.9","0","2","0","0","0","0","0","2","0","51","81329","  3"
"2025-26","Fall","ART","2434","Introduction to Creative Code","Thompto","3.13","50","10","10","10","0","0","0","0","10","0","0","10","0","10","81332","  3"
"2025-26","Fall","ART","2434","Introduction to Creative Code","Thompto","3.34","56.3","12.5","0","0","6.3","6.3","0","18.8","0","0","0","0","1","16","81331","  3"
"2025-26","Fall","ART","2514","Drawing Concepts","Head","3.93","85.7","7.1","7.1","0","0","0","0","0","0","0","0","0","0","14","81333","  3"
"2025-26","Fall","ART","2524","Introduction To Painting","Lechner","3.96","85.7","14.3","0","0","0","0","0","0","0","0","0","0","0","7","81335","  3"
"2025-26","Fall","ART","2554","Introduction To Sculpture","Blanchard","3.7","66.7","0","11.1","22.2","0","0","0","0","0","0","0","0","0","9","81336","  3"
"2025-26","Fall","ART","2566","Typography","Paine","3.2","20","30","10","5","20","0","5","10","0","0","0","0","0","20","81337","  3"
"2025-26","Fall","ART","2575","Introduction to Graphic Design","Anderson","3.65","20","65","5","5","5","0","0","0","0","0","0","0","0","20","81340","  3"
"2025-26","Fall","ART","2664","Introduction to Photography","Choi","2.92","25","8.3","8.3","16.7","16.7","16.7","0","0","0","0","0","8.3","0","12","81341","  3"
"2025-26","Fall","ART","2704","3D Computer Animation","Duffield","3.33","54.5","0","27.3","0","9.1","0","0","0","0","0","0","9.1","0","11","91022","  3"
"2025-26","Fall","ART","2984","SS:Design for Artists and Crea","Eluchie","3.59","42.9","42.9","0","0","0","0","14.3","0","0","0","0","0","1","7","92286","  3"
"2025-26","Fall","ART","3044","Art and Architecture of India","Moseley Christian","3.05","28.8","18.2","12.1","10.6","6.1","7.6","4.5","0","3","1.5","3","4.5","6","66","91104","  3"
"2025-26","Fall","ART","3284","Medieval Art and Architecture","Jewitt","3.15","20.5","20.5","22.7","11.4","9.1","4.5","4.5","2.3","0","0","0","4.5","1","44","91057","  3"
"2025-26","Fall","ART","3504","TS: Intro to Game Development","Duer","3.98","92.9","7.1","0","0","0","0","0","0","0","0","0","0","0","14","81350","  3"
"2025-26","Fall","ART","3504","TS: Animatronics","Tucker","4","100","0","0","0","0","0","0","0","0","0","0","0","0","7","81349","  3"
"2025-26","Fall","ART","3514","TS: Making Comics","Head","3.94","80","20","0","0","0","0","0","0","0","0","0","0","0","10","81351","  3"
"2025-26","Fall","ART","3554","TS: Metalworking & Casting","Blanchard","3.59","57.1","28.6","0","0","0","0","0","14.3","0","0","0","0","0","7","91054","  3"
"2025-26","Fall","ART","3564","TS: Photo Fact & Fiction","Borowski","3.81","71.4","7.1","14.3","7.1","0","0","0","0","0","0","0","0","0","14","81353","  3"
"2025-26","Fall","ART","3565","Intermediate Graphic Design I","Eluchie","3.78","66.7","8.3","16.7","8.3","0","0","0","0","0","0","0","0","0","12","81354","  3"
"2025-26","Fall","ART","3565","Intermediate Graphic Design I","Paine","3.35","46.7","20","0","6.7","6.7","0","6.7","13.3","0","0","0","0","0","15","81355","  3"
"2025-26","Fall","ART","3574","TS: Altered Interactions","Eluchie","3.6","60","10","20","0","0","0","0","10","0","0","0","0","0","10","81357","  3"
"2025-26","Fall","ART","3574","TS: Narratives and Interaction","Wu","3.77","70","10","0","20","0","0","0","0","0","0","0","0","0","10","81358","  3"
"2025-26","Fall","ART","3574","TS: Cross-Culture, Cross Space","Wu","4","100","0","0","0","0","0","0","0","0","0","0","0","0","13","90991","  3"
"2025-26","Fall","ART","3584","19th Century Art","DiSalvo","3.62","71.7","4.3","8.7","0","4.3","2.2","0","6.5","0","2.2","0","0","0","46","91060","  3"
"2025-26","Fall","ART","3604","TS: Digital Video","Weaver","3.91","90.9","0","0","9.1","0","0","0","0","0","0","0","0","0","11","81359","  3"
"2025-26","Fall","ART","3604","TS: 2D Animation Studio","King","3.86","82.4","5.9","0","11.8","0","0","0","0","0","0","0","0","0","17","81360","  3"
"2025-26","Fall","ART","3704","TS: 3D Soft Modeling","Tucker","3.95","92.3","0","7.7","0","0","0","0","0","0","0","0","0","0","13","81364","  3"
"2025-26","Fall","ART","3774","Modern Graphic Design","Hamming","3.73","41.9","35.5","19.4","3.2","0","0","0","0","0","0","0","0","1","31","81365","  3"
"2025-26","Fall","ART","3784","Euro & American Art Since 1900","Ronan","3.37","47.9","14.6","8.3","12.5","0","6.3","4.2","2.1","0","0","0","4.2","1","48","81366","  3"
"2025-26","Fall","ART","3854","Professional Studio Practices","Standley","3.63","80","5","0","5","0","0","5","0","0","0","0","5","0","20","81367","  3"
"2025-26","Fall","ART","3854","Professional Studio Practices","Weaver","3.67","79.2","0","0","8.3","0","0","12.5","0","0","0","0","0","1","24","81368","  3"
"2025-26","Fall","ART","4384","TS: Exhibiting Animals","Ronan","3.81","75","8.3","8.3","0","8.3","0","0","0","0","0","0","0","0","12","91079","  3"
"2025-26","Fall","ART","4384","TS: Matrl Culture of Beverage","DiSalvo","3.88","60","40","0","0","0","0","0","0","0","0","0","0","0","5","81371","  3"
"2025-26","Fall","ART","4384","TS: Monsters & Marvels","Moseley Christian","2.86","28.6","0","0","28.6","0","0","42.9","0","0","0","0","0","0","7","90995","  3"
"2025-26","Fall","ART","4504","TS: Cross-Culture, Cross Space","Wu","3.9","85.7","0","14.3","0","0","0","0","0","0","0","0","0","0","7","91096","  3"
"2025-26","Fall","ART","4504","TS: FourDesign: Branding","ONeal","3.86","66.7","22.2","11.1","0","0","0","0","0","0","0","0","0","0","9","92218","  3"
"2025-26","Fall","ART","4504","TS: FourDesign: Projects","ONeal","3.97","88.9","11.1","0","0","0","0","0","0","0","0","0","0","0","9","92219","  3"
"2025-26","Fall","ART","4504","TS: Narratives and Interaction","Wu","3.86","88.9","0","0","0","11.1","0","0","0","0","0","0","0","0","9","81376","  3"
"2025-26","Fall","ART","4514","TS: Animatronics","Tucker","4","100","0","0","0","0","0","0","0","0","0","0","0","0","6","81379","  3"
"2025-26","Fall","ART","4524","TS: Making Comics","Head","3.1","28.6","28.6","0","0","0","28.6","0","14.3","0","0","0","0","0","7","81383","  3"
"2025-26","Fall","ART","4544","TS: Collaborative Game Prod","Duer","3.86","85.7","0","0","14.3","0","0","0","0","0","0","0","0","0","14","81384","  3"
"2025-26","Fall","ART","4564","Exhibition Design And Display","Skelly","3","60","0","0","0","0","0","20","0","0","20","0","0","0","5","91606","  3"
"2025-26","Fall","ART","4575","Advanced Vis Com Design","Dee","3.78","66.7","16.7","8.3","0","8.3","0","0","0","0","0","0","0","0","12","90993","  3"
"2025-26","Fall","ART","4575","Advanced Vis Com Design","Dee","3.71","66.7","13.3","6.7","6.7","0","0","6.7","0","0","0","0","0","0","15","81389","  3"
"2025-26","Fall","ART","4684","TS: Intro to Museum Studies","Skelly","3.87","90","0","0","0","10","0","0","0","0","0","0","0","0","10","91076","  3"
"2025-26","Fall","ART","4894","Senior Studio","Borowski","3.7","81","4.8","0","4.8","0","0","4.8","0","0","4.8","0","0","0","21","81396","  3"
"2025-26","Fall","ART","4894","Senior Studio","Duffield","3.64","65.2","17.4","0","0","4.3","8.7","0","4.3","0","0","0","0","0","23","81397","  3"
"2025-26","Fall","ART","5384","TS: Matrl Culture of Beverage","DiSalvo","3.82","40","60","0","0","0","0","0","0","0","0","0","0","0","5","91447","  3"
"2025-26","Fall","ART","5384","TS: Monsters & Marvels","Moseley Christian","3.74","80","0","0","0","20","0","0","0","0","0","0","0","0","5","90996","  3"
"2025-26","Fall","ART","5524","TS: Grad Studio","Standley","4","100","0","0","0","0","0","0","0","0","0","0","0","0","7","81410","  3"
"2025-26","Fall","ART","5534","TS: Graduate Critique","King","4","100","0","0","0","0","0","0","0","0","0","0","0","0","9","81413","  3"
"2025-26","Fall","ART","5564","Advanced Exhibition Design","Skelly","4","100","0","0","0","0","0","0","0","0","0","0","0","0","10","91607","  3"
"2025-26","Fall","AS","1115","Introduction to the Air Force","Cade","3.59","55.3","15.8","10.5","7.9","2.6","2.6","2.6","0","0","2.6","0","0","0","38","81441","  1"
"2025-26","Fall","AS","1115","Introduction to the Air Force","Carlson","3.59","55.3","15.8","10.5","7.9","2.6","2.6","2.6","0","0","2.6","0","0","0","38","81441","  1"
"2025-26","Fall","AS","1115","Introduction to the Air Force","Carlson","3.87","77.5","15","0","5","2.5","0","0","0","0","0","0","0","0","40","81442","  1"
"2025-26","Fall","AS","1115","Introduction to the Air Force","Carlson","3.64","54.5","22.7","4.5","6.8","6.8","2.3","0","0","0","2.3","0","0","0","44","81443","  1"
"2025-26","Fall","AS","2115","Team & Leadership Fundamentals","Rechkemmer","4","100","0","0","0","0","0","0","0","0","0","0","0","0","35","81445","  1"
"2025-26","Fall","AS","2115","Team & Leadership Fundamentals","Rechkemmer","4","100","0","0","0","0","0","0","0","0","0","0","0","0","40","81444","  1"
"2025-26","Fall","AS","2934","Air Force Fitness","Silverbush","3.91","79.2","15.7","4.4","0","0.6","0","0","0","0","0","0","0","0","159","81446","  1"
"2025-26","Fall","AS","2934","Air Force Fitness","Silverbush","3.93","83.5","12.8","1.8","1.2","0","0.6","0","0","0","0","0","0","0","164","81447","  1"
"2025-26","Fall","AS","3215","AF Management & Leadership","Smith","4","100","0","0","0","0","0","0","0","0","0","0","0","0","24","81450","  3"
"2025-26","Fall","AS","3215","AF Management & Leadership","Smith","4","100","0","0","0","0","0","0","0","0","0","0","0","0","27","81451","  3"
"2025-26","Fall","AS","4215","Natl Security Forces","Macie","4","100","0","0","0","0","0","0","0","0","0","0","0","0","30","81453","  3"
"2025-26","Fall","AS","4215","Natl Security Forces","Macie","4","100","0","0","0","0","0","0","0","0","0","0","0","0","31","81452","  3"
"2025-26","Fall","ASPT","6204","TS: The Rule of Property","Gill","4","100","0","0","0","0","0","0","0","0","0","0","0","0","8","81458","  3"
"2025-26","Fall","ASPT","6204","TS: The Rule of Property","Poets","4","100","0","0","0","0","0","0","0","0","0","0","0","0","8","81458","  3"
"2025-26","Fall","ASPT","6904","ASPECT Professional Developmnt","Debrix","4","100","0","0","0","0","0","0","0","0","0","0","0","0","7","81459","  3"
"2025-26","Fall","AT","0144","Communication Skills","Jeter","2.99","22.2","27.8","5.6","11.1","16.7","0","5.6","0","0","0","0","11.1","0","18","81461","  4"
"2025-26","Fall","AT","0144","Communication Skills","Jeter","2.37","14.8","18.5","7.4","3.7","7.4","3.7","11.1","3.7","11.1","0","3.7","14.8","0","27","81462","  4"
"2025-26","Fall","AT","0164","Introduction to Animal Science","Kohl","2.5","11.5","11.5","7.7","15.4","11.5","7.7","3.8","7.7","11.5","0","7.7","3.8","0","26","81463","  4"
"2025-26","Fall","AT","0174","Fundamentals of Turfgrass Mgmt","Dickerson","2.42","5.3","5.3","21.1","10.5","10.5","15.8","5.3","10.5","5.3","0","0","10.5","0","19","81464","  4"
"2025-26","Fall","AT","0184","Plant Sci Ag & Green Industry","Gwaltney","2.6","4.8","4.8","14.3","19","19","14.3","14.3","0","0","0","9.5","0","0","21","81465","  3"
"2025-26","Fall","AT","0184","Plant Sci Ag & Green Industry","Gwaltney","2.24","4.2","0","8.3","29.2","4.2","12.5","8.3","12.5","4.2","0","12.5","4.2","0","24","81466","  3"
"2025-26","Fall","AT","0194","AT Internship","Kohl","3.6","65.9","2.4","7.3","17.1","0","0","0","7.3","0","0","0","0","0","41","81467","  1"
"2025-26","Fall","AT","0204","Applied Ag Personal Finance","Holder","3.62","55.6","17.8","8.9","6.7","4.4","4.4","0","0","0","2.2","0","0","0","45","81468","  3"
"2025-26","Fall","AT","0234","Intro Agribus & Financial Mgt","Holder","3.08","30.2","18.6","9.3","4.7","9.3","4.7","14","0","2.3","7","0","0","0","43","81469","  3"
"2025-26","Fall","AT","0294","Livestock Merchandising","Eversole","2.84","20","15","0","20","20","0","0","5","20","0","0","0","0","20","81470","  2"
"2025-26","Fall","AT","0344","Grain Crop Management","Gwaltney","2.13","3.4","10.3","3.4","6.9","17.2","10.3","10.3","6.9","3.4","17.2","6.9","3.4","1","29","81471","  3"
"2025-26","Fall","AT","0424","Nutrient Management Planning","Gwaltney","3.41","47.8","8.7","8.7","21.7","4.3","0","0","4.3","0","4.3","0","0","0","23","81474","  3"
"2025-26","Fall","AT","0504","AT First Year Experience","Jeter","3.21","48.9","11.1","8.9","4.4","2.2","4.4","4.4","2.2","6.7","2.2","2.2","2.2","0","45","81475","  2"
"2025-26","Fall","AT","0574","Woody Landscape Plants","Martin","2.62","0","14.3","14.3","28.6","14.3","7.1","7.1","0","0","7.1","0","7.1","1","14","81476","  2"
"2025-26","Fall","AT","0614","Beef and Sheep Management","Kohl","3.49","58.8","0","5.9","11.8","11.8","11.8","0","0","0","0","0","0","0","17","81477","  3"
"2025-26","Fall","AT","0664","Golf & Sports Turf Management","Dickerson","2.72","0","16.7","16.7","33.3","0","0","16.7","0","16.7","0","0","0","0","6","81478","  3"
"2025-26","Fall","AT","0714","Hardscape Materials & Instal","Martin","3.36","30","10","30","20","0","0","10","0","0","0","0","0","0","10","81479","  2"
"2025-26","Fall","AT","0724","Landscape Skills Practicum","Martin","3.67","66.7","11.1","5.6","5.6","5.6","0","0","5.6","0","0","0","0","0","18","81480","  1"
"2025-26","Fall","AT","0734","Risk Management in Agriculture","Holder","3","39.3","3.6","3.6","17.9","3.6","7.1","10.7","3.6","0","10.7","0","0","0","28","81481","  2"
"2025-26","Fall","AT","0984","SS: Pest Management","Rideout","3.08","34.4","3.1","6.3","31.3","0","3.1","18.8","0","0","0","0","3.1","0","32","91882","  3"
"2025-26","Fall","AT","0984","SS:Specialized Turfgrass Equip","Dickerson","3.94","80","20","0","0","0","0","0","0","0","0","0","0","0","5","91905","  2"
"2025-26","Fall","AT","0984","SS: Landscape Design with CAD","Martin","3.12","0","16.7","16.7","50","16.7","0","0","0","0","0","0","0","0","6","91881","  4"
"2025-26","Fall","BC","1014","Building a Strong Foundation","Norwood","3.63","66.7","11.1","0","5.6","5.6","5.6","5.6","0","0","0","0","0","1","18","81491","  2"
"2025-26","Fall","BC","1014","Building a Strong Foundation","Norwood","3.61","45.5","27.3","15.2","6.1","3","0","0","0","0","0","3","0","0","33","81492","  2"
"2025-26","Fall","BC","1114","Intro to Building Construction","Oliver","3.37","43.5","19.6","13","4.3","8.7","0","0","2.2","4.3","0","2.2","2.2","0","46","81493","  3"
"2025-26","Fall","BC","1114","Intro to Building Construction","Oliver","3.48","57.7","9.6","13.5","1.9","5.8","3.8","0","1.9","1.9","0","1.9","1.9","0","52","81494","  3"
"2025-26","Fall","BC","2004","Construction Surveying","Roofigari-Esfahan","2.66","7.3","7.3","13.4","24.4","11","11","12.2","4.9","2.4","1.2","0","4.9","3","82","91577","  1"
"2025-26","Fall","BC","2014","Construction Principles I","Withers","2.83","4","12","20","20","20","4","12","4","0","0","4","0","0","25","91826","  3"
"2025-26","Fall","BC","2014","Construction Principles I","Lv","3.27","45.7","8.6","11.4","14.3","0","2.9","11.4","0","0","0","2.9","2.9","0","35","81495","  3"
"2025-26","Fall","BC","2014","Construction Principles I","Lv","3.26","41.7","6.3","8.3","18.8","8.3","4.2","8.3","2.1","0","0","0","2.1","0","48","81496","  3"
"2025-26","Fall","BC","2024","Construction Principles II","Lv","3.54","53.5","11.6","11.6","9.3","4.7","2.3","4.7","2.3","0","0","0","0","0","43","81497","  3"
"2025-26","Fall","BC","2044","Construction Materials","Pearce","3.51","41.9","16.1","9.7","19.4","9.7","3.2","0","0","0","0","0","0","0","31","81499","  3"
"2025-26","Fall","BC","2044","Construction Materials","Pearce","3.45","45.9","13.5","5.4","16.2","8.1","2.7","8.1","0","0","0","0","0","0","37","81498","  3"
"2025-26","Fall","BC","2064","Integrated Construction I","Oliver","3.4","0","57.1","7.1","28.6","7.1","0","0","0","0","0","0","0","0","14","81500","  3"
"2025-26","Fall","BC","2064","Integrated Construction I","Oliver","3.12","12.5","25","25","3.1","18.8","6.3","0","3.1","3.1","3.1","0","0","0","32","91835","  3"
"2025-26","Fall","BC","2104","Bldg Effective Const Teams","Tenley","3.72","60.6","18.3","12.7","4.2","1.4","0","1.4","0","0","0","1.4","0","0","71","81501","  3"
"2025-26","Fall","BC","2114","IT in Design and Construction","Withers","3.35","48","20","8","12","0","0","0","4","0","0","0","8","1","25","91566","  3"
"2025-26","Fall","BC","2114","IT in Design and Construction","Withers","3.39","43.6","21.8","12.7","0","9.1","3.6","0","3.6","1.8","0","0","3.6","5","55","81503","  3"
"2025-26","Fall","BC","2114","IT in Design and Construction","Turkaslan Bulbul","3.22","50","6.5","11.3","6.5","8.1","4.8","0","3.2","0","1.6","1.6","6.5","2","62","81502","  3"
"2025-26","Fall","BC","2134","Construction Data Analysis","Clark","3.38","15.5","53.4","6.9","5.2","6.9","8.6","0","0","0","1.7","0","1.7","0","58","81505","  2"
"2025-26","Fall","BC","2214","Why Buildings Stand Up","Clark","3.01","12.7","16.4","16.4","29.1","9.1","3.6","5.5","1.8","0","1.8","0","3.6","1","55","81506","  3"
"2025-26","Fall","BC","3064","Integrated Construction II","Bluey","3.52","44.7","13.2","18.4","7.9","10.5","2.6","2.6","0","0","0","0","0","0","38","91827","  3"
"2025-26","Fall","BC","3064","Integrated Construction II","Bluey","3.78","47.6","42.9","4.8","2.4","2.4","0","0","0","0","0","0","0","0","42","81507","  3"
"2025-26","Fall","BC","3064","Integrated Construction II","Bluey","3.84","51.1","44.4","4.4","0","0","0","0","0","0","0","0","0","0","45","81508","  3"
"2025-26","Fall","BC","3114","Building Systems Technology","Akanmu","2.93","3.2","9.7","32.3","22.6","6.5","12.9","6.5","3.2","3.2","0","0","0","0","31","81511","  3"
"2025-26","Fall","BC","3114","Building Systems Technology","Akanmu","2.96","5.3","7.9","23.7","34.2","7.9","10.5","7.9","0","2.6","0","0","0","0","38","81510","  3"
"2025-26","Fall","BC","3114","Building Systems Technology","Agee","2.84","2.6","12.8","7.7","25.6","25.6","12.8","12.8","0","0","0","0","0","0","39","81509","  3"
"2025-26","Fall","BC","3134","Temporary Structures","Gao","2.69","0","17.6","5.9","11.8","23.5","17.6","17.6","5.9","0","0","0","0","0","17","81513","  3"
"2025-26","Fall","BC","3134","Temporary Structures","Zhang","2.97","31.9","6.4","8.5","10.6","12.8","8.5","8.5","6.4","2.1","0","2.1","2.1","0","47","81512","  3"
"2025-26","Fall","BC","4064","Integrated Construction III","Thumm","2.99","26.1","13","13","13","4.3","8.7","4.3","8.7","4.3","0","4.3","0","0","23","81516","  3"
"2025-26","Fall","BC","4064","Integrated Construction III","Thumm","3.75","55.6","31.1","0","4.4","8.9","0","0","0","0","0","0","0","0","45","81517","  3"
"2025-26","Fall","BC","4064","Integrated Construction III","Thumm","3.65","33.3","46.7","8.9","2.2","6.7","2.2","0","0","0","0","0","0","0","45","81518","  3"
"2025-26","Fall","BC","4164","Process Planning and Design","Shojaei kol kachi","3.53","54.4","16.5","5.1","12.7","1.3","3.8","1.3","2.5","0","0","1.3","1.3","0","79","81519","  3"
"2025-26","Fall","BC","4314","Bldg Performance & Energy Mgt","GhazanfariMotlagh","3.55","50","0","25","16.7","8.3","0","0","0","0","0","0","0","1","12","81520","  3"
"2025-26","Fall","BC","4324","Innovation in Residential Cnst","McCoy","3.66","58.3","16.7","0","19.4","2.8","0","2.8","0","0","0","0","0","0","36","81521","  3"
"2025-26","Fall","BC","4434","Construction Practice I","Thabet","3.32","40.4","12.8","12.8","14.9","2.1","6.4","2.1","4.3","0","4.3","0","0","0","47","81522","  3"
"2025-26","Fall","BC","4434","Construction Practice I","Thabet","2.83","20.4","6.1","10.2","12.2","18.4","6.1","16.3","2","0","8.2","0","0","0","49","81523","  3"
"2025-26","Fall","BC","4444","Construction Practice II","Thumm","3.35","0","27.3","54.5","18.2","0","0","0","0","0","0","0","0","0","11","81524","  4"
"2025-26","Fall","BC","5144","Sustainable Infrastructure Sys","Pearce","4","100","0","0","0","0","0","0","0","0","0","0","0","0","11","81540","  3"
"2025-26","Fall","BC","5514","Princ & Practices of Constr I","Lv","3.9","90","0","0","10","0","0","0","0","0","0","0","0","0","10","81543","  3"
"2025-26","Fall","BC","5524","Princ & Practices of Constr II","Lv","3.91","87.5","0","12.5","0","0","0","0","0","0","0","0","0","0","8","81544","  3"
"2025-26","Fall","BCHM","1014","Biochem First Year Experience","Rasor","3.96","94.3","1.9","1.9","1.9","0","0","0","0","0","0","0","0","0","53","81578","  1"
"2025-26","Fall","BCHM","1014","Biochem First Year Experience","Villar","3.88","82.1","10.7","3.6","0","1.8","0","0","1.8","0","0","0","0","0","56","81577","  1"
"2025-26","Fall","BCHM","2024","Concepts of Biochemistry","Marine","3.11","16.4","13.4","22.4","10.4","17.9","11.9","6","1.5","0","0","0","0","1","67","81579","  3"
"2025-26","Fall","BCHM","2354","Biochemical Techniques","Hite","3.28","30.8","30.8","7.7","0","0","23.1","0","7.7","0","0","0","0","0","13","92253","  3"
"2025-26","Fall","BCHM","2364","Biochemical Techniques Lab","Hite","3.85","50","50","0","0","0","0","0","0","0","0","0","0","0","8","92254","  1"
"2025-26","Fall","BCHM","3114","Biochem for Biotech","Cridland","3.41","30.1","26.4","15.3","11.1","8.3","2.8","3.7","0.9","0.5","0.9","0","0","7","216","81606","  3"
"2025-26","Fall","BCHM","3634","Analysis of Biochemical Lit","Marine","3.7","70","0","0","30","0","0","0","0","0","0","0","0","0","20","81607","  3"
"2025-26","Fall","BCHM","4054","Genomics","Biase","4","100","0","0","0","0","0","0","0","0","0","0","0","0","19","81608","  3"
"2025-26","Fall","BCHM","4115","General Biochemistry","Slade","2.97","33.9","5.4","14.3","10.7","7.1","10.7","1.8","5.4","1.8","3.6","0","5.4","3","56","81611","  4"
"2025-26","Fall","BCHM","4115","General Biochemistry","Cridland","3.07","22.9","10","12.9","28.6","1.4","8.6","10","2.9","1.4","0","0","1.4","1","70","81610","  4"
"2025-26","Fall","BCHM","4124","Lab Prob Biochemistry","Watkinson","3.14","12.5","12.5","18.8","31.3","12.5","12.5","0","0","0","0","0","0","0","16","81613","  6"
"2025-26","Fall","BCHM","4124","Lab Prob Biochemistry","Watkinson","3.11","11.1","11.1","22.2","44.4","0","0","0","11.1","0","0","0","0","0","9","81612","  6"
"2025-26","Fall","BCHM","4984","SS: Chronic Disease Biochem","Roberts","3.28","26.3","24.6","10.5","12.3","12.3","8.8","3.5","0","0","0","0","1.8","1","57","91883","  3"
"2025-26","Fall","BCHM","4994","Undergraduate Research","Brown","4","100","0","0","0","0","0","0","0","0","0","0","0","0","18","81627","  1"
"2025-26","Fall","BCHM","4994","Undergraduate Research","Hite","4","100","0","0","0","0","0","0","0","0","0","0","0","0","5","81619","  1"
"2025-26","Fall","BCHM","4994","Undergraduate Research","Lahondere","3.92","80","20","0","0","0","0","0","0","0","0","0","0","0","5","81620","  2"
"2025-26","Fall","BCHM","5014","Biochem Research Rotations","Lemkul","3.95","83.3","16.7","0","0","0","0","0","0","0","0","0","0","0","6","81651","  4"
"2025-26","Fall","BCHM","5124","Life Sciences Biochem","Mukhopadhyay","3.55","26.3","36.8","26.3","5.3","0","0","5.3","0","0","0","0","0","0","19","81652","  3"
"2025-26","Fall","BCHM","5224","Protein Structure and Function","Allen","3.58","30.8","23.1","38.5","7.7","0","0","0","0","0","0","0","0","0","13","81653","  3"
"2025-26","Fall","BCHM","5984","SS: Gene Regulation & Medicine","Sun","3.9","66.7","33.3","0","0","0","0","0","0","0","0","0","0","0","12","92086","  3"
"2025-26","Fall","BDS","2005","Fundamentals of BDS","Sundie","3.27","25.5","19.6","9.8","23.5","9.8","5.9","3.9","0","0","2","0","0","1","51","81670","  3"
"2025-26","Fall","BDS","2005","Fundamentals of BDS","Sundie","3.5","32.7","30.8","11.5","13.5","3.8","3.8","3.8","0","0","0","0","0","1","52","81671","  3"
"2025-26","Fall","BIOL","1004","Biology Orientation Seminar","McMahan","3.92","92.3","0","0","7.7","0","0","0","0","0","0","0","0","0","130","81675","  1"
"2025-26","Fall","BIOL","1004","Biology Orientation Seminar","DeToma","3.86","90.2","0","0","7.6","0","0","1.5","0","0","0","0","0.8","1","132","81674","  1"
"2025-26","Fall","BIOL","1004","Biology Orientation Seminar","Reed Jr.","3.9","92.5","0","0","6","0","0","0.7","0","0","0.7","0","0","0","134","81673","  1"
"2025-26","Fall","BIOL","1014","Introduction to Biology","Carter","3.29","56.6","3.6","1.2","1.2","21.7","2.4","6","2.4","0","1.2","0","3.6","0","83","81676","  3"
"2025-26","Fall","BIOL","1034","Biology of Sex","Moore","3.47","38","13.9","25","10.2","4.6","6.5","0.9","0.9","0","0","0","0","0","108","91148","  3"
"2025-26","Fall","BIOL","1064","Plants and Civilization","Belden","3.42","54.5","0","0","34.3","0","0","9.1","1","0","1","0","0","1","99","91149","  3"
"2025-26","Fall","BIOL","1105","Principles of Biology","Rosenzweig","2.97","34.1","0","0","40.1","0","0","17","0","0","6.6","0","2.2","8","182","81683","  3"
"2025-26","Fall","BIOL","1105","Principles of Biology","Emori","2.93","35.1","0","0","33","0","0","22.9","0","0","8","0","1.1","6","188","81679","  3"
"2025-26","Fall","BIOL","1105","Principles of Biology","Hogan","2.9","26.6","0","1.5","43.2","0","0","22.1","0","0","5","0","1.5","5","199","81685","  3"
"2025-26","Fall","BIOL","1105","Principles of Biology","Wills","2.31","12.7","0","0","30","0","0","36.6","0","0","17.4","0","3.3","18","213","81682","  3"
"2025-26","Fall","BIOL","1105","Principles of Biology","Emori","2.57","24.6","0","0","29.8","0","0","28.9","0","0","11.4","0","5.3","12","228","81684","  3"
"2025-26","Fall","BIOL","1105","Principles of Biology","Lipscomb","2.64","23.1","0","0","34.5","0","0","27.9","0","0","12.2","0","2.2","11","229","81686","  3"
"2025-26","Fall","BIOL","1105","Principles of Biology","Lipscomb","2.53","18.7","0","0","34.3","0","0","31.7","0","0","11.7","0","3.5","11","230","81680","  3"
"2025-26","Fall","BIOL","1105","Principles of Biology","Bretz","2.64","23.7","0","0","31.8","0","0","30.9","0","0","11.9","0","1.7","10","236","81681","  3"
"2025-26","Fall","BIOL","1115","Principles of Biol Lab","Lee","3.81","64.3","14.3","21.4","0","0","0","0","0","0","0","0","0","0","14","81754","  1"
"2025-26","Fall","BIOL","1115","Principles of Biol Lab","Lee","3.98","94.1","5.9","0","0","0","0","0","0","0","0","0","0","0","17","81746","  1"
"2025-26","Fall","BIOL","1115","Principles of Biol Lab","Lee","3.55","66.7","4.8","9.5","9.5","0","4.8","0","0","0","0","0","4.8","0","21","81691","  1"
"2025-26","Fall","BIOL","1115","Principles of Biol Lab","Lee","3.46","57.1","14.3","9.5","0","4.8","4.8","4.8","0","0","0","0","4.8","0","21","81739","  1"
"2025-26","Fall","BIOL","1115","Principles of Biol Lab","Lee","3.48","50","27.3","0","4.5","9.1","0","4.5","0","0","0","0","4.5","0","22","81688","  1"
"2025-26","Fall","BIOL","1115","Principles of Biol Lab","Lee","3.75","72.7","4.5","4.5","9.1","9.1","0","0","0","0","0","0","0","0","22","81707","  1"
"2025-26","Fall","BIOL","1115","Principles of Biol Lab","Lee","3.65","77.3","4.5","4.5","4.5","0","0","0","0","4.5","4.5","0","0","0","22","81710","  1"
"2025-26","Fall","BIOL","1115","Principles of Biol Lab","Lee","3.48","27.3","36.4","13.6","18.2","0","0","0","0","0","4.5","0","0","0","22","81719","  1"
"2025-26","Fall","BIOL","1115","Principles of Biol Lab","Lee","3.35","45.5","22.7","4.5","0","0","13.6","9.1","0","0","4.5","0","0","0","22","81747","  1"
"2025-26","Fall","BIOL","1115","Principles of Biol Lab","Lee","3.42","40.9","18.2","22.7","9.1","0","0","4.5","0","0","0","0","4.5","0","22","81748","  1"
"2025-26","Fall","BIOL","1115","Principles of Biol Lab","Lee","3.84","69.6","17.4","8.7","4.3","0","0","0","0","0","0","0","0","1","23","81689","  1"
"2025-26","Fall","BIOL","1115","Principles of Biol Lab","Lee","3.86","78.3","8.7","4.3","8.7","0","0","0","0","0","0","0","0","0","23","81697","  1"
"2025-26","Fall","BIOL","1115","Principles of Biol Lab","Lee","3.63","73.9","0","8.7","13","0","0","0","0","0","0","0","4.3","0","23","81698","  1"
"2025-26","Fall","BIOL","1115","Principles of Biol Lab","Lee","3.51","65.2","8.7","0","4.3","4.3","13","0","0","0","0","4.3","0","1","23","81699","  1"
"2025-26","Fall","BIOL","1115","Principles of Biol Lab","Lee","3.64","43.5","30.4","13","8.7","0","0","4.3","0","0","0","0","0","0","23","81702","  1"
"2025-26","Fall","BIOL","1115","Principles of Biol Lab","Lee","3.91","82.6","8.7","8.7","0","0","0","0","0","0","0","0","0","0","23","81706","  1"
"2025-26","Fall","BIOL","1115","Principles of Biol Lab","Lee","3.99","95.7","4.3","0","0","0","0","0","0","0","0","0","0","0","23","81711","  1"
"2025-26","Fall","BIOL","1115","Principles of Biol Lab","Lee","3.74","60.9","17.4","13","4.3","0","4.3","0","0","0","0","0","0","0","23","81716","  1"
"2025-26","Fall","BIOL","1115","Principles of Biol Lab","Lee","3.94","87","8.7","4.3","0","0","0","0","0","0","0","0","0","0","23","81718","  1"
"2025-26","Fall","BIOL","1115","Principles of Biol Lab","Lee","3.75","82.6","0","4.3","4.3","0","0","8.7","0","0","0","0","0","0","23","81725","  1"
"2025-26","Fall","BIOL","1115","Principles of Biol Lab","Lee","3.9","87","4.3","4.3","0","4.3","0","0","0","0","0","0","0","0","23","81726","  1"
"2025-26","Fall","BIOL","1115","Principles of Biol Lab","Lee","3.64","73.9","8.7","0","8.7","0","4.3","0","0","0","0","0","4.3","0","23","81731","  1"
"2025-26","Fall","BIOL","1115","Principles of Biol Lab","Lee","3.5","60.9","4.3","13","8.7","4.3","4.3","0","0","0","0","0","4.3","0","23","81733","  1"
"2025-26","Fall","BIOL","1115","Principles of Biol Lab","Lee","3.65","47.8","30.4","0","13","4.3","4.3","0","0","0","0","0","0","0","23","81734","  1"
"2025-26","Fall","BIOL","1115","Principles of Biol Lab","Lee","3.93","91.3","0","4.3","4.3","0","0","0","0","0","0","0","0","0","23","81735","  1"
"2025-26","Fall","BIOL","1115","Principles of Biol Lab","Lee","3.85","60.9","30.4","8.7","0","0","0","0","0","0","0","0","0","0","23","81738","  1"
"2025-26","Fall","BIOL","1115","Principles of Biol Lab","Lee","3.55","56.5","13","13","8.7","4.3","0","0","0","0","0","0","4.3","0","23","81740","  1"
"2025-26","Fall","BIOL","1115","Principles of Biol Lab","Lee","3.66","65.2","21.7","4.3","0","0","4.3","0","0","0","0","0","4.3","0","23","81745","  1"
"2025-26","Fall","BIOL","1115","Principles of Biol Lab","Lee","3.71","60.9","17.4","8.7","8.7","0","0","4.3","0","0","0","0","0","0","23","81753","  1"
"2025-26","Fall","BIOL","1115","Principles of Biol Lab","Lee","3.52","66.7","12.5","0","0","0","4.2","12.5","0","0","4.2","0","0","0","24","81687","  1"
"2025-26","Fall","BIOL","1115","Principles of Biol Lab","Lee","3.55","70.8","12.5","0","8.3","0","0","0","0","0","0","0","8.3","0","24","81690","  1"
"2025-26","Fall","BIOL","1115","Principles of Biol Lab","Lee","3.83","66.7","20.8","4.2","8.3","0","0","0","0","0","0","0","0","0","24","81692","  1"
"2025-26","Fall","BIOL","1115","Principles of Biol Lab","Lee","3.95","83.3","16.7","0","0","0","0","0","0","0","0","0","0","0","24","81693","  1"
"2025-26","Fall","BIOL","1115","Principles of Biol Lab","Lee","3.7","54.2","25","8.3","4.2","4.2","4.2","0","0","0","0","0","0","0","24","81694","  1"
"2025-26","Fall","BIOL","1115","Principles of Biol Lab","Lee","3.8","75","12.5","0","8.3","0","0","4.2","0","0","0","0","0","0","24","81695","  1"
"2025-26","Fall","BIOL","1115","Principles of Biol Lab","Lee","3.75","70.8","4.2","16.7","4.2","0","0","4.2","0","0","0","0","0","0","24","81696","  1"
"2025-26","Fall","BIOL","1115","Principles of Biol Lab","Lee","3.86","83.3","8.3","4.2","0","0","0","4.2","0","0","0","0","0","0","24","81700","  1"
"2025-26","Fall","BIOL","1115","Principles of Biol Lab","Lee","3.77","66.7","20.8","0","8.3","0","0","4.2","0","0","0","0","0","0","24","81701","  1"
"2025-26","Fall","BIOL","1115","Principles of Biol Lab","Lee","3.83","75","8.3","8.3","8.3","0","0","0","0","0","0","0","0","0","24","81703","  1"
"2025-26","Fall","BIOL","1115","Principles of Biol Lab","Lee","3.78","79.2","4.2","0","12.5","0","0","4.2","0","0","0","0","0","0","24","81704","  1"
"2025-26","Fall","BIOL","1115","Principles of Biol Lab","Lee","3.78","66.7","16.7","4.2","8.3","4.2","0","0","0","0","0","0","0","0","24","81705","  1"
"2025-26","Fall","BIOL","1115","Principles of Biol Lab","Lee","3.75","70.8","8.3","8.3","4.2","4.2","4.2","0","0","0","0","0","0","0","24","81708","  1"
"2025-26","Fall","BIOL","1115","Principles of Biol Lab","Lee","3.86","58.3","37.5","4.2","0","0","0","0","0","0","0","0","0","0","24","81709","  1"
"2025-26","Fall","BIOL","1115","Principles of Biol Lab","Lee","3.78","66.7","12.5","8.3","12.5","0","0","0","0","0","0","0","0","0","24","81712","  1"
"2025-26","Fall","BIOL","1115","Principles of Biol Lab","Lee","3.54","37.5","37.5","4.2","8.3","8.3","0","0","0","0","4.2","0","0","0","24","81713","  1"
"2025-26","Fall","BIOL","1115","Principles of Biol Lab","Lee","3.75","66.7","16.7","0","4.2","12.5","0","0","0","0","0","0","0","0","24","81714","  1"
"2025-26","Fall","BIOL","1115","Principles of Biol Lab","Lee","3.82","75","8.3","8.3","4.2","4.2","0","0","0","0","0","0","0","0","24","81717","  1"
"2025-26","Fall","BIOL","1115","Principles of Biol Lab","Lee","3.61","54.2","12.5","16.7","4.2","8.3","0","4.2","0","0","0","0","0","0","24","81720","  1"
"2025-26","Fall","BIOL","1115","Principles of Biol Lab","Lee","3.96","91.7","4.2","4.2","0","0","0","0","0","0","0","0","0","0","24","81721","  1"
"2025-26","Fall","BIOL","1115","Principles of Biol Lab","Lee","3.87","87.5","0","8.3","0","0","4.2","0","0","0","0","0","0","0","24","81722","  1"
"2025-26","Fall","BIOL","1115","Principles of Biol Lab","Lee","3.57","62.5","12.5","4.2","12.5","0","4.2","0","0","0","0","0","4.2","0","24","81723","  1"
"2025-26","Fall","BIOL","1115","Principles of Biol Lab","Lee","3.85","66.7","20.8","12.5","0","0","0","0","0","0","0","0","0","0","24","81724","  1"
"2025-26","Fall","BIOL","1115","Principles of Biol Lab","Lee","3.6","54.2","20.8","8.3","8.3","4.2","0","0","0","0","0","4.2","0","0","24","81727","  1"
"2025-26","Fall","BIOL","1115","Principles of Biol Lab","Lee","3.68","75","8.3","0","4.2","0","8.3","0","0","4.2","0","0","0","0","24","81728","  1"
"2025-26","Fall","BIOL","1115","Principles of Biol Lab","Lee","3.52","45.8","25","4.2","8.3","4.2","4.2","8.3","0","0","0","0","0","0","24","81729","  1"
"2025-26","Fall","BIOL","1115","Principles of Biol Lab","Lee","3.99","95.8","4.2","0","0","0","0","0","0","0","0","0","0","0","24","81730","  1"
"2025-26","Fall","BIOL","1115","Principles of Biol Lab","Lee","3.46","58.3","8.3","4.2","16.7","0","4.2","4.2","0","0","0","0","4.2","0","24","81732","  1"
"2025-26","Fall","BIOL","1115","Principles of Biol Lab","Lee","3.9","79.2","12.5","8.3","0","0","0","0","0","0","0","0","0","0","24","81736","  1"
"2025-26","Fall","BIOL","1115","Principles of Biol Lab","Lee","3.84","66.7","25","4.2","0","4.2","0","0","0","0","0","0","0","0","24","81737","  1"
"2025-26","Fall","BIOL","1115","Principles of Biol Lab","Lee","3.85","87.5","0","0","8.3","0","4.2","0","0","0","0","0","0","0","24","81741","  1"
"2025-26","Fall","BIOL","1115","Principles of Biol Lab","Lee","3.8","66.7","16.7","8.3","4.2","4.2","0","0","0","0","0","0","0","0","24","81742","  1"
"2025-26","Fall","BIOL","1115","Principles of Biol Lab","Lee","3.67","54.2","20.8","12.5","4.2","4.2","0","4.2","0","0","0","0","0","0","24","81744","  1"
"2025-26","Fall","BIOL","1115","Principles of Biol Lab","Lee","3.93","91.7","4.2","0","0","4.2","0","0","0","0","0","0","0","0","24","81749","  1"
"2025-26","Fall","BIOL","1115","Principles of Biol Lab","Lee","3.95","91.7","4.2","0","4.2","0","0","0","0","0","0","0","0","0","24","81750","  1"
"2025-26","Fall","BIOL","1115","Principles of Biol Lab","Lee","3.69","66.7","8.3","12.5","4.2","0","4.2","4.2","0","0","0","0","0","0","24","81751","  1"
"2025-26","Fall","BIOL","1115","Principles of Biol Lab","Lee","3.5","58.3","12.5","8.3","4.2","4.2","0","8.3","0","0","0","4.2","0","0","24","81752","  1"
"2025-26","Fall","BIOL","1135","Phage Hunters","Voshell","3.86","90.5","0","4.8","0","0","0","0","4.8","0","0","0","0","0","21","81771","  2"
"2025-26","Fall","BIOL","1135","Phage Hunters","Voshell","4","100","0","0","0","0","0","0","0","0","0","0","0","0","21","81772","  2"
"2025-26","Fall","BIOL","1214","Careers in Medicine","Meacham","3.79","73.3","15.1","3.5","3.5","0","0","3.5","0","1.2","0","0","0","0","86","81773","  1"
"2025-26","Fall","BIOL","2004","Genetics","Walker","3.3","28.4","17.2","16.4","16.4","12.9","2.6","1.7","0.9","1.7","0.9","0","0.9","0","116","91329","  3"
"2025-26","Fall","BIOL","2004","Genetics","Kamran","3.49","47.6","11.9","13.7","11.9","7.7","3.6","0.6","1.2","0","1.2","0","0.6","3","168","81775","  3"
"2025-26","Fall","BIOL","2004","Genetics","Seyler","3.08","20.7","14.8","13.6","15.4","12.4","8.3","8.9","4.1","0","1.2","0.6","0","5","169","81774","  3"
"2025-26","Fall","BIOL","2134","Cell Function Differentiation","Tokuhisa","3.2","13.9","13.9","19.4","32.4","15.7","0.9","3.7","0","0","0","0","0","2","108","81776","  3"
"2025-26","Fall","BIOL","2304","Plant Biology","Tholl","3.67","48.9","26.7","6.7","13.3","2.2","0","2.2","0","0","0","0","0","0","45","81777","  3"
"2025-26","Fall","BIOL","2604","General Microbiology","Stevens","3.16","29.5","6.1","15.2","25.8","4.5","5.3","8.3","2.3","1.5","1.5","0","0","5","132","81779","  3"
"2025-26","Fall","BIOL","2604","General Microbiology","Seyler","3.16","25.4","13.8","14.2","17.3","10.4","8.5","5.8","1.2","1.2","1.5","0.4","0.4","14","260","81780","  3"
"2025-26","Fall","BIOL","2614","General Microbiology Lab","Lasley","3.82","78.9","0","15.8","0","5.3","0","0","0","0","0","0","0","0","19","91255","  2"
"2025-26","Fall","BIOL","2614","General Microbiology Lab","Lasley","3.72","52.4","23.8","9.5","14.3","0","0","0","0","0","0","0","0","0","21","81782","  2"
"2025-26","Fall","BIOL","2614","General Microbiology Lab","Lasley","3.84","66.7","19","14.3","0","0","0","0","0","0","0","0","0","0","21","81784","  2"
"2025-26","Fall","BIOL","2614","General Microbiology Lab","Lasley","3.77","61.9","19","9.5","4.8","4.8","0","0","0","0","0","0","0","0","21","91250","  2"
"2025-26","Fall","BIOL","2614","General Microbiology Lab","Lasley","3.9","78.3","13","8.7","0","0","0","0","0","0","0","0","0","0","23","81788","  2"
"2025-26","Fall","BIOL","2614","General Microbiology Lab","Lasley","3.47","50","12.5","16.7","8.3","4.2","4.2","0","0","0","0","0","4.2","0","24","81781","  2"
"2025-26","Fall","BIOL","2614","General Microbiology Lab","Lasley","3.72","70.8","0","12.5","8.3","8.3","0","0","0","0","0","0","0","0","24","81783","  2"
"2025-26","Fall","BIOL","2614","General Microbiology Lab","Lasley","3.68","62.5","8.3","12.5","12.5","0","0","4.2","0","0","0","0","0","0","24","81785","  2"
"2025-26","Fall","BIOL","2614","General Microbiology Lab","Lasley","3.77","75","4.2","12.5","4.2","0","0","4.2","0","0","0","0","0","0","24","81786","  2"
"2025-26","Fall","BIOL","2614","General Microbiology Lab","Lasley","3.92","91.7","0","4.2","0","4.2","0","0","0","0","0","0","0","0","24","81787","  2"
"2025-26","Fall","BIOL","2614","General Microbiology Lab","Lasley","3.9","83.3","4.2","12.5","0","0","0","0","0","0","0","0","0","0","24","81789","  2"
"2025-26","Fall","BIOL","2614","General Microbiology Lab","Lasley","3.94","79.2","20.8","0","0","0","0","0","0","0","0","0","0","0","24","81790","  2"
"2025-26","Fall","BIOL","2614","General Microbiology Lab","Lasley","3.93","87.5","8.3","0","4.2","0","0","0","0","0","0","0","0","0","24","81791","  2"
"2025-26","Fall","BIOL","2614","General Microbiology Lab","Lasley","3.73","75","12.5","4.2","4.2","0","0","0","0","0","0","0","4.2","0","24","81792","  2"
"2025-26","Fall","BIOL","2614","General Microbiology Lab","Lasley","3.96","91.7","4.2","4.2","0","0","0","0","0","0","0","0","0","0","24","91252","  2"
"2025-26","Fall","BIOL","2614","General Microbiology Lab","Lasley","3.65","58.3","16.7","12.5","8.3","0","0","0","0","0","4.2","0","0","0","24","91254","  2"
"2025-26","Fall","BIOL","2704","Evolutionary Biology","Wills","3.16","24.6","4.2","16.9","37.3","0","9.3","5.1","0","1.7","0","0","0.8","0","118","81793","  3"
"2025-26","Fall","BIOL","2704","Evolutionary Biology","Suvorov","3.64","65.5","5.9","10.1","8.4","5.9","0.8","0.8","0.8","0.8","0","0","0.8","1","119","91172","  3"
"2025-26","Fall","BIOL","2804","Ecology","Barrett","2.66","3.8","12.3","12.3","13.8","16.9","14.6","14.6","3.8","3.1","2.3","1.5","0.8","8","130","81795","  3"
"2025-26","Fall","BIOL","2804","Ecology","Gray","3.68","53.5","20.6","11.6","8.4","3.9","0.6","0.6","0","0","0.6","0","0","0","155","81794","  3"
"2025-26","Fall","BIOL","2804","Ecology","Bretz","3.37","27.3","29.1","16.4","12.7","1.8","7.3","1.8","1.8","0","0","0","1.8","1","55","91330","  3"
"2025-26","Fall","BIOL","3014","Insect Biology","Marek","2.48","4.2","16.7","8.3","20.8","8.3","8.3","8.3","8.3","0","4.2","4.2","8.3","0","24","81869","  2"
"2025-26","Fall","BIOL","3024","Insect Biology Laboratory","Marek","2.17","0","20","20","20","0","0","0","0","0","10","10","20","1","10","81870","  2"
"2025-26","Fall","BIOL","3024","Insect Biology Laboratory","Marek","1.04","10","0","0","10","10","0","0","0","0","0","10","60","1","10","81871","  2"
"2025-26","Fall","BIOL","3104","Cell Molecular Biol Laboratory","Voshell","3.98","91.7","8.3","0","0","0","0","0","0","0","0","0","0","0","12","81875","  1"
"2025-26","Fall","BIOL","3104","Cell Molecular Biol Laboratory","Voshell","4","100","0","0","0","0","0","0","0","0","0","0","0","0","19","81873","  1"
"2025-26","Fall","BIOL","3104","Cell Molecular Biol Laboratory","Voshell","3.99","95","5","0","0","0","0","0","0","0","0","0","0","0","20","81872","  1"
"2025-26","Fall","BIOL","3134","Human Genetics","Kojima","2.96","11.6","9.3","20.9","18.6","18.6","9.3","2.3","7","0","2.3","0","0","3","43","81876","  3"
"2025-26","Fall","BIOL","3404","Introductory Animal Physiology","Moore","2.96","18.1","15.3","11.1","15.3","13.9","6.9","11.1","5.6","0","0","0","2.8","9","72","81877","  3"
"2025-26","Fall","BIOL","3454","Introductory Parasitology","Gaji","3.5","40.8","19.7","18.3","8.5","7","2.8","1.4","0","0","0","0","1.4","0","71","81878","  4"
"2025-26","Fall","BIOL","3454","Introductory Parasitology","Ramirez Barrios","3.5","40.8","19.7","18.3","8.5","7","2.8","1.4","0","0","0","0","1.4","0","71","81878","  4"
"2025-26","Fall","BIOL","3764","Careers in Microbiology","Popham","3.72","63.4","14.6","2.4","17.1","0","0","2.4","0","0","0","0","0","0","41","81879","  3"
"2025-26","Fall","BIOL","3774","Molecular Biology","Sweet","3.38","43.8","12.5","9.4","14.1","6.3","6.3","4.7","1.6","0","0","0","1.6","1","64","81880","  3"
"2025-26","Fall","BIOL","3804","Principles Biol Teaching Asst","Hogan","4","100","0","0","0","0","0","0","0","0","0","0","0","0","18","81881","  2"
"2025-26","Fall","BIOL","3804","Principles Biol Teaching Asst","Hogan","4","100","0","0","0","0","0","0","0","0","0","0","0","0","50","81882","  2"
"2025-26","Fall","BIOL","4004","Freshwater Ecology","Carey","2.74","17.6","17.6","5.9","23.5","0","17.6","0","0","5.9","0","0","11.8","0","17","81884","  4"
"2025-26","Fall","BIOL","4004","Freshwater Ecology","Carey","3.54","38.9","22.2","5.6","27.8","5.6","0","0","0","0","0","0","0","0","18","81883","  4"
"2025-26","Fall","BIOL","4014","Environmental Toxicology","Gray","3.74","40","40","20","0","0","0","0","0","0","0","0","0","0","15","91179","  2"
"2025-26","Fall","BIOL","4104","Developmental Biology","Cortes Estrada","3.23","31.6","13.2","13.2","10.5","15.8","7.9","5.3","0","0","0","2.6","0","0","38","81885","  3"
"2025-26","Fall","BIOL","4304","Field Ecology","Whitehead","3.27","33.3","22.2","0","22.2","11.1","0","0","0","11.1","0","0","0","1","9","92076","  4"
"2025-26","Fall","BIOL","4314","Plant Ecology","Igwe","3.67","66.7","0","11.1","11.1","11.1","0","0","0","0","0","0","0","0","9","91201","  4"
"2025-26","Fall","BIOL","4624","Microbial Genetics","Yang","3.23","47.8","9","11.9","7.5","0","1.5","10.4","3","1.5","6","0","1.5","5","67","81889","  3"
"2025-26","Fall","BIOL","4664","Virology","Paulson","3.69","66.7","7.8","10.8","8.8","2","1","0","1","1","0","1","0","0","102","81890","  3"
"2025-26","Fall","BIOL","4674","Pathogenic Bacteriology","Lam","3.4","51.4","11.1","5.6","11.1","4.2","4.2","5.6","4.2","0","1.4","1.4","0","1","72","81891","  3"
"2025-26","Fall","BIOL","4724","Pathogenic Bacteriology Lab","Lasley","3.95","94.7","0","0","5.3","0","0","0","0","0","0","0","0","0","19","81894","  2"
"2025-26","Fall","BIOL","4724","Pathogenic Bacteriology Lab","Lasley","3.92","85.7","9.5","0","4.8","0","0","0","0","0","0","0","0","0","21","81895","  2"
"2025-26","Fall","BIOL","4724","Pathogenic Bacteriology Lab","Lasley","3.94","87","8.7","4.3","0","0","0","0","0","0","0","0","0","0","23","81893","  2"
"2025-26","Fall","BIOL","4864","Clinical Biology","Finkielstein","3.69","44.8","24.1","24.1","6.9","0","0","0","0","0","0","0","0","0","29","91209","  3"
"2025-26","Fall","BIOL","4874","Cancer Biology","Walker","3.17","26.7","17.8","17.8","10","7.8","7.8","6.7","1.1","0","1.1","1.1","2.2","0","90","81898","  3"
"2025-26","Fall","BIOL","4884","Cell Biology","Capelluto","2.9","15","10","0","10","40","15","10","0","0","0","0","0","0","20","91224","  3"
"2025-26","Fall","BIOL","4984","SS: Genomics of Infect Disease","Aylward","4","100","0","0","0","0","0","0","0","0","0","0","0","0","5","92008","  3"
"2025-26","Fall","BIOL","5564","Adv Infectious Disease Ecology","Hawley","4","100","0","0","0","0","0","0","0","0","0","0","0","0","11","91225","  3"
"2025-26","Fall","BIOL","5814","Scientific Skills Mol Cell Bio","Kojima","3.96","87.5","12.5","0","0","0","0","0","0","0","0","0","0","0","16","81945","  3"
"2025-26","Fall","BIOL","5814","Scientific Skills Mol Cell Bio","Vargas-Muniz","3.96","87.5","12.5","0","0","0","0","0","0","0","0","0","0","0","16","81945","  3"
"2025-26","Fall","BIOL","5884","Molecular Biology of the Cell","Capelluto","3.27","30","10","0","40","10","10","0","0","0","0","0","0","0","10","91231","  3"
"2025-26","Fall","BIOL","5984","SS: Evolutionary Ecology","McGlothlin","4","100","0","0","0","0","0","0","0","0","0","0","0","0","8","92007","  3"
"2025-26","Fall","BIT","1984","SS: Impact LLC 1","Flora","3.52","62.5","4.8","11.5","5.8","2.9","3.8","4.8","0","0","1.9","1","1","0","104","92009","  1"
"2025-26","Fall","BIT","2164","Foundations Security Environ","Brantly","3.62","44.4","22.2","11.1","16.7","5.6","0","0","0","0","0","0","0","0","18","81960","  3"
"2025-26","Fall","BIT","2164","Foundations Security Environ","Zikusoka","3.51","42.9","14.3","19","9.5","9.5","0","4.8","0","0","0","0","0","0","21","81959","  3"
"2025-26","Fall","BIT","2405","Bus Stats Analytics & Model","Sudweeks","3.19","28.9","23.7","15.8","7.9","6.6","3.9","3.9","1.3","1.3","0","1.3","5.3","1","76","81965","  3"
"2025-26","Fall","BIT","2405","Bus Stats Analytics & Model","Kern","3.05","17.6","15.3","10.6","16.5","21.2","5.9","8.2","2.4","1.2","1.2","0","0","3","85","81961","  3"
"2025-26","Fall","BIT","2405","Bus Stats Analytics & Model","Sudweeks","2.71","9.9","4.4","9.9","23.1","14.3","15.4","11","7.7","2.2","1.1","0","1.1","7","91","81963","  3"
"2025-26","Fall","BIT","2405","Bus Stats Analytics & Model","Kern","2.92","14.1","8.7","6.5","32.6","18.5","6.5","7.6","2.2","0","0","0","3.3","2","92","81962","  3"
"2025-26","Fall","BIT","2406","Bus Stats Analytics & Model","Simundza","3.1","34.7","9.3","6.8","16.1","9.3","5.9","11","0","0","5.1","0","1.7","1","118","81969","  3"
"2025-26","Fall","BIT","2406","Bus Stats Analytics & Model","Sudweeks","3.68","54.3","19.1","12.6","9","3","1.5","0","0","0","0","0","0.5","0","199","81967","  3"
"2025-26","Fall","BIT","2406","Bus Stats Analytics & Model","Fraticelli","3.01","21","10.7","15.1","19","9.3","8.3","5.9","6.8","1.5","1","0.5","1","7","205","81972","  3"
"2025-26","Fall","BIT","2406","Bus Stats Analytics & Model","Zhang","3.23","33.6","15.1","9.7","13.9","10.1","4.6","6.3","3.4","0.8","1.3","0.8","0.4","4","238","81966","  3"
"2025-26","Fall","BIT","2406","Bus Stats Analytics & Model","Zhang","2.52","4","4","12","24","16","12","8","8","4","4","0","4","1","25","92231","  3"
"2025-26","Fall","BIT","2406","Bus Stats Analytics & Model","Flora","3.47","50.7","15.5","8.5","7","2.8","2.8","9.9","1.4","0","1.4","0","0","0","71","81970","  3"
"2025-26","Fall","BIT","2406","Bus Stats Analytics & Model","Kern","3.64","73.9","0","9.1","8","0","4.5","2.3","0","0","0","0","2.3","7","88","81973","  3"
"2025-26","Fall","BIT","2406","Bus Stats Analytics & Model","Sudweeks","3.81","63.3","24.4","5.6","4.4","0","2.2","0","0","0","0","0","0","0","90","81971","  3"
"2025-26","Fall","BIT","2554","Linux for Business","Raman","3.5","31.3","18.8","31.3","6.3","12.5","0","0","0","0","0","0","0","0","16","81977","  3"
"2025-26","Fall","BIT","2554","Linux for Business","Abplanalp","3.72","61.7","16.7","10","1.7","6.7","3.3","0","0","0","0","0","0","1","60","81975","  3"
"2025-26","Fall","BIT","2554","Linux for Business","Raman","3.61","45","31.3","8.8","5","3.8","2.5","1.3","0","2.5","0","0","0","0","80","81976","  3"
"2025-26","Fall","BIT","3414","Operations & Supply Chain Mgt","Simundza","3.66","66.7","7.4","3.7","12","4.6","1.9","2.8","0","0","0.9","0","0","0","108","81978","  3"
"2025-26","Fall","BIT","3414","Operations & Supply Chain Mgt","Clark","3.2","24.3","20","19.1","10.4","7","4.3","8.7","2.6","0","2.6","0.9","0","0","115","81983","  3"
"2025-26","Fall","BIT","3414","Operations & Supply Chain Mgt","Clark","2.94","13.6","16.1","15.3","16.1","10.2","10.2","10.2","4.2","0.8","1.7","0","1.7","1","118","81984","  3"
"2025-26","Fall","BIT","3414","Operations & Supply Chain Mgt","Clark","3.16","19.2","26.7","10","15.8","6.7","9.2","7.5","2.5","0.8","0.8","0","0.8","1","120","81982","  3"
"2025-26","Fall","BIT","3414","Operations & Supply Chain Mgt","Clark","3.15","22","18.1","15.7","18.1","6.3","7.9","6.3","0.8","2.4","0.8","0.8","0.8","0","127","81981","  3"
"2025-26","Fall","BIT","3414","Operations & Supply Chain Mgt","Simundza","3.32","40","12.6","10.5","11.6","8.4","4.2","10.5","0","0","2.1","0","0","3","95","81979","  3"
"2025-26","Fall","BIT","3424","Intro Bus Analytics Modeling","Seref","3.72","49.4","34.1","7.1","3.5","2.4","2.4","1.2","0","0","0","0","0","0","85","81986","  3"
"2025-26","Fall","BIT","3434","Adv Modeling for Bus Analytics","McCord","3.47","30.8","27.5","15","13.3","5.8","4.2","3.3","0","0","0","0","0","1","120","81992","  3"
"2025-26","Fall","BIT","3434","Adv Modeling for Bus Analytics","Jang","3.16","18.9","18.9","18.9","18.9","2.7","8.1","8.1","5.4","0","0","0","0","1","37","81990","  3"
"2025-26","Fall","BIT","3434","Adv Modeling for Bus Analytics","Arnette","3.42","33.8","28.6","16.9","9.1","1.3","0","5.2","2.6","0","0","0","2.6","4","77","81989","  3"
"2025-26","Fall","BIT","3444","Adv Bus Comp and App","Zahadat","2.67","22.7","13.6","13.6","9.1","9.1","9.1","0","4.5","0","0","0","18.2","7","22","81998","  3"
"2025-26","Fall","BIT","3444","Adv Bus Comp and App","Dickhans","3.38","48.5","24.2","9.1","6.1","0","0","3","0","0","0","0","9.1","0","33","81994","  3"
"2025-26","Fall","BIT","3444","Adv Bus Comp and App","Seref","3.62","50","27.8","7.8","2.2","4.4","2.2","4.4","0","0","1.1","0","0","1","90","81995","  3"
"2025-26","Fall","BIT","3454","Business Process Improvement","Mindel","3.7","69.2","7.7","0","7.7","15.4","0","0","0","0","0","0","0","0","13","81999","  3"
"2025-26","Fall","BIT","3454","Business Process Improvement","Mindel","3.63","59.3","11.1","9.9","7.4","6.2","2.5","3.7","0","0","0","0","0","0","81","82000","  3"
"2025-26","Fall","BIT","3474","Data Mgt and Bus Analytics","Raman","3.72","66.7","0","16.7","16.7","0","0","0","0","0","0","0","0","0","6","82003","  3"
"2025-26","Fall","BIT","3474","Data Mgt and Bus Analytics","Bradberry","3.95","97.3","0","0","0","0","0","2.7","0","0","0","0","0","0","74","82004","  3"
"2025-26","Fall","BIT","3484","Advanced Business Analytics","Jang","3.6","38.5","30.8","12.8","7.7","7.7","2.6","0","0","0","0","0","0","0","39","82006","  3"
"2025-26","Fall","BIT","3514","Systems Analysis","Romero-Masters","3.37","60.8","0","0","19.6","0","0","17.6","0","0","0","0","2","1","51","82008","  3"
"2025-26","Fall","BIT","3514","Systems Analysis","Romero-Masters","2.88","50","0","0","19.2","0","0","9.6","0","0","11.5","0","9.6","2","52","82007","  3"
"2025-26","Fall","BIT","3524","Database Management and Design","McCord","3.44","42.9","17.9","10.7","17.9","0","3.6","3.6","0","0","0","3.6","0","0","28","92217","  3"
"2025-26","Fall","BIT","3524","Database Management and Design","Zobel","3.2","15.7","19.6","25.5","19.6","3.9","11.8","0","0","2","0","2","0","1","51","82010","  3"
"2025-26","Fall","BIT","3524","Database Management and Design","Zobel","3.08","12.5","20.3","15.6","20.3","7.8","15.6","3.1","3.1","0","1.6","0","0","0","64","82009","  3"
"2025-26","Fall","BIT","3554","Networks, Telecom, & Security","Shen","3.33","21.3","19.7","23","18","9.8","6.6","1.6","0","0","0","0","0","0","61","82014","  3"
"2025-26","Fall","BIT","3554","Networks, Telecom, & Security","Shen","3.48","28.8","25.8","21.2","18.2","4.5","0","0","0","0","0","1.5","0","0","66","91271","  3"
"2025-26","Fall","BIT","3554","Networks, Telecom, & Security","Romero-Masters","3.7","84.1","0","0","7.2","0","0","2.9","0","0","5.8","0","0","0","69","82011","  3"
"2025-26","Fall","BIT","3554","Networks, Telecom, & Security","Shen","3.53","36.2","21.7","21.7","10.1","4.3","5.8","0","0","0","0","0","0","0","69","82013","  3"
"2025-26","Fall","BIT","3554","Networks, Telecom, & Security","Chaput","3.13","37.5","0","0","37.5","0","0","25","0","0","0","0","0","1","8","82012","  3"
"2025-26","Fall","BIT","3614","Election Security","Monday","3.74","58.7","23.9","8.7","4.3","0","2.2","0","2.2","0","0","0","0","0","46","82015","  3"
"2025-26","Fall","BIT","3664","Cybersecurity Management I","Simpson","3.41","50","30","0","10","0","0","0","0","0","0","0","10","1","10","82016","  3"
"2025-26","Fall","BIT","3664","Cybersecurity Management I","Abplanalp","3.43","21.4","21.4","21.4","35.7","0","0","0","0","0","0","0","0","0","14","82017","  3"
"2025-26","Fall","BIT","3674","Cybersecurity Management II","Abplanalp","3.69","52.4","19","9.5","19","0","0","0","0","0","0","0","0","0","21","82021","  3"
"2025-26","Fall","BIT","3674","Cybersecurity Management II","Abplanalp","3.34","31.1","15.6","17.8","13.3","11.1","6.7","2.2","2.2","0","0","0","0","0","45","91324","  3"
"2025-26","Fall","BIT","3674","Cybersecurity Management II","Ionescu","3.38","14.9","38.3","19.1","17","6.4","2.1","0","0","0","0","0","2.1","0","47","82020","  3"
"2025-26","Fall","BIT","3674","Cybersecurity Management II","Ionescu","3.32","10","34","20","20","12","2","0","2","0","0","0","0","0","50","82019","  3"
"2025-26","Fall","BIT","3674","Cybersecurity Management II","Ionescu","3.16","11.5","31.1","18","11.5","16.4","3.3","3.3","0","1.6","0","0","3.3","0","61","82018","  3"
"2025-26","Fall","BIT","4164","Future of Security","Zhang","4","100","0","0","0","0","0","0","0","0","0","0","0","0","11","92232","  3"
"2025-26","Fall","BIT","4164","Future of Security","Zhang","3.95","83.3","16.7","0","0","0","0","0","0","0","0","0","0","0","12","82022","  3"
"2025-26","Fall","BIT","4434","Comp Sim In Bus","Abrahams","3.82","78.6","4.8","4.8","7.1","4.8","0","0","0","0","0","0","0","0","42","82023","  3"
"2025-26","Fall","BIT","4434","Comp Sim In Bus","Abrahams","3.68","69.6","6.5","4.3","10.9","4.3","0","2.2","0","2.2","0","0","0","0","46","82024","  3"
"2025-26","Fall","BIT","4444","Web-Based DSS","Wang","3.63","53.8","7.7","30.8","0","0","7.7","0","0","0","0","0","0","1","13","82025","  3"
"2025-26","Fall","BIT","4444","Web-Based DSS","Wang","3.71","71.7","6.5","6.5","4.3","4.3","4.3","0","2.2","0","0","0","0","0","46","82026","  3"
"2025-26","Fall","BIT","4454","Bus Analysis Seminar in IT","Abrahams","3.84","77.5","15","0","2.5","2.5","0","0","2.5","0","0","0","0","0","40","82027","  3"
"2025-26","Fall","BIT","4464","Adv Supply Chain Mgt","Arnette","3.44","20.4","30.6","20.4","20.4","6.1","0","2","0","0","0","0","0","0","49","82028","  3"
"2025-26","Fall","BIT","4464","Adv Supply Chain Mgt","Arnette","3.09","9.6","17.3","23.1","26.9","5.8","3.8","11.5","0","0","1.9","0","0","0","52","82029","  3"
"2025-26","Fall","BIT","4474","Global Ops & Info Technology","Gordon","3.32","29.3","13.4","22","20.7","2.4","3.7","2.4","6.1","0","0","0","0","0","82","82030","  3"
"2025-26","Fall","BIT","4484","Project Management","Deane","2.99","5.9","11.8","23.5","23.5","14.7","11.8","5.9","2.9","0","0","0","0","0","34","82035","  3"
"2025-26","Fall","BIT","4484","Project Management","Monday","3.75","50","32.5","12.5","2.5","0","2.5","0","0","0","0","0","0","0","40","82032","  3"
"2025-26","Fall","BIT","4484","Project Management","Monday","3.54","32.8","31","19","10.3","0","3.4","3.4","0","0","0","0","0","0","58","82031","  3"
"2025-26","Fall","BIT","4484","Project Management","Monday","3.73","43.7","41.4","10.3","2.3","0","1.1","0","0","0","1.1","0","0","0","87","82033","  3"
"2025-26","Fall","BIT","4544","Artificial Intelligence in BIT","Bradberry","4","100","0","0","0","0","0","0","0","0","0","0","0","0","11","92537","  3"
"2025-26","Fall","BIT","4604","Data Gov, Privacy, Ethics","Adjerid","3.47","33.3","22.8","15.8","17.5","1.8","7","1.8","0","0","0","0","0","1","57","82042","  3"
"2025-26","Fall","BIT","4604","Data Gov, Privacy, Ethics","Flora","3.54","44.7","17.1","14.5","14.5","6.6","1.3","0","0","0","0","0","1.3","1","76","82040","  3"
"2025-26","Fall","BIT","4604","Data Gov, Privacy, Ethics","Bradberry","3.91","96.3","0","0","0","0","2.5","0","0","0","0","0","1.3","0","80","82039","  3"
"2025-26","Fall","BIT","4604","Data Gov, Privacy, Ethics","Flora","3.61","50","16.3","9.3","16.3","7","1.2","0","0","0","0","0","0","0","86","82038","  3"
"2025-26","Fall","BIT","4624","Cybersecurity Analytics","Adjerid","3.49","67.7","6.5","6.5","0","6.5","3.2","0","0","6.5","0","0","3.2","1","31","92185","  3"
"2025-26","Fall","BIT","4624","Cybersecurity Analytics","Bowden","3.21","10.6","19.1","19.1","36.2","6.4","6.4","0","2.1","0","0","0","0","0","47","82043","  3"
"2025-26","Fall","BIT","4624","Cybersecurity Analytics","Flora","3.65","47.9","22.9","18.8","4.2","2.1","2.1","2.1","0","0","0","0","0","0","48","82044","  3"
"2025-26","Fall","BIT","4854","Analytics in Action","Deane","3.25","1.9","25.9","35.2","24.1","11.1","0","1.9","0","0","0","0","0","0","54","82046","  3"
"2025-26","Fall","BIT","4964","Field Study","Monday","3.38","47.6","4.8","9.5","19","4.8","9.5","0","0","4.8","0","0","0","1","21","82047","  3"
"2025-26","Fall","BIT","4984","SS: Cyber Defense Strategy","Baker","3.78","63.8","15.5","13.8","3.4","3.4","0","0","0","0","0","0","0","0","58","91878","  3"
"2025-26","Fall","BIT","5124","Cyberlaw and Policy for IT","Elam","3.94","87.9","6.9","5.2","0","0","0","0","0","0","0","0","0","0","58","82051","  3"
"2025-26","Fall","BIT","5134","Cybersecurity Program Design","Baker","3.89","69.4","25","5.6","0","0","0","0","0","0","0","0","0","0","36","82053","  3"
"2025-26","Fall","BIT","5134","Cybersecurity Program Design","Baker","3.97","92.9","4.7","2.4","0","0","0","0","0","0","0","0","0","0","85","82052","  3"
"2025-26","Fall","BIT","5524","Intro Bus Intel and Analytics","Fraticelli","3.52","32.3","22.6","19.4","19.4","6.5","0","0","0","0","0","0","0","0","31","82056","  3"
"2025-26","Fall","BIT","5524","Intro Bus Intel and Analytics","Fraticelli","3.44","38.3","17","12.8","14.9","10.6","0","6.4","0","0","0","0","0","0","47","82057","  3"
"2025-26","Fall","BIT","5524","Intro Bus Intel and Analytics","Trivedi","3.7","67.2","17.2","5.2","1.7","3.4","0","0","0","3.4","0","1.7","0","0","58","82058","  3"
"2025-26","Fall","BIT","5534","Applied Bus Intel & Analytics","Seref","3.83","64.5","23.7","9.2","1.3","0","1.3","0","0","0","0","0","0","0","76","82059","  3"
"2025-26","Fall","BIT","5544","Intro to Gen AI in Business","Durham","3.83","54.5","36.4","9.1","0","0","0","0","0","0","0","0","0","0","11","91923","  3"
"2025-26","Fall","BIT","5544","Intro to Gen AI in Business","Durham","3.87","83.3","3.3","6.7","3.3","3.3","0","0","0","0","0","0","0","0","30","91920","  2"
"2025-26","Fall","BIT","5594","Web Apps & Elec Com","Ghandforoush","3.76","66.7","22.9","2.1","4.2","2.1","0","0","0","0","0","0","2.1","0","48","82061","  3"
"2025-26","Fall","BIT","5624","Project Management","Hall","3.67","41.9","32.3","19.4","3.2","0","0","3.2","0","0","0","0","0","0","31","82062","  2"
"2025-26","Fall","BIT","5724","Managerial Statistics","Fraticelli","3.36","41.2","17.6","11.8","11.8","11.8","0","0","0","0","0","0","5.9","0","17","82063","  3"
"2025-26","Fall","BIT","5964","Field Study","Justice","3.85","82.6","0","8.7","8.7","0","0","0","0","0","0","0","0","0","23","82065","  1"
"2025-26","Fall","BIT","6424","Theory Building Seminar in BIT","Venkatesh","3.78","50","37.5","6.3","6.3","0","0","0","0","0","0","0","0","0","16","82074","  3"
"2025-26","Fall","BIT","6984","SS: Seminar in Cybersecurity","Vance","3.96","87.5","12.5","0","0","0","0","0","0","0","0","0","0","0","8","92698","  3"
"2025-26","Fall","BIT","6984","SS: Comp Stats Bus Rsrch","Lowry","3.56","33.3","22.2","22.2","22.2","0","0","0","0","0","0","0","0","0","9","92096","  3"
"2025-26","Fall","BMES","2004","Concussion Perspectives","Begonia","3.79","89.8","1.4","0.9","1.9","0.9","0","0.9","0.9","0.5","0","0","2.8","0","215","91935","  3"
"2025-26","Fall","BMES","2004","Concussion Perspectives","Miller","3.87","90.7","2.2","1.1","2.6","0.2","0.7","0.2","0.2","0.2","0.7","0","1.1","4","453","91934","  3"
"2025-26","Fall","BMES","2004","Concussion Perspectives","Stark","3.92","92.6","1","1.4","3.1","0.4","0.7","0.3","0","0.1","0.1","0","0.3","1","734","91933","  3"
"2025-26","Fall","BMES","2004","Concussion Perspectives","Rowson","3.91","93.7","1.8","0.5","2","0.1","0.1","0.3","0","0.3","0","0.1","1","1","735","82082","  3"
"2025-26","Fall","BMES","2014","BME Professional Practice","Taylor","3.79","85.8","4.7","0.8","0.8","0.8","0.8","2.4","0.8","1.6","0.8","0","0.8","0","127","82083","  1"
"2025-26","Fall","BMES","2074","Comp Methods Biomedical Eng","Arena","2.87","26.2","11.9","2.4","14.3","7.1","16.7","4.8","4.8","4.8","2.4","4.8","0","0","42","82084","  2"
"2025-26","Fall","BMES","2104","Intro Biomedical Engineering","Roberts","3.96","91.6","5.3","2.1","1.1","0","0","0","0","0","0","0","0","0","95","82085","  3"
"2025-26","Fall","BMES","3004","Helmet Design","Duma","3.86","90.6","2.2","1.4","2","0.8","0.4","0.8","0","0.2","0.4","0.2","1.2","2","511","91937","  3"
"2025-26","Fall","BMES","3004","Helmet Design","Rowson","3.9","92.8","1.8","1.1","2.2","0.3","0.4","0","0","0","0.4","0","1.1","3","734","82089","  3"
"2025-26","Fall","BMES","3024","BME Cell Engineering Lab","Lee","3.87","70","20","10","0","0","0","0","0","0","0","0","0","0","20","82092","  2"
"2025-26","Fall","BMES","3024","BME Cell Engineering Lab","VandeVord","3.93","87.5","8.3","0","4.2","0","0","0","0","0","0","0","0","0","24","82090","  2"
"2025-26","Fall","BMES","3024","BME Cell Engineering Lab","VandeVord","3.96","91.7","4.2","4.2","0","0","0","0","0","0","0","0","0","0","24","82091","  2"
"2025-26","Fall","BMES","3024","BME Cell Engineering Lab","Lee","4","100","0","0","0","0","0","0","0","0","0","0","0","0","7","91154","  2"
"2025-26","Fall","BMES","3034","Bioinstrumentation Lab","Gurari","3.48","44.4","0","11.1","44.4","0","0","0","0","0","0","0","0","0","9","91155","  2"
"2025-26","Fall","BMES","3134","Intro to Biomedical Imaging","Han","3.26","52.6","0","0","26.3","0","0","15.8","0","0","5.3","0","0","1","19","82093","  3"
"2025-26","Fall","BMES","3134","Intro to Biomedical Imaging","LaConte","3.26","52.6","0","0","26.3","0","0","15.8","0","0","5.3","0","0","1","19","82093","  3"
"2025-26","Fall","BMES","3144","Biomedical Devices","Newton","3.58","37.8","32.4","13.5","8.1","0","5.4","2.7","0","0","0","0","0","0","37","82094","  3"
"2025-26","Fall","BMES","3184","Problem Solving in BME","Collins","2.92","15","5","15","25","20","5","5","5","0","5","0","0","0","20","91159","  3"
"2025-26","Fall","BMES","3224","Automobile Safety","Rowson","3.96","96.8","0.9","0.6","0.9","0","0","0.2","0","0","0.2","0.2","0.2","0","464","91939","  3"
"2025-26","Fall","BMES","3224","Automobile Safety","Dingus","3.92","94.1","0.8","1.4","2.2","0.2","0.2","0.4","0","0","0","0.2","0.6","2","510","91160","  3"
"2025-26","Fall","BMES","3984","SS: CAD with Solidworks","Newton","3.87","83.8","5.4","2.7","2.7","5.4","0","0","0","0","0","0","0","0","37","92022","  3"
"2025-26","Fall","BMES","4015","BME Senior Design and Project","Arena","3.75","61","19.5","8.5","6.1","2.4","2.4","0","0","0","0","0","0","0","82","82099","  3"
"2025-26","Fall","BMES","4064","Intro Medical Physiology","Lee","3.91","82.7","13.5","1","1","0","1.9","0","0","0","0","0","0","0","104","91158","  3"
"2025-26","Fall","BMES","4134","BME Global Societal Ethics","Taylor","3.95","96.5","0","1.2","0","1.2","0","1.2","0","0","0","0","0","0","85","82101","  3"
"2025-26","Fall","BMES","4234","Mechanics Biological Systems","Wang","3.36","15.4","38.5","23.1","7.7","0","7.7","7.7","0","0","0","0","0","0","13","91161","  3"
"2025-26","Fall","BMES","5044","Engineering Mathematics","Arena","3.27","30","30","20","10","0","0","0","0","0","0","0","10","0","10","82127","  3"
"2025-26","Fall","BMES","5054","Quantitative Cell Physiology","Korneva","3.47","26.7","26.7","20","13.3","13.3","0","0","0","0","0","0","0","0","15","82129","  3"
"2025-26","Fall","BMES","5074","Biomedical Research Design","Perez","3.9","70","27.5","2.5","0","0","0","0","0","0","0","0","0","0","40","91166","  3"
"2025-26","Fall","BMES","5164","Advanced Impact Biomechanics","Rowson","3.9","82.4","5.9","11.8","0","0","0","0","0","0","0","0","0","0","17","91167","  3"
"2025-26","Fall","BMES","5314","Intro. Regenerative Med","Hall","3.84","70","20","0","10","0","0","0","0","0","0","0","0","0","10","82137","  3"
"2025-26","Fall","BMES","5525","Stochastic Signals and Systems","Lanzerotti","3.6","20","40","40","0","0","0","0","0","0","0","0","0","0","5","82138","  3"
"2025-26","Fall","BMES","5604","Cancer Detection Therapeutics","Zhao","3.95","83.3","16.7","0","0","0","0","0","0","0","0","0","0","0","12","82141","  3"
"2025-26","Fall","BMES","5984","SS: Biodesign Innovation Fund","Arena","4","100","0","0","0","0","0","0","0","0","0","0","0","0","5","92100","  3"
"2025-26","Fall","BMSP","2135","Human Anatomy & Physiology","Gillian","2.84","18.7","11","12.3","15.6","10","7.4","9.7","6.6","2.6","3.1","0.5","2.6","16","391","82222","  3"
"2025-26","Fall","BMSP","2145","Human Anatomy & Physiology Lab","Gillian","2.74","15.4","17.9","10.3","5.1","12.8","2.6","17.9","7.7","0","5.1","2.6","2.6","12","39","82224","  1"
"2025-26","Fall","BMSP","2145","Human Anatomy & Physiology Lab","Gillian","3.01","25.6","15.4","12.8","12.8","10.3","2.6","7.7","2.6","2.6","2.6","2.6","2.6","7","39","92197","  1"
"2025-26","Fall","BMSP","2145","Human Anatomy & Physiology Lab","Gillian","2.63","14.9","4.3","12.8","19.1","12.8","8.5","10.6","0","4.3","4.3","4.3","4.3","7","47","82223","  1"
"2025-26","Fall","BMSP","2145","Human Anatomy & Physiology Lab","Boerth","3.88","83.9","3.2","4.8","8.1","0","0","0","0","0","0","0","0","1","62","82225","  1"
"2025-26","Fall","BMSP","2145","Human Anatomy & Physiology Lab","Boerth","3.75","78.1","0","6.3","14.1","0","0","0","0","0","0","0","1.6","3","64","82226","  1"
"2025-26","Fall","BMSP","2145","Human Anatomy & Physiology Lab","Boerth","3.75","72.5","4.3","8.7","10.1","0","2.9","1.4","0","0","0","0","0","1","69","92195","  1"
"2025-26","Fall","BMSP","4974","Independent Study","Gillian","4","100","0","0","0","0","0","0","0","0","0","0","0","0","15","82227","  1"
"2025-26","Fall","BMVS","4994","Undergraduate Research","Luo","4","100","0","0","0","0","0","0","0","0","0","0","0","0","5","82239","  1"
"2025-26","Fall","BMVS","4994","Undergraduate Research","Allen","4","100","0","0","0","0","0","0","0","0","0","0","0","0","6","82242","  2"
"2025-26","Fall","BMVS","4994","Undergraduate Research","He","4","100","0","0","0","0","0","0","0","0","0","0","0","0","8","82246","  3"
"2025-26","Fall","BMVS","5014","Animal Pathology Residency","Zimmerman","4","100","0","0","0","0","0","0","0","0","0","0","0","0","5","82251","  3"
"2025-26","Fall","BMVS","5094","Grant Writing and Ethics","Caswell","4","100","0","0","0","0","0","0","0","0","0","0","0","0","22","82252","  3"
"2025-26","Fall","BMVS","5564","Intro Clin Res","Werre","3.71","44.4","33.3","11.1","11.1","0","0","0","0","0","0","0","0","0","9","82258","  2"
"2025-26","Fall","BMVS","5594","Curr Tech Biomed Sci","Caswell","4","100","0","0","0","0","0","0","0","0","0","0","0","0","19","82259","  1"
"2025-26","Fall","BMVS","5594","Curr Tech Biomed Sci","Morton","4","100","0","0","0","0","0","0","0","0","0","0","0","0","19","82259","  1"
"2025-26","Fall","BMVS","6084","Veterinary Speciality Clinics","Keebaugh","3.72","50","16.7","33.3","0","0","0","0","0","0","0","0","0","0","6","82275","  3"
"2025-26","Fall","BMVS","6534","Mech Dis Vet Med","Buechner-Maxwell","3.83","83.3","0","0","16.7","0","0","0","0","0","0","0","0","0","6","82277","  3"
"2025-26","Fall","BSE","1004","Biol Sys Eng Global Good","Krometis","3.41","60.7","14.3","0","7.1","0","3.6","3.6","3.6","0","0","3.6","3.6","0","28","82283","  1"
"2025-26","Fall","BSE","2004","Intro Biological Systems Eng","Bell","3.69","57.1","7.1","21.4","14.3","0","0","0","0","0","0","0","0","0","14","82284","  3"
"2025-26","Fall","BSE","2004","Intro Biological Systems Eng","Bell","3.51","41.2","17.6","11.8","17.6","5.9","5.9","0","0","0","0","0","0","0","17","82285","  3"
"2025-26","Fall","BSE","3154","Thermo Biol Systems","Senger","3.33","45.2","9.7","3.2","19.4","3.2","9.7","0","9.7","0","0","0","0","0","31","82286","  3"
"2025-26","Fall","BSE","3324","Small Watershed Hydrology","Edwards","3.16","36","8","12","12","4","12","4","12","0","0","0","0","0","25","82287","  3"
"2025-26","Fall","BSE","4014","Engineering Biology CURE","Wright","3.47","65","10","5","0","5","5","0","5","0","0","0","5","0","20","92025","  2"
"2025-26","Fall","BSE","4125","Comprehensive Design Project","Wayne","3.82","57.6","33.3","6.1","0","3","0","0","0","0","0","0","0","0","33","82288","  2"
"2025-26","Fall","BSE","4224","Field Methods in Hydrology","Czuba","3.89","85.7","7.1","0","0","7.1","0","0","0","0","0","0","0","0","14","82290","  3"
"2025-26","Fall","BSE","4324","Applied Fluvial Geomorphology","Thompson","3","14.3","14.3","14.3","35.7","7.1","7.1","0","0","0","0","0","7.1","1","14","82291","  3"
"2025-26","Fall","BSE","4524","Biol Proc Plant Des","Barone","3.87","66.7","25","8.3","0","0","0","0","0","0","0","0","0","0","12","82292","  3"
"2025-26","Fall","BSE","4534","Bioprocess Engineering Lab","Sun","4","100","0","0","0","0","0","0","0","0","0","0","0","0","5","82293","  1"
"2025-26","Fall","BSE","4534","Bioprocess Engineering Lab","Sun","4","100","0","0","0","0","0","0","0","0","0","0","0","0","8","82294","  1"
"2025-26","Fall","BSE","4544","Protein Separation Engineering","Zhang","3.15","9.1","9.1","36.4","18.2","18.2","9.1","0","0","0","0","0","0","0","11","91571","  3"
"2025-26","Fall","BSE","4994","Undergraduate Research","Duraj-Thatte","3.94","83.3","16.7","0","0","0","0","0","0","0","0","0","0","0","6","82303","  2"
"2025-26","Fall","BSE","5044","Engineering Mathematics","Arena","3.83","83.3","0","0","16.7","0","0","0","0","0","0","0","0","0","6","82317","  3"
"2025-26","Fall","BSE","5224","Adv Field Methods in Hydrology","Czuba","4","100","0","0","0","0","0","0","0","0","0","0","0","0","10","82319","  3"
"2025-26","Fall","BSE","5324","Applied Fluvial Geomorphology","Thompson","3.62","33.3","33.3","16.7","16.7","0","0","0","0","0","0","0","0","0","6","82320","  3"
"2025-26","Fall","BSE","5544","Adv Protein Separation Eng","Zhang","3.71","66.7","11.1","0","11.1","11.1","0","0","0","0","0","0","0","1","9","91572","  3"
"2025-26","Fall","CEE","2804","Introduction to CEE","Katz","3.82","73.7","5.3","15.8","5.3","0","0","0","0","0","0","0","0","1","19","82385","  3"
"2025-26","Fall","CEE","2804","Introduction to CEE","Katz","3.89","84.2","5.3","5.3","5.3","0","0","0","0","0","0","0","0","0","19","82386","  3"
"2025-26","Fall","CEE","2804","Introduction to CEE","Katz","3.68","57.9","10.5","15.8","10.5","5.3","0","0","0","0","0","0","0","0","19","82390","  3"
"2025-26","Fall","CEE","2804","Introduction to CEE","Katz","3.82","70","20","0","5","5","0","0","0","0","0","0","0","0","20","82384","  3"
"2025-26","Fall","CEE","2804","Introduction to CEE","Katz","3.64","45","30","10","10","0","0","5","0","0","0","0","0","0","20","82387","  3"
"2025-26","Fall","CEE","2804","Introduction to CEE","Katz","3.78","85","5","0","5","0","0","0","0","0","5","0","0","0","20","82388","  3"
"2025-26","Fall","CEE","2804","Introduction to CEE","Katz","3.62","70","10","5","5","5","0","0","0","0","0","0","5","0","20","82389","  3"
"2025-26","Fall","CEE","2804","Introduction to CEE","Katz","3.85","80","10","0","5","5","0","0","0","0","0","0","0","1","20","82392","  3"
"2025-26","Fall","CEE","2804","Introduction to CEE","Katz","3.6","65","20","0","5","0","5","0","0","0","0","0","5","0","20","82394","  3"
"2025-26","Fall","CEE","2804","Introduction to CEE","Katz","3.7","66.7","19","4.8","0","4.8","0","0","0","0","4.8","0","0","0","21","82391","  3"
"2025-26","Fall","CEE","2804","Introduction to CEE","Katz","3.43","59.1","13.6","4.5","9.1","0","0","4.5","0","0","4.5","0","4.5","0","22","82383","  3"
"2025-26","Fall","CEE","2804","Introduction to CEE","Katz","3.8","76","12","4","0","4","0","4","0","0","0","0","0","0","25","82393","  3"
"2025-26","Fall","CEE","2804","Introduction to CEE","Katz","3.49","40","32","16","0","4","0","0","4","0","0","0","4","0","25","82395","  3"
"2025-26","Fall","CEE","2814","Geomatics","Young","2.9","28.6","4.8","19","14.3","0","4.8","9.5","4.8","4.8","4.8","4.8","0","1","21","82399","  4"
"2025-26","Fall","CEE","2814","Geomatics","Young","2.93","11.1","25.9","11.1","11.1","7.4","7.4","18.5","3.7","0","0","3.7","0","1","27","82396","  4"
"2025-26","Fall","CEE","2814","Geomatics","Young","2.97","30","16.7","6.7","3.3","13.3","6.7","10","3.3","0","6.7","0","3.3","0","30","82398","  4"
"2025-26","Fall","CEE","2814","Geomatics","Young","3.3","27.8","22.2","16.7","13.9","5.6","2.8","2.8","5.6","2.8","0","0","0","0","36","82397","  4"
"2025-26","Fall","CEE","2834","CE Drawings & Virtual Modeling","White","3.62","62.5","16.7","5.2","8.3","1","1","0","1","0","0","1","3.1","1","96","82401","  3"
"2025-26","Fall","CEE","2834","CE Drawings & Virtual Modeling","White","3.48","58.2","6.1","12.2","6.1","5.1","5.1","2","1","0","0","3.1","1","1","98","82400","  3"
"2025-26","Fall","CEE","3014","Construction Management","Ford","2.67","18.2","6.1","9.1","16.7","12.1","12.1","10.6","3","0","4.5","0","7.6","2","66","82407","  3"
"2025-26","Fall","CEE","3014","Construction Management","Paige","3.79","66.7","17.4","8.7","2.9","1.4","1.4","1.4","0","0","0","0","0","0","69","91350","  3"
"2025-26","Fall","CEE","3104","Intro Environ Engr","Choi","3.07","31.8","9.1","9.1","15.9","6.8","11.4","6.8","0","4.5","2.3","2.3","0","0","44","82408","  3"
"2025-26","Fall","CEE","3104","Intro Environ Engr","Dietrich","3.15","25.4","10.2","22","10.2","10.2","15.3","0","5.1","0","1.7","0","0","0","59","82409","  3"
"2025-26","Fall","CEE","3274","Intro Land Development","Young","2.42","8.3","9.3","8.3","17.6","2.8","11.1","10.2","9.3","13","6.5","1.9","1.9","2","108","82410","  3"
"2025-26","Fall","CEE","3274","Intro Land Development","Shealy","3.65","30.8","46.2","15.4","0","7.7","0","0","0","0","0","0","0","0","13","91354","  3"
"2025-26","Fall","CEE","3304","Fluid Mech for CEE","Scardina","2.55","12.9","12.9","9.7","12.9","12.9","3.2","9.7","3.2","6.5","9.7","0","6.5","1","31","82416","  4"
"2025-26","Fall","CEE","3304","Fluid Mech for CEE","Scardina","2.1","8.9","2.2","8.9","11.1","15.6","4.4","8.9","6.7","8.9","4.4","8.9","11.1","4","45","82418","  4"
"2025-26","Fall","CEE","3304","Fluid Mech for CEE","Foroutan","2.97","22.2","9.5","15.9","14.3","12.7","7.9","3.2","9.5","1.6","0","0","3.2","0","63","82413","  4"
"2025-26","Fall","CEE","3314","Water Resources Engineering","Scardina","2.04","0","0","13.3","13.3","13.3","20","6.7","6.7","6.7","0","6.7","13.3","0","15","92191","  4"
"2025-26","Fall","CEE","3314","Water Resources Engineering","Scardina","2.29","11.8","5.9","0","23.5","5.9","17.6","0","11.8","5.9","5.9","0","11.8","0","17","82421","  4"
"2025-26","Fall","CEE","3314","Water Resources Engineering","Scardina","2.62","0","30","10","5","0","15","25","5","0","10","0","0","0","20","82423","  4"
"2025-26","Fall","CEE","3314","Water Resources Engineering","Scardina","2.46","12.5","0","0","12.5","25","12.5","25","0","0","12.5","0","0","0","8","82422","  4"
"2025-26","Fall","CEE","3404","Intro Structural Engineering","Leon","3.58","25","33.3","33.3","8.3","0","0","0","0","0","0","0","0","0","12","91351","  3"
"2025-26","Fall","CEE","3404","Intro Structural Engineering","Leon","2.81","10.8","16.2","16.2","5.4","10.8","10.8","21.6","0","8.1","0","0","0","5","37","91362","  3"
"2025-26","Fall","CEE","3404","Intro Structural Engineering","Koutromanos","2.8","26","14","12","8","10","2","8","4","0","2","6","8","4","50","82425","  3"
"2025-26","Fall","CEE","3424","Reinf Concr Struct I","Almasarani","3.48","46.3","12.2","12.2","9.8","12.2","2.4","4.9","0","0","0","0","0","0","41","82426","  3"
"2025-26","Fall","CEE","3434","Design of Steel Structures I","Phillips","3.52","55","5","5","15","15","5","0","0","0","0","0","0","0","20","82427","  4"
"2025-26","Fall","CEE","3514","Intro to Geotechnical Engr","Rahman","3.11","21.1","15.8","21.1","15.8","13.2","0","7.9","0","0","0","0","5.3","1","38","82432","  4"
"2025-26","Fall","CEE","3514","Intro to Geotechnical Engr","Dove","2.4","14.3","11.9","4.8","7.1","9.5","9.5","14.3","4.8","0","14.3","4.8","4.8","1","42","82428","  4"
"2025-26","Fall","CEE","3514","Intro to Geotechnical Engr","Beemer","3.4","37.5","14.6","16.7","16.7","4.2","0","8.3","2.1","0","0","0","0","0","48","82431","  4"
"2025-26","Fall","CEE","3604","Intro Transport Engr","Katz","3.91","70","30","0","0","0","0","0","0","0","0","0","0","0","10","92234","  3"
"2025-26","Fall","CEE","3604","Intro Transport Engr","Hancock","3.39","18.5","29.6","25.9","11.1","7.4","3.7","3.7","0","0","0","0","0","0","27","82436","  3"
"2025-26","Fall","CEE","3604","Intro Transport Engr","Abbas","3.59","40.4","25","19.2","7.7","1.9","5.8","0","0","0","0","0","0","0","52","82435","  3"
"2025-26","Fall","CEE","3684","Civil Engineering Materials","Mokarem","3.91","80","13.3","6.7","0","0","0","0","0","0","0","0","0","0","15","82441","  4"
"2025-26","Fall","CEE","3684","Civil Engineering Materials","Mokarem","3.96","86.7","13.3","0","0","0","0","0","0","0","0","0","0","0","15","82442","  4"
"2025-26","Fall","CEE","3684","Civil Engineering Materials","Mokarem","3.78","66.7","13.3","6.7","13.3","0","0","0","0","0","0","0","0","0","15","82443","  4"
"2025-26","Fall","CEE","3684","Civil Engineering Materials","Mokarem","3.84","62.5","31.3","0","6.3","0","0","0","0","0","0","0","0","0","16","82437","  4"
"2025-26","Fall","CEE","3684","Civil Engineering Materials","Mokarem","3.84","62.5","31.3","0","6.3","0","0","0","0","0","0","0","0","0","16","82438","  4"
"2025-26","Fall","CEE","3684","Civil Engineering Materials","Mokarem","3.84","75","12.5","0","12.5","0","0","0","0","0","0","0","0","0","16","82439","  4"
"2025-26","Fall","CEE","3684","Civil Engineering Materials","Mokarem","3.88","75","12.5","12.5","0","0","0","0","0","0","0","0","0","0","16","82440","  4"
"2025-26","Fall","CEE","3684","Civil Engineering Materials","Mokarem","3.96","87.5","12.5","0","0","0","0","0","0","0","0","0","0","0","16","82444","  4"
"2025-26","Fall","CEE","3804","Computer Applications for CEE","Gallagher","3.16","28","16","16","14","10","4","2","2","2","2","2","2","3","50","82445","  3"
"2025-26","Fall","CEE","3804","Computer Applications for CEE","Jazizadeh Karimi","3.06","22.4","20.7","19","8.6","6.9","8.6","1.7","1.7","1.7","1.7","3.4","3.4","0","58","82446","  3"
"2025-26","Fall","CEE","3814","Analytics in CEE","Liao","3.19","12.7","23.6","25.5","18.2","10.9","1.8","0","1.8","1.8","1.8","1.8","0","0","55","82447","  3"
"2025-26","Fall","CEE","3814","Analytics in CEE","Gallagher","3.32","24.6","23","14.8","14.8","18","1.6","0","0","1.6","1.6","0","0","0","61","82448","  3"
"2025-26","Fall","CEE","3954","SA: Art and Infrastructure","Leon","4","100","0","0","0","0","0","0","0","0","0","0","0","0","12","91355","  3"
"2025-26","Fall","CEE","3954","SA: Art and Infrastructure","Shealy","4","100","0","0","0","0","0","0","0","0","0","0","0","0","12","91355","  3"
"2025-26","Fall","CEE","4014","Est, Prod & Cost Engr","Biscotte","2.84","12","12","12","24","4","12","16","0","4","4","0","0","0","25","82453","  3"
"2025-26","Fall","CEE","4014","Est, Prod & Cost Engr","Biscotte","3.21","23.1","15.4","15.4","15.4","15.4","7.7","7.7","0","0","0","0","0","0","26","82454","  3"
"2025-26","Fall","CEE","4024","Const Control Tech","Yu","3.74","58.3","27.1","4.2","8.3","0","0","0","0","0","0","2.1","0","0","48","91241","  3"
"2025-26","Fall","CEE","4074","Const Means & Methods","Guill","2.91","4.1","10.2","20.4","14.3","30.6","12.2","6.1","2","0","0","0","0","0","49","82456","  3"
"2025-26","Fall","CEE","4104","Water & Wastewater","Knocke","3.27","11.1","27.8","11.1","33.3","11.1","5.6","0","0","0","0","0","0","0","18","82457","  3"
"2025-26","Fall","CEE","4264","Sustainable Land Development","White","3.05","9.8","19.6","17.6","25.5","9.8","7.8","5.9","0","0","2","0","2","0","51","82459","  3"
"2025-26","Fall","CEE","4274","Land Development Design","Young","3.33","18.9","16.2","37.8","10.8","10.8","2.7","0","2.7","0","0","0","0","0","37","82460","  3"
"2025-26","Fall","CEE","4304","Hydrology","Saksena","3.51","41.5","24.4","12.2","4.9","4.9","7.3","4.9","0","0","0","0","0","0","41","82461","  3"
"2025-26","Fall","CEE","4324","Open Channel Flow","Strom","3.16","16.7","27.8","11.1","22.2","5.6","5.6","0","5.6","0","5.6","0","0","0","18","82463","  3"
"2025-26","Fall","CEE","4534","Earth Pres Fdn Struc","Vantassel","2.77","29.4","11.8","11.8","5.9","5.9","0","11.8","11.8","0","0","0","11.8","0","17","82464","  3"
"2025-26","Fall","CEE","4604","Traffic Engineering","Rakha","2.66","14","7","11.6","20.9","20.9","4.7","0","9.3","0","0","0","11.6","0","43","82465","  3"
"2025-26","Fall","CEE","4610","Mechanics Composite Materials","Case","1.95","14.3","0","7.1","7.1","0","0","21.4","0","7.1","35.7","7.1","0","0","14","82466","  3"
"2025-26","Fall","CEE","4614","Concrete Materials","Brand","3.85","76.3","10.5","7.9","2.6","2.6","0","0","0","0","0","0","0","0","38","91243","  3"
"2025-26","Fall","CEE","4664","Pavement Design","Mishra","3.9","65.4","34.6","0","0","0","0","0","0","0","0","0","0","0","26","82467","  3"
"2025-26","Fall","CEE","4674","Airport Planning and Design","Trani","2.8","14.3","4.8","16.7","11.9","21.4","9.5","11.9","4.8","2.4","0","0","2.4","0","42","82468","  3"
"2025-26","Fall","CEE","4684","Transportation Safety","Katz","3.7","43.5","37","10.9","4.3","2.2","0","2.2","0","0","0","0","0","0","46","82469","  3"
"2025-26","Fall","CEE","4804","Prof & Legal Issues Civil Eng","Branscome","3.53","38.3","27.7","12.8","8.5","6.4","2.1","2.1","2.1","0","0","0","0","0","47","82470","  3"
"2025-26","Fall","CEE","4804","Prof & Legal Issues Civil Eng","Branscome","3.65","43.1","33.3","9.8","7.8","2","2","2","0","0","0","0","0","0","51","82471","  3"
"2025-26","Fall","CEE","4854","Machine Learning Appl in CEE","Vantassel","3.2","50","0","10","10","10","10","0","0","0","0","10","0","0","10","92039","  3"
"2025-26","Fall","CEE","5024","Contr Admin & Claims","Garvin","3.95","82.4","17.6","0","0","0","0","0","0","0","0","0","0","0","17","82487","  3"
"2025-26","Fall","CEE","5060","Blt Env Info Modeling & Procng","Jazizadeh Karimi","3.88","87.5","6.3","0","0","0","6.3","0","0","0","0","0","0","0","16","82489","  3"
"2025-26","Fall","CEE","5084","IT for Infrastructure","Sinha","4","100","0","0","0","0","0","0","0","0","0","0","0","0","6","91334","  3"
"2025-26","Fall","CEE","5104","Environmental Chemistry","Dietrich","3.71","57.1","14.3","14.3","14.3","0","0","0","0","0","0","0","0","0","14","82491","  3"
"2025-26","Fall","CEE","5125","Environ Engr Design","Wilson","4","100","0","0","0","0","0","0","0","0","0","0","0","0","8","82494","  3"
"2025-26","Fall","CEE","5150","Atmospheric Chemistry","Isaacman-VanWertz","3.87","55.6","44.4","0","0","0","0","0","0","0","0","0","0","0","9","91338","  3"
"2025-26","Fall","CEE","5174","Applied Analytics for ES & CE","Rippy","3.92","85.7","9.5","0","4.8","0","0","0","0","0","0","0","0","0","21","82495","  3"
"2025-26","Fall","CEE","5194","Environ Engr Micro","Pruden-Bagchi","3.96","85.7","14.3","0","0","0","0","0","0","0","0","0","0","0","7","82496","  3"
"2025-26","Fall","CEE","5204","GIS Applications CE","Hancock","3.57","33.3","45.8","4.2","0","12.5","0","0","4.2","0","0","0","0","0","24","82498","  3"
"2025-26","Fall","CEE","5234","TS: Watershed Erosion & Sedi","Husic","3.82","81.8","0","0","18.2","0","0","0","0","0","0","0","0","0","11","92036","  3"
"2025-26","Fall","CEE","5234","TS:Sustainable Human-Water Sys","Marston","3.67","72.7","9.1","0","9.1","0","0","0","9.1","0","0","0","0","0","11","92035","  3"
"2025-26","Fall","CEE","5334","Quantitative Hydrology","Saksena","3.95","92.3","0","7.7","0","0","0","0","0","0","0","0","0","0","13","82504","  3"
"2025-26","Fall","CEE","5364","Compound Flood Hazard Modeling","Munoz Pauta","3.91","71.4","28.6","0","0","0","0","0","0","0","0","0","0","0","7","91339","  3"
"2025-26","Fall","CEE","5384","Advanced Open Channel Flow","Strom","3.72","58.3","8.3","25","8.3","0","0","0","0","0","0","0","0","0","12","82506","  3"
"2025-26","Fall","CEE","5410","Intermediate R/C Structures","Thangjitham","3.59","42.1","31.6","5.3","5.3","10.5","5.3","0","0","0","0","0","0","0","19","82509","  3"
"2025-26","Fall","CEE","5420","Computer Mthds Struct Anyls","Arul Jayachandran","3.27","35.3","5.9","17.6","23.5","0","5.9","5.9","5.9","0","0","0","0","0","17","82510","  3"
"2025-26","Fall","CEE","5430","Intermed Design Steel Bldgs","Eatherton","3.4","37.5","18.8","18.8","12.5","0","0","0","12.5","0","0","0","0","0","16","82511","  3"
"2025-26","Fall","CEE","5470","Design for Seismic Loads","Eatherton","3.55","46.7","13.3","13.3","20","0","6.7","0","0","0","0","0","0","0","15","82513","  3"
"2025-26","Fall","CEE","5484","Concrete Microstructure","Brand","4","100","0","0","0","0","0","0","0","0","0","0","0","0","6","92250","  3"
"2025-26","Fall","CEE","5514","Soil Behavior","Green","3.47","34.8","26.1","13","8.7","13","0","0","4.3","0","0","0","0","0","23","82516","  3"
"2025-26","Fall","CEE","5524","Adv Soil Testing","Castellanos","3.8","33.3","66.7","0","0","0","0","0","0","0","0","0","0","0","9","82517","  3"
"2025-26","Fall","CEE","5534","Foundation Engineering I","Rodriguez-Marek","3.4","20.8","29.2","20.8","16.7","8.3","0","0","4.2","0","0","0","0","0","24","82518","  3"
"2025-26","Fall","CEE","5584","Geotech Earthquake Eng","Green","3.64","50","20","10","10","10","0","0","0","0","0","0","0","0","10","82519","  3"
"2025-26","Fall","CEE","5594","Geological Engineering","Fisher","3.74","65","20","5","5","0","0","0","5","0","0","0","0","0","20","82520","  3"
"2025-26","Fall","CEE","5610","Adv Mech Composite Materials","Case","3.88","75","12.5","12.5","0","0","0","0","0","0","0","0","0","0","8","82522","  3"
"2025-26","Fall","CEE","5664","Advanced Concrete Materials","Brand","4","100","0","0","0","0","0","0","0","0","0","0","0","0","9","91349","  3"
"2025-26","Fall","CEE","5694","Traffic Signal Sys Ops & Cont","Abbas","3.91","87.5","0","12.5","0","0","0","0","0","0","0","0","0","0","8","92220","  3"
"2025-26","Fall","CEE","5794","Env Engr Principles","Grant","4","100","0","0","0","0","0","0","0","0","0","0","0","0","21","82525","  3"
"2025-26","Fall","CEE","5804","Engr Ethics and the Public","Edwards","4","100","0","0","0","0","0","0","0","0","0","0","0","0","13","82527","  3"
"2025-26","Fall","CEE","5984","SS: Adv ML Appl in CEE","Vantassel","3.75","62.5","12.5","12.5","12.5","0","0","0","0","0","0","0","0","0","8","92558","  3"
"2025-26","Fall","CEE","5984","SS: Gen AI Theories & Appl","HASNINE","3.92","88.9","0","11.1","0","0","0","0","0","0","0","0","0","0","9","92102","  3"
"2025-26","Fall","CEM","2104","Intro to CEM","Afsari","3.89","86","4","4","4","0","2","0","0","0","0","0","0","0","50","82786","  3"
"2025-26","Fall","CEM","2404","Construction Project Documents","Lally","3.55","47.7","20.5","6.8","6.8","11.4","2.3","4.5","0","0","0","0","0","0","44","82787","  1"
"2025-26","Fall","CEM","2714","Construction Safety Systems","Roofigari-Esfahan","2.67","10.3","3.4","20.7","10.3","10.3","20.7","6.9","10.3","0","6.9","0","0","0","29","82788","  3"
"2025-26","Fall","CEM","2824","Construction Site Analysis","Ammar","2.77","20.7","13.8","6.9","10.3","10.3","13.8","6.9","3.4","3.4","3.4","3.4","3.4","0","29","82789","  3"
"2025-26","Fall","CEM","3024","Cnst Estimating and Scheduling","Guill","2.49","5","5","15","12.5","22.5","5","12.5","7.5","5","5","2.5","2.5","0","40","82790","  3"
"2025-26","Fall","CEM","3024","Cnst Estimating and Scheduling","Smith","2.49","5","5","15","12.5","22.5","5","12.5","7.5","5","5","2.5","2.5","0","40","82790","  3"
"2025-26","Fall","CEM","3064","Intro to Lean Construction","Johnson","3.54","41","20.5","12.8","15.4","7.7","0","0","2.6","0","0","0","0","0","39","82791","  3"
"2025-26","Fall","CEM","3074","Global Design and Construction","Darr","3.56","62.5","12.5","12.5","6.3","0","0","0","0","0","0","0","6.3","0","16","82792","  3"
"2025-26","Fall","CEM","3074","Global Design and Construction","Johnson","3.56","62.5","12.5","12.5","6.3","0","0","0","0","0","0","0","6.3","0","16","82792","  3"
"2025-26","Fall","CEM","3084","Construction Economy","Zhang","3.63","62.3","6.6","8.2","16.4","1.6","1.6","1.6","0","0","1.6","0","0","0","61","91996","  3"
"2025-26","Fall","CEM","3134","Temporary Structures","Gao","3.56","41.7","25","16.7","8.3","0","0","8.3","0","0","0","0","0","0","12","82795","  3"
"2025-26","Fall","CEM","3134","Temporary Structures","Zhang","3.66","75","0","0","12.5","0","12.5","0","0","0","0","0","0","0","8","82794","  3"
"2025-26","Fall","CEM","3164","Construction Health and Safety","Porterfield","2.64","11.1","11.1","0","11.1","44.4","11.1","0","0","0","0","0","11.1","0","9","82796","  3"
"2025-26","Fall","CEM","3984","SS: ASC Competition-Concrete","Thumm","4","100","0","0","0","0","0","0","0","0","0","0","0","0","10","92103","  1"
"2025-26","Fall","CEM","3984","SS:ASC Competition-Heavy Civil","Lally","3.77","91.7","0","0","0","0","0","0","0","8.3","0","0","0","0","12","92106","  1"
"2025-26","Fall","CEM","3984","SS: ASC Competition-Commercial","Thumm","4","100","0","0","0","0","0","0","0","0","0","0","0","0","13","92104","  1"
"2025-26","Fall","CEM","3984","SS: ASC Competition-Design Bld","Thumm","4","100","0","0","0","0","0","0","0","0","0","0","0","2","20","92105","  1"
"2025-26","Fall","CEM","4314","Design of Wood Structures","Hindman","3.34","14.3","33.3","9.5","33.3","0","9.5","0","0","0","0","0","0","0","21","82797","  3"
"2025-26","Fall","CEM","4445","CEM Capstone","Lally","3.68","14.3","71.4","11.4","2.9","0","0","0","0","0","0","0","0","0","35","82798","  3"
"2025-26","Fall","CEM","4445","CEM Capstone","Peery","3.68","14.3","71.4","11.4","2.9","0","0","0","0","0","0","0","0","0","35","82798","  3"
"2025-26","Fall","CEM","4446","CEM Capstone","Lally","3.47","45","10","0","35","5","5","0","0","0","0","0","0","0","20","82799","  3"
"2025-26","Fall","CEM","4446","CEM Capstone","Peery","3.47","45","10","0","35","5","5","0","0","0","0","0","0","0","20","82799","  3"
"2025-26","Fall","CEM","4624","Constr Robotics & Automation","Afsari","3.98","93.3","6.7","0","0","0","0","0","0","0","0","0","0","0","15","82800","  3"
"2025-26","Fall","CEM","4714","Construction Safety Culture","Kleiner","3.36","33.3","9.5","38.1","4.8","0","0","9.5","4.8","0","0","0","0","0","21","91489","  3"
"2025-26","Fall","CEM","4964","Field Work/Practicum","Johnson","3.93","72.7","27.3","0","0","0","0","0","0","0","0","0","0","0","11","82802","  1"
"2025-26","Fall","CEM","4974","Independent Study","Johnson","4","100","0","0","0","0","0","0","0","0","0","0","0","0","6","82804","  3"
"2025-26","Fall","CHE","2114","Mass and Energy Balances","McDowell","3.31","55.6","0","11.1","0","5.6","11.1","11.1","5.6","0","0","0","0","1","18","92553","  3"
"2025-26","Fall","CHE","2114","Mass and Energy Balances","McDowell","3.35","43.2","6.2","8.6","25.9","3.7","2.5","7.4","1.2","0","0","0","1.2","0","81","82810","  3"
"2025-26","Fall","CHE","2164","ChE Thermodynamics","Ducker","2.62","25","10","10","2.5","15","2.5","5","5","7.5","10","0","7.5","1","40","82811","  3"
"2025-26","Fall","CHE","3114","Fluid Transport","Sarmah","3.2","6.6","21.3","32.8","24.6","9.8","0","3.3","0","0","0","0","1.6","0","61","82813","  3"
"2025-26","Fall","CHE","3124","Simulations and Modeling","Achenie","3.18","20.3","20.3","20.3","8.5","15.3","5.1","3.4","0","6.8","0","0","0","1","59","82814","  3"
"2025-26","Fall","CHE","3185","Chem Reactor Analysis & Design","Khatib","3.29","34.4","8.2","19.7","14.8","13.1","1.6","4.9","1.6","0","0","0","1.6","2","61","82815","  2"
"2025-26","Fall","CHE","3186","Chem Reactor Analysis & Design","Khatib","3.49","40.8","19.7","15.8","3.9","11.8","5.3","2.6","0","0","0","0","0","0","76","91092","  2"
"2025-26","Fall","CHE","4016","Unit Operations Laboratory","Martin","3.35","16.7","16.7","41.7","16.7","0","8.3","0","0","0","0","0","0","0","12","91093","  2"
"2025-26","Fall","CHE","4104","Process Materials","Bortner","3.01","16.1","16.1","16.1","12.5","12.5","10.7","7.1","7.1","0","1.8","0","0","2","56","82817","  3"
"2025-26","Fall","CHE","4104","Process Materials","Rajagopalan","3.01","16.1","16.1","16.1","12.5","12.5","10.7","7.1","7.1","0","1.8","0","0","2","56","82817","  3"
"2025-26","Fall","CHE","4114","Energy & Climate Change","Goldstein","3.86","84.8","0","3","12.1","0","0","0","0","0","0","0","0","0","33","82818","  3"
"2025-26","Fall","CHE","4114","Energy & Climate Change","McDowell","3.86","84.8","0","3","12.1","0","0","0","0","0","0","0","0","0","33","82818","  3"
"2025-26","Fall","CHE","4185","Process and Plant Design","Liu","3.47","20.5","33.7","12","30.1","3.6","0","0","0","0","0","0","0","0","83","82820","  4"
"2025-26","Fall","CHE","4304","Biological Transport Phenomena","Goldstein","3.57","25","50","8.3","8.3","0","8.3","0","0","0","0","0","0","0","12","82821","  3"
"2025-26","Fall","CHE","4974","Independent Study","Bortner","4","100","0","0","0","0","0","0","0","0","0","0","0","0","9","82825","  3"
"2025-26","Fall","CHE","4974","Independent Study","Martin","4","100","0","0","0","0","0","0","0","0","0","0","0","0","9","82824","  3"
"2025-26","Fall","CHE","4984","SS: Supercritical Fluids","Kiran","4","100","0","0","0","0","0","0","0","0","0","0","0","0","5","91974","  3"
"2025-26","Fall","CHE","4994","Undergraduate Research","Ducker","3.88","80","0","20","0","0","0","0","0","0","0","0","0","0","5","82836","  2"
"2025-26","Fall","CHE","4994","Undergraduate Research","Martin","4","100","0","0","0","0","0","0","0","0","0","0","0","0","6","82832","  1"
"2025-26","Fall","CHE","5024","Research Proposal Writing","Lu","4","100","0","0","0","0","0","0","0","0","0","0","0","0","7","82840","  1"
"2025-26","Fall","CHE","5125","Transport Phenomena","Davis","3.18","16.7","16.7","0","33.3","33.3","0","0","0","0","0","0","0","0","6","82843","  3"
"2025-26","Fall","CHE","5144","Advanced Thermodynamics","Deshmukh","3.6","40","20","20","20","0","0","0","0","0","0","0","0","0","5","82844","  3"
"2025-26","Fall","CHEM","1004","First Year Experience in Chem","Santos","3.87","92.6","2.1","2.1","0","0","0","0","1.1","0","0","0","2.1","0","95","82853","  1"
"2025-26","Fall","CHEM","1014","Calculations in Chemistry","Wall","2.83","6.9","16.8","14.9","21.8","12.4","5.4","11.4","3","2","2","0.5","3","4","202","82855","  3"
"2025-26","Fall","CHEM","1014","Calculations in Chemistry","Wall","2.81","16","4","16","24","12","12","4","4","0","0","4","4","1","25","82856","  3"
"2025-26","Fall","CHEM","1015","Chemistry in Context","Eddleton","3.9","90.8","0","0","8.1","0","0","1.2","0","0","0","0","0","0","173","82857","  3"
"2025-26","Fall","CHEM","1035","General Chemistry","Eddleton","2.91","17","11.5","13.7","18.1","11","10.4","7.7","3.8","1.6","1.6","1.6","1.6","9","182","82879","  3"
"2025-26","Fall","CHEM","1035","General Chemistry","Orler","2.7","14.1","12.7","10.7","17.6","10.2","8.8","6.8","3.9","4.9","2.9","1.5","5.9","27","205","82876","  3"
"2025-26","Fall","CHEM","1035","General Chemistry","Wall","2.72","12.6","15.4","10.6","13.4","10.6","9.3","12.6","3.3","2.8","3.3","2","4.1","51","246","82874","  3"
"2025-26","Fall","CHEM","1035","General Chemistry","Wagner","2.82","12.7","11","17.3","18","9.5","8.5","11","4.2","1.8","2.1","0.4","3.5","24","283","82875","  3"
"2025-26","Fall","CHEM","1035","General Chemistry","Arachchige","2.92","21.7","12.2","12.2","15","9.4","8","6.3","6.6","1.4","4.2","0.3","2.4","27","286","82873","  3"
"2025-26","Fall","CHEM","1035","General Chemistry","Arachchige","3.09","20.7","19","14.5","13.4","10","6.9","8.6","3.4","0.3","1","0.3","1.7","18","290","82872","  3"
"2025-26","Fall","CHEM","1035","General Chemistry","Wagner","2.88","15.9","12.8","13.8","15.2","9.3","10.7","10.3","5.9","3.4","1.4","0.3","1","17","290","82878","  3"
"2025-26","Fall","CHEM","1035","General Chemistry","Bowen","3","20.9","14.4","14.7","16.1","10.6","7.9","5.8","1.7","1.7","2.1","1","3.1","13","292","82871","  3"
"2025-26","Fall","CHEM","1036","General Chemistry","Bowen","2.62","4.2","8.3","4.2","16.7","25","20.8","8.3","8.3","0","4.2","0","0","5","24","82887","  3"
"2025-26","Fall","CHEM","1036","General Chemistry","Bowen","2.35","8","4","12","12","16","12","8","8","0","4","12","4","4","25","82884","  3"
"2025-26","Fall","CHEM","1036","General Chemistry","Bowen","2.56","8","8","8","20","16","4","16","4","4","12","0","0","2","25","82886","  3"
"2025-26","Fall","CHEM","1036","General Chemistry","Bowen","2.02","7.7","3.8","11.5","11.5","3.8","3.8","15.4","3.8","15.4","7.7","0","15.4","3","26","82881","  3"
"2025-26","Fall","CHEM","1036","General Chemistry","Bowen","1.9","11.5","7.7","0","7.7","11.5","3.8","23.1","0","0","3.8","3.8","26.9","3","26","82882","  3"
"2025-26","Fall","CHEM","1036","General Chemistry","Bowen","2.86","29.6","0","3.7","18.5","11.1","11.1","11.1","7.4","7.4","0","0","0","2","27","82888","  3"
"2025-26","Fall","CHEM","1036","General Chemistry","Bowen","2.63","7.1","14.3","7.1","17.9","7.1","10.7","25","3.6","3.6","0","0","3.6","2","28","82883","  3"
"2025-26","Fall","CHEM","1036","General Chemistry","Bowen","2.36","3.6","7.1","10.7","28.6","0","17.9","3.6","10.7","3.6","3.6","0","10.7","2","28","82885","  3"
"2025-26","Fall","CHEM","1036","General Chemistry","Bowen","2.88","17.2","10.3","20.7","10.3","10.3","6.9","10.3","6.9","0","0","6.9","0","0","29","82880","  3"
"2025-26","Fall","CHEM","1036","General Chemistry","Bowen","2.64","10.3","10.3","3.4","20.7","20.7","6.9","13.8","0","6.9","0","3.4","3.4","0","29","82889","  3"
"2025-26","Fall","CHEM","1045","General Chemistry Laboratory","Tohidi","3.97","88.9","11.1","0","0","0","0","0","0","0","0","0","0","0","18","82988","  1"
"2025-26","Fall","CHEM","1045","General Chemistry Laboratory","Tohidi","3.22","55","5","5","10","10","0","5","0","0","0","0","10","0","20","82896","  1"
"2025-26","Fall","CHEM","1045","General Chemistry Laboratory","Tohidi","3.16","50","15","5","0","5","0","5","10","0","0","5","5","2","20","82910","  1"
"2025-26","Fall","CHEM","1045","General Chemistry Laboratory","Tohidi","3.28","60","0","5","15","0","5","0","5","5","0","0","5","0","20","82917","  1"
"2025-26","Fall","CHEM","1045","General Chemistry Laboratory","Tohidi","3.71","60","15","5","15","5","0","0","0","0","0","0","0","3","20","82921","  1"
"2025-26","Fall","CHEM","1045","General Chemistry Laboratory","Tohidi","3.24","60","0","5","10","10","0","5","0","0","0","0","10","1","20","82927","  1"
"2025-26","Fall","CHEM","1045","General Chemistry Laboratory","Tohidi","3.29","50","15","5","10","0","5","5","0","0","5","0","5","1","20","82979","  1"
"2025-26","Fall","CHEM","1045","General Chemistry Laboratory","Tohidi","3.25","60","10","5","0","5","5","0","0","5","0","0","10","2","20","82996","  1"
"2025-26","Fall","CHEM","1045","General Chemistry Laboratory","Tohidi","3.14","38.1","9.5","14.3","14.3","4.8","4.8","0","0","0","9.5","4.8","0","1","21","82891","  1"
"2025-26","Fall","CHEM","1045","General Chemistry Laboratory","Tohidi","3.44","71.4","0","4.8","9.5","0","0","0","4.8","4.8","0","0","4.8","1","21","82893","  1"
"2025-26","Fall","CHEM","1045","General Chemistry Laboratory","Tohidi","3.63","61.9","4.8","9.5","14.3","4.8","4.8","0","0","0","0","0","0","0","21","82899","  1"
"2025-26","Fall","CHEM","1045","General Chemistry Laboratory","Tohidi","3.47","47.6","9.5","9.5","9.5","19","0","4.8","0","0","0","0","0","0","21","82900","  1"
"2025-26","Fall","CHEM","1045","General Chemistry Laboratory","Tohidi","3.48","76.2","4.8","0","0","0","0","4.8","9.5","0","0","0","4.8","1","21","82902","  1"
"2025-26","Fall","CHEM","1045","General Chemistry Laboratory","Tohidi","2.98","57.1","0","9.5","9.5","0","0","0","0","0","9.5","0","14.3","2","21","82919","  1"
"2025-26","Fall","CHEM","1045","General Chemistry Laboratory","Tohidi","3.89","85.7","9.5","0","0","0","4.8","0","0","0","0","0","0","0","21","82936","  1"
"2025-26","Fall","CHEM","1045","General Chemistry Laboratory","Tohidi","3.35","47.6","4.8","14.3","14.3","4.8","4.8","0","4.8","0","4.8","0","0","2","21","82938","  1"
"2025-26","Fall","CHEM","1045","General Chemistry Laboratory","Tohidi","3.67","71.4","9.5","9.5","4.8","0","0","0","0","0","0","0","4.8","0","21","82949","  1"
"2025-26","Fall","CHEM","1045","General Chemistry Laboratory","Tohidi","3.44","61.9","0","4.8","9.5","9.5","4.8","4.8","0","4.8","0","0","0","0","21","82961","  1"
"2025-26","Fall","CHEM","1045","General Chemistry Laboratory","Tohidi","3.31","47.6","14.3","9.5","0","4.8","9.5","4.8","0","9.5","0","0","0","0","21","82965","  1"
"2025-26","Fall","CHEM","1045","General Chemistry Laboratory","Tohidi","3.82","76.2","4.8","14.3","0","4.8","0","0","0","0","0","0","0","0","21","82971","  1"
"2025-26","Fall","CHEM","1045","General Chemistry Laboratory","Tohidi","3.52","66.7","9.5","9.5","0","0","4.8","0","4.8","0","0","0","4.8","0","21","82976","  1"
"2025-26","Fall","CHEM","1045","General Chemistry Laboratory","Tohidi","3.4","42.9","9.5","14.3","23.8","0","0","0","4.8","4.8","0","0","0","2","21","82989","  1"
"2025-26","Fall","CHEM","1045","General Chemistry Laboratory","Tohidi","3.48","61.9","4.8","9.5","14.3","0","0","0","4.8","0","0","0","4.8","0","21","82995","  1"
"2025-26","Fall","CHEM","1045","General Chemistry Laboratory","Tohidi","3.37","57.1","9.5","4.8","19","0","0","0","0","0","0","0","9.5","0","21","82997","  1"
"2025-26","Fall","CHEM","1045","General Chemistry Laboratory","Tohidi","3.58","61.9","9.5","4.8","4.8","14.3","0","0","0","4.8","0","0","0","0","21","83000","  1"
"2025-26","Fall","CHEM","1045","General Chemistry Laboratory","Tohidi","3.24","50","9.1","4.5","9.1","0","9.1","13.6","0","0","0","0","4.5","0","22","82892","  1"
"2025-26","Fall","CHEM","1045","General Chemistry Laboratory","Tohidi","3.67","77.3","9.1","0","4.5","0","4.5","0","0","0","0","0","4.5","1","22","82901","  1"
"2025-26","Fall","CHEM","1045","General Chemistry Laboratory","Tohidi","3.51","63.6","0","4.5","9.1","9.1","9.1","4.5","0","0","0","0","0","1","22","82914","  1"
"2025-26","Fall","CHEM","1045","General Chemistry Laboratory","Tohidi","3.78","77.3","13.6","4.5","0","0","0","0","0","0","0","4.5","0","0","22","82922","  1"
"2025-26","Fall","CHEM","1045","General Chemistry Laboratory","Tohidi","3.79","81.8","0","4.5","4.5","4.5","4.5","0","0","0","0","0","0","0","22","82923","  1"
"2025-26","Fall","CHEM","1045","General Chemistry Laboratory","Tohidi","3.89","90.9","0","4.5","0","0","4.5","0","0","0","0","0","0","0","22","82925","  1"
"2025-26","Fall","CHEM","1045","General Chemistry Laboratory","Tohidi","3.5","72.7","0","4.5","4.5","4.5","0","9.1","0","0","0","0","4.5","0","22","82935","  1"
"2025-26","Fall","CHEM","1045","General Chemistry Laboratory","Tohidi","3.74","59.1","13.6","22.7","0","4.5","0","0","0","0","0","0","0","0","22","82945","  1"
"2025-26","Fall","CHEM","1045","General Chemistry Laboratory","Tohidi","3.7","72.7","0","4.5","13.6","4.5","4.5","0","0","0","0","0","0","0","22","82951","  1"
"2025-26","Fall","CHEM","1045","General Chemistry Laboratory","Tohidi","3.54","45.5","18.2","9.1","13.6","9.1","0","4.5","0","0","0","0","0","0","22","82962","  1"
"2025-26","Fall","CHEM","1045","General Chemistry Laboratory","Tohidi","3.42","54.5","13.6","9.1","4.5","0","9.1","4.5","0","0","0","0","4.5","0","22","82963","  1"
"2025-26","Fall","CHEM","1045","General Chemistry Laboratory","Tohidi","3.79","86.4","0","4.5","4.5","0","0","0","0","0","4.5","0","0","0","22","82966","  1"
"2025-26","Fall","CHEM","1045","General Chemistry Laboratory","Tohidi","3.84","68.2","22.7","4.5","0","4.5","0","0","0","0","0","0","0","0","22","82977","  1"
"2025-26","Fall","CHEM","1045","General Chemistry Laboratory","Tohidi","3.45","45.5","13.6","9.1","9.1","9.1","13.6","0","0","0","0","0","0","2","22","82993","  1"
"2025-26","Fall","CHEM","1045","General Chemistry Laboratory","Tohidi","3.46","59.1","9.1","4.5","4.5","13.6","4.5","0","0","0","0","0","4.5","0","22","82998","  1"
"2025-26","Fall","CHEM","1045","General Chemistry Laboratory","Tohidi","3.35","50","13.6","0","22.7","4.5","0","0","0","0","4.5","0","4.5","0","22","83011","  1"
"2025-26","Fall","CHEM","1045","General Chemistry Laboratory","Tohidi","3.07","43.5","8.7","4.3","13","0","4.3","17.4","0","0","0","4.3","4.3","1","23","82890","  1"
"2025-26","Fall","CHEM","1045","General Chemistry Laboratory","Tohidi","3.94","91.3","0","8.7","0","0","0","0","0","0","0","0","0","1","23","82903","  1"
"2025-26","Fall","CHEM","1045","General Chemistry Laboratory","Tohidi","3.79","69.6","13","0","17.4","0","0","0","0","0","0","0","0","0","23","82905","  1"
"2025-26","Fall","CHEM","1045","General Chemistry Laboratory","Tohidi","3.52","69.6","8.7","4.3","0","0","4.3","8.7","0","0","0","0","4.3","0","23","82907","  1"
"2025-26","Fall","CHEM","1045","General Chemistry Laboratory","Tohidi","3.79","73.9","13","4.3","4.3","0","0","0","4.3","0","0","0","0","0","23","82916","  1"
"2025-26","Fall","CHEM","1045","General Chemistry Laboratory","Tohidi","3.85","87","0","4.3","4.3","0","4.3","0","0","0","0","0","0","0","23","82918","  1"
"2025-26","Fall","CHEM","1045","General Chemistry Laboratory","Tohidi","3.53","60.9","4.3","17.4","4.3","0","4.3","4.3","0","0","4.3","0","0","1","23","82926","  1"
"2025-26","Fall","CHEM","1045","General Chemistry Laboratory","Tohidi","3.76","73.9","8.7","0","4.3","13","0","0","0","0","0","0","0","0","23","82939","  1"
"2025-26","Fall","CHEM","1045","General Chemistry Laboratory","Tohidi","3.53","56.5","17.4","8.7","8.7","0","0","0","4.3","0","0","0","4.3","1","23","82942","  1"
"2025-26","Fall","CHEM","1045","General Chemistry Laboratory","Tohidi","3.54","52.2","17.4","4.3","4.3","13","4.3","4.3","0","0","0","0","0","0","23","82943","  1"
"2025-26","Fall","CHEM","1045","General Chemistry Laboratory","Tohidi","3.77","82.6","0","0","13","0","0","0","4.3","0","0","0","0","0","23","82947","  1"
"2025-26","Fall","CHEM","1045","General Chemistry Laboratory","Tohidi","3.67","60.9","4.3","8.7","26.1","0","0","0","0","0","0","0","0","0","23","82950","  1"
"2025-26","Fall","CHEM","1045","General Chemistry Laboratory","Tohidi","3.93","82.6","13","4.3","0","0","0","0","0","0","0","0","0","0","23","82952","  1"
"2025-26","Fall","CHEM","1045","General Chemistry Laboratory","Tohidi","3.52","73.9","0","8.7","0","4.3","0","4.3","4.3","0","0","0","4.3","0","23","82959","  1"
"2025-26","Fall","CHEM","1045","General Chemistry Laboratory","Tohidi","3.71","82.6","0","8.7","0","4.3","0","0","0","0","0","0","4.3","0","23","82960","  1"
"2025-26","Fall","CHEM","1045","General Chemistry Laboratory","Tohidi","3.47","69.6","4.3","0","4.3","4.3","0","4.3","4.3","8.7","0","0","0","0","23","82969","  1"
"2025-26","Fall","CHEM","1045","General Chemistry Laboratory","Tohidi","3.93","87","4.3","8.7","0","0","0","0","0","0","0","0","0","0","23","82970","  1"
"2025-26","Fall","CHEM","1045","General Chemistry Laboratory","Tohidi","3.87","78.3","13","4.3","0","4.3","0","0","0","0","0","0","0","1","23","82973","  1"
"2025-26","Fall","CHEM","1045","General Chemistry Laboratory","Tohidi","3.25","52.2","13","8.7","4.3","4.3","0","4.3","0","4.3","0","0","8.7","0","23","82982","  1"
"2025-26","Fall","CHEM","1045","General Chemistry Laboratory","Tohidi","3.71","73.9","4.3","0","13","4.3","0","4.3","0","0","0","0","0","0","23","82984","  1"
"2025-26","Fall","CHEM","1045","General Chemistry Laboratory","Tohidi","3.55","56.5","8.7","13","4.3","13","0","0","0","4.3","0","0","0","0","23","82987","  1"
"2025-26","Fall","CHEM","1045","General Chemistry Laboratory","Tohidi","3.8","65.2","17.4","8.7","8.7","0","0","0","0","0","0","0","0","0","23","82994","  1"
"2025-26","Fall","CHEM","1045","General Chemistry Laboratory","Tohidi","2.97","34.8","8.7","4.3","26.1","0","8.7","4.3","0","0","4.3","0","8.7","0","23","82999","  1"
"2025-26","Fall","CHEM","1045","General Chemistry Laboratory","Tohidi","3.36","34.8","13","30.4","13","0","0","0","0","0","8.7","0","0","0","23","83009","  1"
"2025-26","Fall","CHEM","1045","General Chemistry Laboratory","Tohidi","3.24","45.8","20.8","4.2","4.2","0","12.5","4.2","0","0","0","0","8.3","0","24","82897","  1"
"2025-26","Fall","CHEM","1045","General Chemistry Laboratory","Tohidi","3.82","79.2","8.3","4.2","4.2","0","0","4.2","0","0","0","0","0","0","24","82898","  1"
"2025-26","Fall","CHEM","1045","General Chemistry Laboratory","Tohidi","3.75","70.8","8.3","8.3","8.3","0","0","4.2","0","0","0","0","0","0","24","82904","  1"
"2025-26","Fall","CHEM","1045","General Chemistry Laboratory","Tohidi","3.77","75","4.2","4.2","8.3","8.3","0","0","0","0","0","0","0","0","24","82906","  1"
"2025-26","Fall","CHEM","1045","General Chemistry Laboratory","Tohidi","3.57","79.2","8.3","0","0","0","4.2","0","0","0","0","0","8.3","0","24","82908","  1"
"2025-26","Fall","CHEM","1045","General Chemistry Laboratory","Tohidi","3.9","83.3","8.3","4.2","4.2","0","0","0","0","0","0","0","0","0","24","82911","  1"
"2025-26","Fall","CHEM","1045","General Chemistry Laboratory","Tohidi","3.48","62.5","4.2","8.3","8.3","4.2","8.3","0","0","0","0","0","4.2","0","24","82912","  1"
"2025-26","Fall","CHEM","1045","General Chemistry Laboratory","Tohidi","3.89","79.2","8.3","12.5","0","0","0","0","0","0","0","0","0","0","24","82915","  1"
"2025-26","Fall","CHEM","1045","General Chemistry Laboratory","Tohidi","3.79","75","8.3","8.3","4.2","0","0","4.2","0","0","0","0","0","0","24","82920","  1"
"2025-26","Fall","CHEM","1045","General Chemistry Laboratory","Tohidi","3.8","79.2","0","8.3","8.3","4.2","0","0","0","0","0","0","0","0","24","82924","  1"
"2025-26","Fall","CHEM","1045","General Chemistry Laboratory","Tohidi","3.75","66.7","16.7","4.2","8.3","0","0","4.2","0","0","0","0","0","0","24","82934","  1"
"2025-26","Fall","CHEM","1045","General Chemistry Laboratory","Tohidi","3.79","83.3","4.2","0","4.2","0","4.2","4.2","0","0","0","0","0","0","24","82937","  1"
"2025-26","Fall","CHEM","1045","General Chemistry Laboratory","Tohidi","3.74","70.8","8.3","0","12.5","8.3","0","0","0","0","0","0","0","0","24","82957","  1"
"2025-26","Fall","CHEM","1045","General Chemistry Laboratory","Tohidi","3.62","70.8","4.2","4.2","4.2","8.3","0","0","8.3","0","0","0","0","0","24","82958","  1"
"2025-26","Fall","CHEM","1045","General Chemistry Laboratory","Tohidi","3.48","58.3","12.5","4.2","4.2","12.5","0","4.2","0","0","0","0","4.2","0","24","82964","  1"
"2025-26","Fall","CHEM","1045","General Chemistry Laboratory","Tohidi","3.85","87.5","0","0","8.3","0","4.2","0","0","0","0","0","0","0","24","82967","  1"
"2025-26","Fall","CHEM","1045","General Chemistry Laboratory","Tohidi","3.68","58.3","16.7","20.8","0","0","0","0","0","0","4.2","0","0","0","24","82968","  1"
"2025-26","Fall","CHEM","1045","General Chemistry Laboratory","Tohidi","3.83","83.3","4.2","0","8.3","0","4.2","0","0","0","0","0","0","0","24","82972","  1"
"2025-26","Fall","CHEM","1045","General Chemistry Laboratory","Tohidi","3.46","58.3","8.3","8.3","8.3","4.2","4.2","4.2","0","0","0","0","4.2","0","24","82974","  1"
"2025-26","Fall","CHEM","1045","General Chemistry Laboratory","Tohidi","3.61","66.7","12.5","4.2","4.2","0","0","8.3","0","4.2","0","0","0","0","24","82975","  1"
"2025-26","Fall","CHEM","1045","General Chemistry Laboratory","Tohidi","3.93","87.5","8.3","0","4.2","0","0","0","0","0","0","0","0","0","24","82978","  1"
"2025-26","Fall","CHEM","1045","General Chemistry Laboratory","Tohidi","3.89","91.7","4.2","0","0","0","0","0","4.2","0","0","0","0","0","24","82980","  1"
"2025-26","Fall","CHEM","1045","General Chemistry Laboratory","Tohidi","3.75","70.8","12.5","0","8.3","4.2","4.2","0","0","0","0","0","0","0","24","82981","  1"
"2025-26","Fall","CHEM","1045","General Chemistry Laboratory","Tohidi","3.66","75","4.2","4.2","4.2","0","8.3","0","0","4.2","0","0","0","0","24","82985","  1"
"2025-26","Fall","CHEM","1045","General Chemistry Laboratory","Tohidi","3.53","58.3","16.7","8.3","4.2","4.2","0","0","4.2","0","0","0","4.2","0","24","82986","  1"
"2025-26","Fall","CHEM","1045","General Chemistry Laboratory","Tohidi","3.67","79.2","4.2","0","8.3","0","4.2","0","0","0","0","0","4.2","0","24","82991","  1"
"2025-26","Fall","CHEM","1045","General Chemistry Laboratory","Tohidi","3.56","75","0","4.2","4.2","8.3","0","0","4.2","0","0","0","4.2","0","24","83010","  1"
"2025-26","Fall","CHEM","1055","General Chemistry for Majors","Crawford","2.7","23.8","9.5","19","4.8","4.8","0","19","4.8","0","0","4.8","9.5","2","21","83015","  4"
"2025-26","Fall","CHEM","1055","General Chemistry for Majors","Crawford","2.74","27.3","9.1","4.5","9.1","4.5","13.6","13.6","0","4.5","9.1","4.5","0","2","22","83012","  4"
"2025-26","Fall","CHEM","1055","General Chemistry for Majors","Crawford","2.86","45.2","3.2","0","3.2","6.5","9.7","16.1","0","6.5","3.2","0","6.5","4","31","83013","  4"
"2025-26","Fall","CHEM","1056","General Chemistry for Majors","Troya","3.14","36.8","10.5","10.5","0","5.3","15.8","21.1","0","0","0","0","0","3","19","83018","  4"
"2025-26","Fall","CHEM","1056","General Chemistry for Majors","Troya","2.36","5.3","10.5","15.8","5.3","0","15.8","26.3","0","10.5","5.3","0","5.3","1","19","83021","  4"
"2025-26","Fall","CHEM","1056","General Chemistry for Majors","Troya","2.71","5.3","5.3","10.5","26.3","21.1","10.5","15.8","0","0","0","5.3","0","2","19","83022","  4"
"2025-26","Fall","CHEM","1065","Gen Chemistry Lab for Majors","Deck","3.51","64.3","0","14.3","7.1","0","7.1","0","0","7.1","0","0","0","0","14","83029","  1"
"2025-26","Fall","CHEM","1065","Gen Chemistry Lab for Majors","Deck","3.64","68.8","6.3","6.3","12.5","0","0","0","0","6.3","0","0","0","0","16","83025","  1"
"2025-26","Fall","CHEM","1065","Gen Chemistry Lab for Majors","Deck","3.68","58.8","0","29.4","11.8","0","0","0","0","0","0","0","0","0","17","83028","  1"
"2025-26","Fall","CHEM","1065","Gen Chemistry Lab for Majors","Deck","3.66","63.2","21.1","0","0","5.3","5.3","0","5.3","0","0","0","0","0","19","83024","  1"
"2025-26","Fall","CHEM","1066","Gen Chemistry Lab for Majors","Yee","3.82","72.2","11.1","11.1","0","5.6","0","0","0","0","0","0","0","0","18","83030","  1"
"2025-26","Fall","CHEM","1066","Gen Chemistry Lab for Majors","Yee","3.84","66.7","22.2","5.6","5.6","0","0","0","0","0","0","0","0","0","18","83031","  1"
"2025-26","Fall","CHEM","1066","Gen Chemistry Lab for Majors","Yee","3.83","75","10","5","10","0","0","0","0","0","0","0","0","0","20","83032","  1"
"2025-26","Fall","CHEM","2114","Analytical Chemistry","Geller","2.8","24.6","3.3","4.9","29.5","3.3","4.9","18","3.3","0","1.6","1.6","4.9","3","61","83034","  3"
"2025-26","Fall","CHEM","2124","Analytical Chem Lab","Geller","3.58","66.7","0","0","25","0","0","8.3","0","0","0","0","0","0","24","83035","  1"
"2025-26","Fall","CHEM","2124","Analytical Chem Lab","Geller","3.17","45.8","4.2","0","20.8","0","4.2","20.8","0","0","4.2","0","0","0","24","83036","  1"
"2025-26","Fall","CHEM","2514","Survey of Organic Chemistry","Berg","2.77","17.1","8.6","7.6","12.4","16.2","13.3","13.3","2.9","2.9","4.8","0","1","2","105","83037","  3"
"2025-26","Fall","CHEM","2535","Organic Chemistry","Santos","2.97","22.8","16.8","7.4","12.8","14.1","4.7","12.8","0","2","2","3.4","1.3","29","149","83041","  3"
"2025-26","Fall","CHEM","2535","Organic Chemistry","Liu","2.92","19.5","11","12.3","11","14.3","9.7","16.2","0","2.6","1.9","1.3","0","24","154","83038","  3"
"2025-26","Fall","CHEM","2535","Organic Chemistry","Berg","2.62","15","9.3","6.9","18.7","8.5","8.1","17.1","0","5.3","3.7","3.3","4.1","49","246","83040","  3"
"2025-26","Fall","CHEM","2535","Organic Chemistry","Saluga","3.03","30.5","10.3","9.2","11.4","10.7","6.3","15.1","0","2.2","0.4","2.9","1.1","28","272","83039","  3"
"2025-26","Fall","CHEM","2536","Organic Chemistry","Saluga","2.6","20.4","5.6","6.5","17.6","8.3","11.1","13.9","0","2.8","2.8","2.8","8.3","10","108","83042","  3"
"2025-26","Fall","CHEM","2545","Organic Chemistry Laboratory","Santos","2.41","0","0","25","18.8","18.8","12.5","6.3","6.3","0","0","0","12.5","0","16","83062","  1"
"2025-26","Fall","CHEM","2545","Organic Chemistry Laboratory","Santos","3.24","15.8","15.8","36.8","21.1","5.3","0","0","0","0","0","5.3","0","0","19","83074","  1"
"2025-26","Fall","CHEM","2545","Organic Chemistry Laboratory","Santos","3.16","14.3","9.5","19","33.3","19","0","4.8","0","0","0","0","0","1","21","83058","  1"
"2025-26","Fall","CHEM","2545","Organic Chemistry Laboratory","Santos","3.29","19","19","23.8","19","9.5","4.8","4.8","0","0","0","0","0","1","21","83082","  1"
"2025-26","Fall","CHEM","2545","Organic Chemistry Laboratory","Santos","3.03","9.1","22.7","18.2","22.7","9.1","4.5","4.5","0","4.5","4.5","0","0","0","22","83048","  1"
"2025-26","Fall","CHEM","2545","Organic Chemistry Laboratory","Santos","3.03","9.1","9.1","27.3","18.2","27.3","4.5","0","0","0","4.5","0","0","1","22","83050","  1"
"2025-26","Fall","CHEM","2545","Organic Chemistry Laboratory","Santos","3","13.6","13.6","13.6","31.8","9.1","9.1","0","0","0","9.1","0","0","0","22","83072","  1"
"2025-26","Fall","CHEM","2545","Organic Chemistry Laboratory","Santos","3.25","13.6","31.8","18.2","9.1","18.2","4.5","0","0","4.5","0","0","0","0","22","83080","  1"
"2025-26","Fall","CHEM","2545","Organic Chemistry Laboratory","Santos","3.39","30.4","26.1","4.3","13","17.4","8.7","0","0","0","0","0","0","0","23","83046","  1"
"2025-26","Fall","CHEM","2545","Organic Chemistry Laboratory","Santos","3.17","4.3","34.8","26.1","8.7","13","8.7","0","0","0","0","4.3","0","0","23","83047","  1"
"2025-26","Fall","CHEM","2545","Organic Chemistry Laboratory","Santos","3.55","39.1","13","30.4","8.7","8.7","0","0","0","0","0","0","0","0","23","83049","  1"
"2025-26","Fall","CHEM","2545","Organic Chemistry Laboratory","Santos","3.47","26.1","17.4","30.4","26.1","0","0","0","0","0","0","0","0","0","23","83051","  1"
"2025-26","Fall","CHEM","2545","Organic Chemistry Laboratory","Santos","3.33","26.1","26.1","8.7","21.7","0","13","4.3","0","0","0","0","0","0","23","83052","  1"
"2025-26","Fall","CHEM","2545","Organic Chemistry Laboratory","Santos","3.3","21.7","26.1","13","26.1","4.3","0","4.3","0","0","4.3","0","0","0","23","83053","  1"
"2025-26","Fall","CHEM","2545","Organic Chemistry Laboratory","Santos","3.47","30.4","26.1","13","17.4","8.7","4.3","0","0","0","0","0","0","1","23","83067","  1"
"2025-26","Fall","CHEM","2545","Organic Chemistry Laboratory","Santos","3.36","13","43.5","13","17.4","8.7","0","0","0","0","4.3","0","0","0","23","83068","  1"
"2025-26","Fall","CHEM","2545","Organic Chemistry Laboratory","Santos","3.43","30.4","13","26.1","21.7","4.3","4.3","0","0","0","0","0","0","0","23","83069","  1"
"2025-26","Fall","CHEM","2545","Organic Chemistry Laboratory","Santos","3.13","8.7","13","17.4","43.5","8.7","4.3","4.3","0","0","0","0","0","1","23","83076","  1"
"2025-26","Fall","CHEM","2545","Organic Chemistry Laboratory","Santos","3.54","39.1","21.7","13","13","13","0","0","0","0","0","0","0","0","23","83079","  1"
"2025-26","Fall","CHEM","2545","Organic Chemistry Laboratory","Santos","3.34","33.3","16.7","12.5","20.8","8.3","0","4.2","0","0","4.2","0","0","0","24","83043","  1"
"2025-26","Fall","CHEM","2545","Organic Chemistry Laboratory","Santos","3.32","20.8","16.7","37.5","8.3","4.2","8.3","4.2","0","0","0","0","0","0","24","83044","  1"
"2025-26","Fall","CHEM","2545","Organic Chemistry Laboratory","Santos","3.33","16.7","20.8","29.2","25","0","4.2","4.2","0","0","0","0","0","0","24","83045","  1"
"2025-26","Fall","CHEM","2545","Organic Chemistry Laboratory","Santos","3.54","33.3","29.2","4.2","29.2","4.2","0","0","0","0","0","0","0","0","24","83054","  1"
"2025-26","Fall","CHEM","2545","Organic Chemistry Laboratory","Santos","3.51","29.2","37.5","8.3","12.5","4.2","8.3","0","0","0","0","0","0","0","24","83055","  1"
"2025-26","Fall","CHEM","2545","Organic Chemistry Laboratory","Santos","3.43","29.2","16.7","16.7","29.2","8.3","0","0","0","0","0","0","0","0","24","83056","  1"
"2025-26","Fall","CHEM","2545","Organic Chemistry Laboratory","Santos","3.32","20.8","20.8","12.5","33.3","4.2","8.3","0","0","0","0","0","0","0","24","83057","  1"
"2025-26","Fall","CHEM","2545","Organic Chemistry Laboratory","Santos","3.58","45.8","20.8","4.2","20.8","4.2","4.2","0","0","0","0","0","0","0","24","83059","  1"
"2025-26","Fall","CHEM","2545","Organic Chemistry Laboratory","Santos","3.54","37.5","16.7","25","12.5","8.3","0","0","0","0","0","0","0","0","24","83060","  1"
"2025-26","Fall","CHEM","2545","Organic Chemistry Laboratory","Santos","3.13","12.5","25","16.7","20.8","8.3","8.3","0","4.2","0","4.2","0","0","0","24","83061","  1"
"2025-26","Fall","CHEM","2545","Organic Chemistry Laboratory","Santos","3.52","33.3","29.2","8.3","20.8","4.2","4.2","0","0","0","0","0","0","0","24","83063","  1"
"2025-26","Fall","CHEM","2545","Organic Chemistry Laboratory","Santos","3.4","29.2","29.2","16.7","12.5","8.3","0","0","0","0","0","0","4.2","0","24","83064","  1"
"2025-26","Fall","CHEM","2545","Organic Chemistry Laboratory","Santos","3.65","41.7","29.2","12.5","12.5","4.2","0","0","0","0","0","0","0","0","24","83065","  1"
"2025-26","Fall","CHEM","2545","Organic Chemistry Laboratory","Santos","3.17","12.5","12.5","25","20.8","20.8","8.3","0","0","0","0","0","0","0","24","83070","  1"
"2025-26","Fall","CHEM","2545","Organic Chemistry Laboratory","Santos","3.61","33.3","29.2","25","12.5","0","0","0","0","0","0","0","0","0","24","83071","  1"
"2025-26","Fall","CHEM","2545","Organic Chemistry Laboratory","Santos","3.42","29.2","20.8","25","8.3","8.3","4.2","4.2","0","0","0","0","0","0","24","83073","  1"
"2025-26","Fall","CHEM","2545","Organic Chemistry Laboratory","Santos","3.14","4.2","25","16.7","37.5","4.2","8.3","0","4.2","0","0","0","0","0","24","83077","  1"
"2025-26","Fall","CHEM","2545","Organic Chemistry Laboratory","Santos","3.69","54.2","29.2","4.2","4.2","0","4.2","4.2","0","0","0","0","0","0","24","83078","  1"
"2025-26","Fall","CHEM","2545","Organic Chemistry Laboratory","Santos","3.52","29.2","29.2","20.8","8.3","12.5","0","0","0","0","0","0","0","0","24","83081","  1"
"2025-26","Fall","CHEM","2556","Org Syn-Tech Lab","McAlpine","3.68","58.3","16.7","8.3","0","16.7","0","0","0","0","0","0","0","0","12","83087","  2"
"2025-26","Fall","CHEM","2556","Org Syn-Tech Lab","McAlpine","3.45","66.7","16.7","0","5.6","0","0","0","0","0","0","0","11.1","0","18","83085","  2"
"2025-26","Fall","CHEM","2556","Org Syn-Tech Lab","McAlpine","3.67","72.2","11.1","11.1","0","0","0","0","0","0","0","0","5.6","0","18","83086","  2"
"2025-26","Fall","CHEM","2556","Org Syn-Tech Lab","McAlpine","3.61","42.1","31.6","5.3","10.5","5.3","5.3","0","0","0","0","0","0","0","19","83084","  2"
"2025-26","Fall","CHEM","2556","Org Syn-Tech Lab","McAlpine","3.78","66.7","16.7","0","16.7","0","0","0","0","0","0","0","0","0","6","83088","  2"
"2025-26","Fall","CHEM","2556","Org Syn-Tech Lab","McAlpine","3.34","14.3","28.6","14.3","28.6","14.3","0","0","0","0","0","0","0","0","7","83083","  2"
"2025-26","Fall","CHEM","2566","Principles Org Chem","Chen","2.23","8.8","10.5","0","7","21.1","0","8.8","26.3","0","8.8","0","8.8","17","57","83089","  3"
"2025-26","Fall","CHEM","2974","Independent Study","Arachchige","4","100","0","0","0","0","0","0","0","0","0","0","0","0","12","83096","  1"
"2025-26","Fall","CHEM","3004","Bridge to the Future","Saarinen","3.8","86.5","5.8","3.8","0","0","0","0","0","0","0","0","3.8","1","52","83097","  1"
"2025-26","Fall","CHEM","3615","Physical Chemistry","Welborn","2.65","16.7","10","6.7","10","10","16.7","6.7","10","3.3","6.7","3.3","0","0","30","83098","  3"
"2025-26","Fall","CHEM","3625","Physical Chemistry Laboratory","Orler","3.25","66.7","0","0","8.3","0","0","16.7","0","0","0","0","8.3","0","12","83099","  1"
"2025-26","Fall","CHEM","3625","Physical Chemistry Laboratory","Orler","3.75","83.3","0","0","8.3","0","0","8.3","0","0","0","0","0","0","12","83102","  1"
"2025-26","Fall","CHEM","3626","Physical Chemistry Laboratory","Madsen","3.48","35.7","14.3","7.1","42.9","0","0","0","0","0","0","0","0","0","14","83104","  1"
"2025-26","Fall","CHEM","4014","Survey of Chemical Literature","Saarinen","2.52","18.2","18.2","18.2","9.1","9.1","0","0","0","0","0","0","27.3","0","11","83106","  1"
"2025-26","Fall","CHEM","4014","Survey of Chemical Literature","Saarinen","3.34","27.8","33.3","16.7","11.1","0","0","5.6","0","0","0","0","5.6","0","18","83107","  1"
"2025-26","Fall","CHEM","4124","Instrumental Analysis Lab","Tissue","4","100","0","0","0","0","0","0","0","0","0","0","0","0","5","83109","  1"
"2025-26","Fall","CHEM","4124","Instrumental Analysis Lab","Tissue","3.96","87.5","12.5","0","0","0","0","0","0","0","0","0","0","0","8","83110","  1"
"2025-26","Fall","CHEM","4404","Physical Inorganic Chemistry","Yee","3.44","41.2","11.8","11.8","5.9","29.4","0","0","0","0","0","0","0","0","17","83112","  3"
"2025-26","Fall","CHEM","4444","Bioinorganic Chemistry","Hematian","3.1","25","25","0","12.5","12.5","0","12.5","12.5","0","0","0","0","2","8","83113","  3"
"2025-26","Fall","CHEM","4524","ID of Organic Compounds","Mevers","3.33","66.7","0","0","16.7","0","0","0","0","0","16.7","0","0","0","6","83114","  3"
"2025-26","Fall","CHEM","4534","Organic Chemistry of Polymers","Worch","3.57","52.4","14.3","14.3","4.8","4.8","4.8","4.8","0","0","0","0","0","0","21","83115","  3"
"2025-26","Fall","CHEM","4584","Bioorganic Chemistry","Lowell","3.27","26.7","18.3","16.7","18.3","5","8.3","3.3","0","0","3.3","0","0","1","60","83116","  3"
"2025-26","Fall","CHEM","4615","Phys Chem Life Sci","Santos","3.45","47.2","15.7","12.4","10.1","4.5","4.5","2.2","0","0","0","0","3.4","4","89","83117","  3"
"2025-26","Fall","CHEM","4994","Undergraduate Research","Yee","4","100","0","0","0","0","0","0","0","0","0","0","0","0","5","83130","  1"
"2025-26","Fall","CHEM","4994","Undergraduate Research","Schulz","4","100","0","0","0","0","0","0","0","0","0","0","0","0","8","83138","  1"
"2025-26","Fall","CHEM","4994","Undergraduate Research","Lowell","4","100","0","0","0","0","0","0","0","0","0","0","0","0","9","83150","  1"
"2025-26","Fall","CHEM","5404","Advanced Inorganic Chemistry","Saouma","3.6","50","20","10","10","0","10","0","0","0","0","0","0","0","10","83179","  3"
"2025-26","Fall","CHEM","5505","Advanced Organic Chemistry","Gentry","3.39","27.8","16.7","22.2","16.7","11.1","5.6","0","0","0","0","0","0","0","18","83180","  3"
"2025-26","Fall","CHEM","5524","Adv ID of Organic Compounds","Mevers","3.8","73.3","6.7","10","6.7","3.3","0","0","0","0","0","0","0","0","30","92311","  3"
"2025-26","Fall","CHEM","5525","X-ray Crystallography","Slebodnick","3.86","85.7","0","0","14.3","0","0","0","0","0","0","0","0","0","7","90907","  3"
"2025-26","Fall","CHEM","5705","Macromolecular Chemistry","Figg","3.69","66.7","6.7","0","20","6.7","0","0","0","0","0","0","0","0","15","83181","  3"
"2025-26","Fall","CHEM","6004","Career Prep for Chemists","Saarinen","4","100","0","0","0","0","0","0","0","0","0","0","0","0","8","92260","  1"
"2025-26","Fall","CHEM","6464","Topic: Photochemistry","Morris","3.36","15.4","30.8","23.1","23.1","0","0","7.7","0","0","0","0","0","0","13","90908","  3"
"2025-26","Fall","CHEM","6564","Topic: Chemical Biology","Mevers","3.75","61.5","15.4","7.7","15.4","0","0","0","0","0","0","0","0","0","13","83189","  3"
"2025-26","Fall","CHEM","6634","Quant Chem & Spectry","Valeyev","3.67","57.1","14.3","0","28.6","0","0","0","0","0","0","0","0","0","7","83191","  3"
"2025-26","Fall","CHEM","6664","Topic: Polymer Morphology","Moore","3.43","14.3","33.3","19","33.3","0","0","0","0","0","0","0","0","0","21","83192","  3"
"2025-26","Fall","CHN","1105","Elementary Chinese","Zhao","3.97","90","10","0","0","0","0","0","0","0","0","0","0","0","10","83198","  3"
"2025-26","Fall","CHN","1105","Elementary Chinese","Zhao","3.95","83.3","16.7","0","0","0","0","0","0","0","0","0","0","0","18","83197","  3"
"2025-26","Fall","CHN","2105","Intermediate Chinese","Chang","3.41","50","11.1","0","16.7","5.6","11.1","0","5.6","0","0","0","0","0","18","83199","  3"
"2025-26","Fall","CHN","2734","Chinese Culture and Civ","Teo","3.95","90.7","4.7","3.5","1.2","0","0","0","0","0","0","0","0","0","86","83201","  3"
"2025-26","Fall","CHN","3105","Advanced Chinese","Teo","3.76","68.8","12.5","3.1","6.3","9.4","0","0","0","0","0","0","0","0","32","83204","  3"
"2025-26","Fall","CINE","2054","Introduction to Cinema","Metz","2.77","20","9.5","6.3","16.8","9.5","8.4","10.5","8.4","6.3","2.1","0","2.1","6","95","83210","  3"
"2025-26","Fall","CINE","2064","Intro to Cinema Production","Iancu","3.23","53.8","7.7","0","7.7","7.7","7.7","0","0","7.7","7.7","0","0","0","13","83212","  3"
"2025-26","Fall","CINE","2064","Intro to Cinema Production","Perkinson","3.56","69.2","7.7","15.4","0","0","0","0","0","0","0","0","7.7","0","13","83211","  3"
"2025-26","Fall","CINE","3184","TS: Cinematography","Perkinson","3.37","20","40","6.7","20","6.7","0","0","0","6.7","0","0","0","0","15","83215","  3"
"2025-26","Fall","CINE","3184","TS: Adventure Filmmaking","Dye","3.87","88.9","0","0","11.1","0","0","0","0","0","0","0","0","0","9","83216","  1"
"2025-26","Fall","CINE","3214","Fiction Cinema Production","Dye","3.82","76.9","0","15.4","7.7","0","0","0","0","0","0","0","0","0","13","83217","  3"
"2025-26","Fall","CINE","3224","Documentary Cinema Production","Dandridge","3.52","21.4","28.6","35.7","14.3","0","0","0","0","0","0","0","0","1","14","83218","  3"
"2025-26","Fall","CINE","3514","American Cinema Genres","Precoda","3.86","77.8","11.1","0","11.1","0","0","0","0","0","0","0","0","0","9","83219","  3"
"2025-26","Fall","CINE","3534","Avant-Garde Cinema","Precoda","3.65","53.8","15.4","7.7","15.4","7.7","0","0","0","0","0","0","0","0","13","91089","  3"
"2025-26","Fall","CINE","4144","TS: Documenting the 60's","Precoda","3.22","20","17.8","28.9","15.6","0","11.1","4.4","0","0","0","0","2.2","2","45","91990","  3"
"2025-26","Fall","CLA","2444","Greek and Roman Myth","Phillips","3.74","69.7","13.5","4.5","1.1","4.5","5.6","1.1","0","0","0","0","0","1","89","83223","  3"
"2025-26","Fall","CLA","2464","Myth, Philosophy, Video Games","Mandolia","3.86","77.8","11.1","0","11.1","0","0","0","0","0","0","0","0","0","27","90953","  3"
"2025-26","Fall","CLA","2464","Myth, Philosophy, Video Games","Mandolia","3.95","87.1","9.7","3.2","0","0","0","0","0","0","0","0","0","0","31","83225","  3"
"2025-26","Fall","CLA","4974","Independent Study","Becker","4","100","0","0","0","0","0","0","0","0","0","0","0","0","7","83228","  1"
"2025-26","Fall","CMDA","1634","Discovering CMDA","Ufferman","3.85","88.4","0","3.6","2.9","1.4","0","2.9","0","0","0.7","0","0","1","138","83233","  3"
"2025-26","Fall","CMDA","2005","Integrated Quantitative Sci","Clemons","3.16","20.9","16.3","11.6","25.6","7","7","9.3","0","2.3","0","0","0","4","43","83235","  6"
"2025-26","Fall","CMDA","2005","Integrated Quantitative Sci","Merkes","3.16","20.9","16.3","11.6","25.6","7","7","9.3","0","2.3","0","0","0","4","43","83235","  6"
"2025-26","Fall","CMDA","2005","Integrated Quantitative Sci","Clemons","3.32","43.2","11.4","18.2","9.1","4.5","2.3","4.5","0","2.3","0","0","4.5","3","44","83234","  6"
"2025-26","Fall","CMDA","2005","Integrated Quantitative Sci","Merkes","3.32","43.2","11.4","18.2","9.1","4.5","2.3","4.5","0","2.3","0","0","4.5","3","44","83234","  6"
"2025-26","Fall","CMDA","2006","Integrated Quantitative Sci","Cazeaux","2.65","23.5","0","8.8","23.5","0","14.7","14.7","0","5.9","0","0","8.8","1","34","91366","  6"
"2025-26","Fall","CMDA","2006","Integrated Quantitative Sci","Lucero","2.65","23.5","0","8.8","23.5","0","14.7","14.7","0","5.9","0","0","8.8","1","34","91366","  6"
"2025-26","Fall","CMDA","2006","Integrated Quantitative Sci","Cazeaux","2.91","34.1","2.4","9.8","19.5","4.9","4.9","12.2","0","2.4","2.4","0","7.3","8","41","83236","  6"
"2025-26","Fall","CMDA","2006","Integrated Quantitative Sci","Gramacy","2.91","34.1","2.4","9.8","19.5","4.9","4.9","12.2","0","2.4","2.4","0","7.3","8","41","83236","  6"
"2025-26","Fall","CMDA","2014","Data Matter","House","3.75","73.6","13.2","3.8","1.9","1.9","1.9","1.9","0","0","0","0","1.9","2","53","83237","  3"
"2025-26","Fall","CMDA","2994","Undergraduate Research","Miller","3.91","80","0","0","20","0","0","0","0","0","0","0","0","0","5","92810","  1"
"2025-26","Fall","CMDA","3274","Introduction Sports Analytics","Merkes","3.82","80.8","0","3.8","15.4","0","0","0","0","0","0","0","0","1","26","83240","  3"
"2025-26","Fall","CMDA","3605","Math Modeling: Methods & Tools","Ufferman","3.45","38.8","20.4","10.2","14.3","8.2","4.1","2","0","0","2","0","0","0","49","83243","  3"
"2025-26","Fall","CMDA","3605","Math Modeling: Methods & Tools","Werner","3.33","44","14","6","12","4","12","2","2","0","2","2","0","0","50","83241","  3"
"2025-26","Fall","CMDA","3606","Math Modeling: Methods & Tools","Miedlar","2.56","22.5","12.5","5","10","5","0","7.5","20","2.5","2.5","7.5","5","4","40","83244","  3"
"2025-26","Fall","CMDA","3606","Math Modeling: Methods & Tools","Miedlar","2.6","22","4.9","7.3","14.6","4.9","4.9","24.4","0","0","9.8","4.9","2.4","6","41","83245","  3"
"2025-26","Fall","CMDA","3634","Comp Sci Foundations for CMDA","Farcas","2.91","34.4","6.3","15.6","0","9.4","9.4","9.4","0","6.3","3.1","3.1","3.1","5","32","83248","  3"
"2025-26","Fall","CMDA","3634","Comp Sci Foundations for CMDA","Wilson","2.85","33.3","5.1","7.7","10.3","12.8","10.3","7.7","0","0","2.6","0","10.3","0","39","83247","  3"
"2025-26","Fall","CMDA","3634","Comp Sci Foundations for CMDA","Wilson","3.18","34.9","16.3","11.6","11.6","4.7","7","7","0","0","2.3","0","4.7","1","43","83246","  3"
"2025-26","Fall","CMDA","3654","Intro Data Analytics & Visual","Nizamani","3.46","41.7","25","0","8.3","16.7","0","8.3","0","0","0","0","0","0","12","83249","  3"
"2025-26","Fall","CMDA","3654","Intro Data Analytics & Visual","Liu","3.73","54.3","21.7","15.2","6.5","2.2","0","0","0","0","0","0","0","0","46","83250","  3"
"2025-26","Fall","CMDA","3654","Intro Data Analytics & Visual","Nizamani","3.57","51.1","21.3","6.4","8.5","6.4","4.3","0","0","0","0","0","2.1","0","47","83251","  3"
"2025-26","Fall","CMDA","4314","Big Data Economics","Zhou","4","100","0","0","0","0","0","0","0","0","0","0","0","0","13","83252","  3"
"2025-26","Fall","CMDA","4634","Scalable Computing for CMDA","Rudi","3.55","45.8","16.7","20.8","4.2","4.2","4.2","4.2","0","0","0","0","0","1","24","83253","  3"
"2025-26","Fall","CMDA","4654","Intermed Data Analytics & ML","Lucero","3.35","37.8","18.9","10.8","8.1","5.4","8.1","5.4","5.4","0","0","0","0","0","37","83255","  3"
"2025-26","Fall","CMDA","4654","Intermed Data Analytics & ML","Lucero","3.35","51.9","9.6","1.9","15.4","1.9","5.8","1.9","5.8","3.8","1.9","0","0","1","52","83254","  3"
"2025-26","Fall","CMDA","4864","Comp Mod Data Analyt Capstone","Lattimer","3.79","63","21.7","8.7","4.3","0","2.2","0","0","0","0","0","0","0","46","83257","  3"
"2025-26","Fall","CMDA","4864","Comp Mod Data Analyt Capstone","Patterson","3.79","63","21.7","8.7","4.3","0","2.2","0","0","0","0","0","0","0","46","83257","  3"
"2025-26","Fall","CMDA","4864","Comp Mod Data Analyt Capstone","Lattimer","3.86","64.6","31.3","2.1","0","0","2.1","0","0","0","0","0","0","0","48","83256","  3"
"2025-26","Fall","CMDA","4864","Comp Mod Data Analyt Capstone","Patterson","3.86","64.6","31.3","2.1","0","0","2.1","0","0","0","0","0","0","0","48","83256","  3"
"2025-26","Fall","CMST","2034","Visual Media","Bennett","3.91","94.7","0","0","0","0","5.3","0","0","0","0","0","0","0","19","83293","  3"
"2025-26","Fall","CMST","2034","Visual Media","Spiller","3.01","31.6","5.3","10.5","15.8","15.8","0","5.3","5.3","0","10.5","0","0","0","19","83292","  3"
"2025-26","Fall","CMST","2034","Visual Media","Spiller","3.37","42.1","5.3","5.3","31.6","10.5","0","0","5.3","0","0","0","0","0","19","92246","  3"
"2025-26","Fall","CMST","2064","Rhetoric & Societal Change","Howell","3.43","20.5","30.8","17.9","17.9","10.3","2.6","0","0","0","0","0","0","0","39","92078","  3"
"2025-26","Fall","CMST","3064","Persuasion","Howell","3.59","47.4","28.9","5.3","5.3","5.3","0","5.3","2.6","0","0","0","0","0","38","83296","  3"
"2025-26","Fall","CMST","3124","Interpersonal Communication","Sowder","3.57","44.7","18.4","23.7","0","5.3","5.3","2.6","0","0","0","0","0","1","38","83298","  3"
"2025-26","Fall","CMST","3124","Interpersonal Communication","Sowder","3.67","34.2","34.2","28.9","2.6","0","0","0","0","0","0","0","0","0","38","83299","  3"
"2025-26","Fall","CMST","3214","Professional Communication","Widgeon","3.63","33.3","40","13.3","6.7","6.7","0","0","0","0","0","0","0","0","15","83300","  3"
"2025-26","Fall","CMST","3214","Professional Communication","Quesenberry","3.39","14.3","33.3","23.8","23.8","0","0","0","4.8","0","0","0","0","0","21","83301","  3"
"2025-26","Fall","CMST","4714","Communication Senior Seminar","Widgeon","3.29","17.2","34.5","13.8","17.2","10.3","0","3.4","0","0","0","0","3.4","0","29","83302","  3"
"2025-26","Fall","CMST","5814","Communication Studies Seminar","Myers","4","100","0","0","0","0","0","0","0","0","0","0","0","0","22","91988","  3"
"2025-26","Fall","CNST","5074","Const Prof Competencies","Iorio","3.84","78.6","10.7","0","3.6","7.1","0","0","0","0","0","0","0","0","28","83303","  3"
"2025-26","Fall","CNST","5114","Leadership Arch/Engineer/Const","Iorio","3.99","96.9","3.1","0","0","0","0","0","0","0","0","0","0","0","32","83304","  3"
"2025-26","Fall","COMM","1004","First-Semester Experience COMM","Howell","3.93","92.7","1.3","2","2","1.3","0","0.7","0","0","0","0","0","0","151","83316","  1"
"2025-26","Fall","COMM","1004","First-Semester Experience COMM","Webb","3.91","88.9","0","8.9","0","2.2","0","0","0","0","0","0","0","1","45","83315","  1"
"2025-26","Fall","COMM","1004","First-Semester Experience COMM","Wiley","3.89","88.9","0","4.8","4.8","0","0","1.6","0","0","0","0","0","0","63","83317","  1"
"2025-26","Fall","COMM","1014","Introduction to Communication","Howell","3.17","22.2","18.9","15.6","19.4","10.6","2.2","5","1.7","1.1","0.6","0","2.8","1","180","83318","  3"
"2025-26","Fall","COMM","1015","Communication Skills","Mack","3.11","60","0","13.3","0","6.7","0","0","0","6.7","0","0","13.3","0","15","92551","  3"
"2025-26","Fall","COMM","1015","Communication Skills","Quesenberry","3.11","60","0","13.3","0","6.7","0","0","0","6.7","0","0","13.3","0","15","92551","  3"
"2025-26","Fall","COMM","1015","Communication Skills","Mack","3.92","75","25","0","0","0","0","0","0","0","0","0","0","0","16","92545","  3"
"2025-26","Fall","COMM","1015","Communication Skills","Quesenberry","3.92","75","25","0","0","0","0","0","0","0","0","0","0","0","16","92545","  3"
"2025-26","Fall","COMM","1015","Communication Skills","Mack","3.82","76.5","5.9","5.9","11.8","0","0","0","0","0","0","0","0","0","17","92546","  3"
"2025-26","Fall","COMM","1015","Communication Skills","McAllister","3.64","23.5","52.9","11.8","11.8","0","0","0","0","0","0","0","0","0","17","83331","  3"
"2025-26","Fall","COMM","1015","Communication Skills","Purcell","3.71","76.5","5.9","0","5.9","0","5.9","5.9","0","0","0","0","0","0","17","83335","  3"
"2025-26","Fall","COMM","1015","Communication Skills","Quesenberry","3.82","76.5","5.9","5.9","11.8","0","0","0","0","0","0","0","0","0","17","92546","  3"
"2025-26","Fall","COMM","1015","Communication Skills","Conner","3.73","66.7","11.1","5.6","5.6","11.1","0","0","0","0","0","0","0","1","18","83336","  3"
"2025-26","Fall","COMM","1015","Communication Skills","Thomas","3.14","27.8","11.1","22.2","27.8","0","0","0","0","0","5.6","0","5.6","0","18","83321","  3"
"2025-26","Fall","COMM","1015","Communication Skills","Boor","3.13","15.8","31.6","0","21.1","10.5","10.5","5.3","0","5.3","0","0","0","0","19","83327","  3"
"2025-26","Fall","COMM","1015","Communication Skills","Cassady","3.86","78.9","10.5","5.3","0","5.3","0","0","0","0","0","0","0","0","19","83326","  3"
"2025-26","Fall","COMM","1015","Communication Skills","Cassady","3.88","78.9","10.5","5.3","5.3","0","0","0","0","0","0","0","0","0","19","83338","  3"
"2025-26","Fall","COMM","1015","Communication Skills","Conner","3.64","52.6","26.3","5.3","5.3","0","5.3","5.3","0","0","0","0","0","0","19","83337","  3"
"2025-26","Fall","COMM","1015","Communication Skills","Mack","3.79","78.9","5.3","5.3","5.3","0","0","5.3","0","0","0","0","0","0","19","92550","  3"
"2025-26","Fall","COMM","1015","Communication Skills","Quesenberry","3.86","78.9","10.5","5.3","0","5.3","0","0","0","0","0","0","0","0","19","83326","  3"
"2025-26","Fall","COMM","1015","Communication Skills","Quesenberry","3.88","78.9","10.5","5.3","5.3","0","0","0","0","0","0","0","0","0","19","83338","  3"
"2025-26","Fall","COMM","1015","Communication Skills","Quesenberry","3.79","78.9","5.3","5.3","5.3","0","0","5.3","0","0","0","0","0","0","19","92550","  3"
"2025-26","Fall","COMM","1015","Communication Skills","Thomas","3.65","52.6","10.5","21.1","10.5","5.3","0","0","0","0","0","0","0","0","19","83319","  3"
"2025-26","Fall","COMM","1015","Communication Skills","Thomas","3.19","0","42.1","15.8","15.8","15.8","5.3","0","5.3","0","0","0","0","0","19","83333","  3"
"2025-26","Fall","COMM","1015","Communication Skills","Boor","3.21","10","25","0","55","0","10","0","0","0","0","0","0","0","20","83322","  3"
"2025-26","Fall","COMM","1015","Communication Skills","Boor","3.13","25","15","20","5","15","0","15","0","5","0","0","0","0","20","83328","  3"
"2025-26","Fall","COMM","1015","Communication Skills","Cassady","3.77","85","10","0","0","0","0","0","0","0","0","0","5","0","20","83323","  3"
"2025-26","Fall","COMM","1015","Communication Skills","Cassady","3.94","90","5","0","5","0","0","0","0","0","0","0","0","0","20","83324","  3"
"2025-26","Fall","COMM","1015","Communication Skills","McAllister","3.6","45","15","30","5","0","0","5","0","0","0","0","0","0","20","83329","  3"
"2025-26","Fall","COMM","1015","Communication Skills","McAllister","3.65","45","30","10","10","0","5","0","0","0","0","0","0","0","20","83330","  3"
"2025-26","Fall","COMM","1015","Communication Skills","McAllister","3.8","65","20","5","10","0","0","0","0","0","0","0","0","0","20","83332","  3"
"2025-26","Fall","COMM","1015","Communication Skills","Purcell","3.73","40","45","5","10","0","0","0","0","0","0","0","0","0","20","83334","  3"
"2025-26","Fall","COMM","1015","Communication Skills","Quesenberry","3.77","85","10","0","0","0","0","0","0","0","0","0","5","0","20","83323","  3"
"2025-26","Fall","COMM","1015","Communication Skills","Quesenberry","3.94","90","5","0","5","0","0","0","0","0","0","0","0","0","20","83324","  3"
"2025-26","Fall","COMM","1015","Communication Skills","Thomas","3.7","75","0","15","0","5","0","0","0","5","0","0","0","0","20","83320","  3"
"2025-26","Fall","COMM","2004","Public Speaking","Quesenberry","3.56","48.1","18.5","11.1","11.1","3.7","3.7","0","3.7","0","0","0","0","0","27","83351","  3"
"2025-26","Fall","COMM","2004","Public Speaking","Quesenberry","3.53","32.1","14.3","35.7","17.9","0","0","0","0","0","0","0","0","1","28","83360","  3"
"2025-26","Fall","COMM","2004","Public Speaking","Quesenberry","3.55","37.9","27.6","10.3","13.8","6.9","0","3.4","0","0","0","0","0","0","29","83344","  3"
"2025-26","Fall","COMM","2004","Public Speaking","Quesenberry","3.65","34.5","37.9","17.2","6.9","3.4","0","0","0","0","0","0","0","1","29","83355","  3"
"2025-26","Fall","COMM","2004","Public Speaking","Quesenberry","3.67","34.5","41.4","10.3","13.8","0","0","0","0","0","0","0","0","0","29","83358","  3"
"2025-26","Fall","COMM","2004","Public Speaking","Quesenberry","3.63","51.7","20.7","13.8","6.9","0","3.4","0","3.4","0","0","0","0","0","29","83361","  3"
"2025-26","Fall","COMM","2004","Public Speaking","Quesenberry","3.45","30","30","16.7","16.7","3.3","0","0","0","0","0","0","3.3","1","30","83341","  3"
"2025-26","Fall","COMM","2004","Public Speaking","Quesenberry","3.81","63.3","23.3","3.3","10","0","0","0","0","0","0","0","0","0","30","83346","  3"
"2025-26","Fall","COMM","2004","Public Speaking","Quesenberry","3.61","33.3","43.3","16.7","0","3.3","0","0","0","0","3.3","0","0","0","30","83362","  3"
"2025-26","Fall","COMM","2004","Public Speaking","Quesenberry","3.46","35.5","25.8","19.4","9.7","3.2","3.2","0","0","0","0","0","3.2","0","31","83347","  3"
"2025-26","Fall","COMM","2004","Public Speaking","Quesenberry","3.48","19.4","29","32.3","16.1","3.2","0","0","0","0","0","0","0","1","31","83356","  3"
"2025-26","Fall","COMM","2004","Public Speaking","Quesenberry","3.52","19.4","41.9","22.6","12.9","0","0","3.2","0","0","0","0","0","0","31","83357","  3"
"2025-26","Fall","COMM","2004","Public Speaking","Quesenberry","3.33","37.5","12.5","12.5","12.5","12.5","3.1","6.3","0","3.1","0","0","0","0","32","83339","  3"
"2025-26","Fall","COMM","2004","Public Speaking","Quesenberry","3.66","34.4","43.8","9.4","6.3","6.3","0","0","0","0","0","0","0","0","32","83340","  3"
"2025-26","Fall","COMM","2004","Public Speaking","Quesenberry","3.76","50","34.4","6.3","9.4","0","0","0","0","0","0","0","0","0","32","83342","  3"
"2025-26","Fall","COMM","2004","Public Speaking","Quesenberry","3.5","37.5","28.1","12.5","12.5","6.3","0","0","0","0","0","0","3.1","0","32","83343","  3"
"2025-26","Fall","COMM","2004","Public Speaking","Quesenberry","3.34","18.8","37.5","15.6","12.5","6.3","0","3.1","3.1","0","3.1","0","0","0","32","83354","  3"
"2025-26","Fall","COMM","2004","Public Speaking","Quesenberry","3.56","37.5","34.4","9.4","9.4","0","3.1","6.3","0","0","0","0","0","0","32","83359","  3"
"2025-26","Fall","COMM","2004","Public Speaking","Quesenberry","3.63","39.4","33.3","12.1","12.1","0","0","3","0","0","0","0","0","0","33","83352","  3"
"2025-26","Fall","COMM","2004","Public Speaking","Quesenberry","3.52","32.4","29.4","17.6","14.7","0","2.9","0","2.9","0","0","0","0","0","34","83348","  3"
"2025-26","Fall","COMM","2014","Comm Principles of Teamwork","Boor","3.16","24.3","24.3","21.6","8.1","5.4","0","2.7","2.7","5.4","0","2.7","2.7","2","37","83366","  3"
"2025-26","Fall","COMM","2014","Comm Principles of Teamwork","Conner","3.8","70.3","13.5","2.7","10.8","2.7","0","0","0","0","0","0","0","0","37","83363","  3"
"2025-26","Fall","COMM","2014","Comm Principles of Teamwork","Conner","3.62","61.5","12.8","7.7","7.7","2.6","0","2.6","2.6","2.6","0","0","0","0","39","83365","  3"
"2025-26","Fall","COMM","2014","Comm Principles of Teamwork","Sowder","3.71","48.7","25.6","15.4","10.3","0","0","0","0","0","0","0","0","0","39","83364","  3"
"2025-26","Fall","COMM","2024","Media Writing","Purcell","3.62","71.4","0","0","14.3","7.1","0","7.1","0","0","0","0","0","0","14","83373","  3"
"2025-26","Fall","COMM","2024","Media Writing","Brown","3.56","62.5","0","0","31.3","0","0","6.3","0","0","0","0","0","0","16","83367","  3"
"2025-26","Fall","COMM","2024","Media Writing","Jenkins","2.99","17.6","23.5","0","23.5","23.5","0","0","0","5.9","0","0","5.9","0","17","83375","  3"
"2025-26","Fall","COMM","2024","Media Writing","Johnson","3.19","27.8","33.3","5.6","0","11.1","5.6","5.6","0","5.6","5.6","0","0","1","18","83368","  3"
"2025-26","Fall","COMM","2024","Media Writing","Jefferies","3.36","21.1","10.5","31.6","31.6","5.3","0","0","0","0","0","0","0","0","19","83380","  3"
"2025-26","Fall","COMM","2024","Media Writing","Jenkins","3.21","10.5","26.3","26.3","15.8","5.3","5.3","10.5","0","0","0","0","0","0","19","83376","  3"
"2025-26","Fall","COMM","2024","Media Writing","Johnson","3.41","47.4","15.8","5.3","5.3","5.3","10.5","10.5","0","0","0","0","0","0","19","83369","  3"
"2025-26","Fall","COMM","2024","Media Writing","Purcell","3.75","47.4","36.8","10.5","0","5.3","0","0","0","0","0","0","0","0","19","83374","  3"
"2025-26","Fall","COMM","2024","Media Writing","Watson","3.74","89.5","0","0","5.3","0","0","0","0","0","0","0","5.3","0","19","83370","  3"
"2025-26","Fall","COMM","2024","Media Writing","Jenkins","3.42","25","20","20","25","10","0","0","0","0","0","0","0","0","20","83378","  3"
"2025-26","Fall","COMM","2024","Media Writing","Jenkins","3.19","20","25","10","20","20","0","0","0","0","0","0","5","0","20","83379","  3"
"2025-26","Fall","COMM","2084","Media and Society","Mielczarek","3.98","96.4","3.1","0","0","0","0.5","0","0","0","0","0","0","0","193","83381","  3"
"2025-26","Fall","COMM","2094","Comm & Issues of Diversity","Stinson","3.74","79.5","2.3","2.3","6.8","4.5","0","2.3","0","0","2.3","0","0","1","44","83382","  3"
"2025-26","Fall","COMM","2094","Comm & Issues of Diversity","Stinson","3.68","72.3","6.4","5.3","4.3","4.3","1.1","4.3","0","0","2.1","0","0","1","94","83383","  3"
"2025-26","Fall","COMM","2124","Intro Comm Research","Mandel","3.8","71.1","13.2","5.3","5.3","5.3","0","0","0","0","0","0","0","0","38","92126","  3"
"2025-26","Fall","COMM","2124","Intro Comm Research","Woods","3.4","35.9","15.4","17.9","5.1","17.9","2.6","5.1","0","0","0","0","0","0","39","83384","  3"
"2025-26","Fall","COMM","2124","Intro Comm Research","Widgeon","2.98","0","24","14","30","14","10","6","0","0","0","0","2","0","50","83385","  3"
"2025-26","Fall","COMM","2124","Intro Comm Research","Widgeon","3.17","11.9","23.7","15.3","25.4","11.9","5.1","3.4","1.7","1.7","0","0","0","0","59","83386","  3"
"2025-26","Fall","COMM","4024","Communication Law","Myers","3.57","28.8","33.8","22.5","11.3","1.3","1.3","1.3","0","0","0","0","0","0","80","83389","  3"
"2025-26","Fall","COMM","4204","Communication Internship","Smith","4","100","0","0","0","0","0","0","0","0","0","0","0","0","8","83390","  3"
"2025-26","Fall","COMM","5014","Communication Theory","Myers","4","100","0","0","0","0","0","0","0","0","0","0","0","0","14","83394","  3"
"2025-26","Fall","COMM","5054","Qualitative Methods Comm","Smith","3.98","94.1","5.9","0","0","0","0","0","0","0","0","0","0","0","17","83397","  3"
"2025-26","Fall","CONS","2304","Consumer and Family Finances","Cheng","3.56","49","18","13.1","7.3","5.3","3.4","1.5","1.5","0","0","0.5","0.5","1","206","83403","  3"
"2025-26","Fall","CONS","2304","Consumer and Family Finances","Cheng","3.64","55","17.5","10","7.5","5","2.5","0","2.5","0","0","0","0","0","40","83404","  3"
"2025-26","Fall","CONS","3404","Consumer Education Strategies","Leech","3.49","44.4","11.1","11.1","11.1","22.2","0","0","0","0","0","0","0","0","9","83405","  3"
"2025-26","Fall","CONS","3504","Resource Mgt Indiv/Families","Fisher","3.11","16.1","16.1","9.7","29","12.9","3.2","12.9","0","0","0","0","0","2","31","83406","  3"
"2025-26","Fall","CONS","4314","Debtor-Creditor Relationships","Cheng","3.74","57.7","15.4","19.2","7.7","0","0","0","0","0","0","0","0","0","26","83407","  3"
"2025-26","Fall","CONS","4404","Consumer Protection","Leech","3.1","33.3","4.2","16.7","12.5","8.3","4.2","12.5","4.2","0","4.2","0","0","0","24","83408","  3"
"2025-26","Fall","COS","1004","Explore Science Seminar","Bechtel","3.71","84.8","6.1","0","0","0","0","3","0","0","3","0","3","1","33","83413","  2"
"2025-26","Fall","COS","1015","Successful Starts in Science","Rowell","3.72","73.6","9.7","2.8","8.3","2.8","0","0","0","0","0","0","2.8","0","72","83414","  1"
"2025-26","Fall","COS","1015","Successful Starts in Science","Rowell","3.82","79.8","8.5","5.3","1.1","1.1","0","3.2","0","1.1","0","0","0","0","94","83415","  1"
"2025-26","Fall","COS","2015","Leadership in Science","Rowell","3.82","79.2","8.3","4.2","4.2","0","0","4.2","0","0","0","0","0","0","24","83416","  1"
"2025-26","Fall","COS","3015","App Science Leadership","Rowell","4","100","0","0","0","0","0","0","0","0","0","0","0","0","5","83420","  1"
"2025-26","Fall","COS","4974","Independent Study","Rowell","4","100","0","0","0","0","0","0","0","0","0","0","0","0","17","83425","  1"
"2025-26","Fall","CRIM","2984","SS: Mass Incarceration in US","Jones","3.76","62.5","18.8","6.3","6.3","6.3","0","0","0","0","0","0","0","1","16","91973","  3"
"2025-26","Fall","CRIM","3414","Criminology","Parti","3.98","94.4","5.6","0","0","0","0","0","0","0","0","0","0","0","36","91087","  3"
"2025-26","Fall","CRIM","3414","Criminology","Simmons","3.36","47.4","15.8","5.3","15.8","2.6","0","2.6","5.3","0","0","2.6","2.6","0","38","83435","  3"
"2025-26","Fall","CRIM","3414","Criminology","Presson","3.77","69.2","17.9","2.6","2.6","2.6","0","5.1","0","0","0","0","0","0","39","83436","  3"
"2025-26","Fall","CRIM","3434","Systems of Justice","Dearden","3.47","26.3","31.6","23.7","13.2","2.6","0","0","0","0","0","0","2.6","1","38","83437","  3"
"2025-26","Fall","CRIM","3434","Systems of Justice","Dearden","3.73","44.7","36.8","13.2","2.6","0","2.6","0","0","0","0","0","0","0","38","83438","  3"
"2025-26","Fall","CRIM","3434","Systems of Justice","Haija","3.84","87.5","5","0","0","0","5","0","2.5","0","0","0","0","0","40","91346","  3"
"2025-26","Fall","CRIM","3474","Women and Crime","Parti","3.94","92.3","2.6","2.6","0","2.6","0","0","0","0","0","0","0","0","39","83439","  3"
"2025-26","Fall","CRIM","4424","Juvenile Delinquency","Haija","3.87","73.7","18.4","5.3","0","2.6","0","0","0","0","0","0","0","0","38","92193","  3"
"2025-26","Fall","CRIM","4454","TS: Crim. of Social Movements","Baller","3.7","50","25","8.3","16.7","0","0","0","0","0","0","0","0","0","12","92138","  3"
"2025-26","Fall","CRIM","4454","TS: Soc Psych: Violence&Aggres","McCown","3.71","61.5","20.5","10.3","0","2.6","2.6","0","0","0","0","2.6","0","0","39","83441","  3"
"2025-26","Fall","CRIM","4484","Hate Crimes","Reichelmann","3.62","66.7","11.1","8.9","0","2.2","4.4","2.2","2.2","0","0","0","2.2","0","45","91086","  3"
"2025-26","Fall","CRIM","4504","Family and Crime","Williams","3.39","55.3","10.5","2.6","13.2","5.3","5.3","0","2.6","0","0","0","5.3","1","38","83443","  3"
"2025-26","Fall","CRIM","4754","Internship","Sedgwick","4","100","0","0","0","0","0","0","0","0","0","0","0","0","11","83444","  3"
"2025-26","Fall","CS","1014","Intro Computational Thinking","Cao","3.43","42.9","21.4","10.7","10.7","3.6","3.6","3.6","0","0","0","0","3.6","1","28","83449","  3"
"2025-26","Fall","CS","1014","Intro Computational Thinking","Karpatne","3.45","48.6","10.8","8.1","18.9","8.1","0","2.7","0","0","0","0","2.7","0","37","83448","  3"
"2025-26","Fall","CS","1054","Intro to Programming in Java","Sullivan","2.48","16.7","8.3","11.1","11.1","11.1","8.3","11.1","0","5.6","0","2.8","13.9","3","36","83450","  3"
"2025-26","Fall","CS","1064","Intro to Programming in Python","Lewis","3.63","51.3","23.1","9","9.8","2.6","1.3","1.3","0","0.4","0","0.4","0.9","2","234","83453","  3"
"2025-26","Fall","CS","1064","Intro to Programming in Python","Lewis","3.55","43.2","24.9","12.9","10","4.6","1.2","0.8","0.8","0","0","0","1.7","3","241","83451","  3"
"2025-26","Fall","CS","1064","Intro to Programming in Python","Lewis","3.61","52.1","22.7","8.7","7.4","3.7","0.8","2.1","0.4","0.4","0","0.4","1.2","2","242","83452","  3"
"2025-26","Fall","CS","1114","Intro to Software Design","Cao","2.34","15.4","0","15.4","7.7","15.4","0","15.4","15.4","0","0","0","15.4","2","13","83458","  3"
"2025-26","Fall","CS","1114","Intro to Software Design","Cao","2.56","18.8","6.3","18.8","6.3","12.5","0","12.5","6.3","6.3","0","0","12.5","4","16","83459","  3"
"2025-26","Fall","CS","1114","Intro to Software Design","Cao","2.27","18.8","0","6.3","6.3","18.8","6.3","18.8","6.3","0","0","0","18.8","0","16","83460","  3"
"2025-26","Fall","CS","1114","Intro to Software Design","Edwards","2.48","33.3","0","5.6","5.6","16.7","11.1","0","5.6","0","0","0","22.2","6","18","83467","  3"
"2025-26","Fall","CS","1114","Intro to Software Design","Cao","2.7","36.4","9.1","4.5","9.1","0","4.5","9.1","9.1","0","4.5","0","13.6","4","22","83464","  3"
"2025-26","Fall","CS","1114","Intro to Software Design","Edwards","2.26","7.7","15.4","3.8","7.7","11.5","15.4","3.8","3.8","11.5","3.8","3.8","11.5","4","26","83463","  3"
"2025-26","Fall","CS","1114","Intro to Software Design","Cao","2.2","10.7","10.7","10.7","3.6","17.9","3.6","7.1","0","10.7","7.1","0","17.9","5","28","83461","  3"
"2025-26","Fall","CS","1114","Intro to Software Design","Cao","2.17","10","13.3","10","13.3","0","6.7","3.3","10","10","0","3.3","20","6","30","83454","  3"
"2025-26","Fall","CS","1114","Intro to Software Design","Cao","2.8","25.8","16.1","9.7","3.2","3.2","6.5","19.4","0","6.5","0","6.5","3.2","8","31","83457","  3"
"2025-26","Fall","CS","1114","Intro to Software Design","Edwards","2.38","14.3","5.7","20","2.9","11.4","0","11.4","8.6","8.6","0","8.6","8.6","4","35","83462","  3"
"2025-26","Fall","CS","1114","Intro to Software Design","Wang","1.86","0","5.4","8.1","10.8","13.5","5.4","16.2","2.7","8.1","10.8","0","18.9","5","37","83456","  3"
"2025-26","Fall","CS","2064","Intermediate Prog in Python","Hillman","2.84","28.4","5.3","9.5","10.5","7.4","11.6","13.7","2.1","3.2","5.3","1.1","2.1","21","95","83483","  3"
"2025-26","Fall","CS","2104","Intro to Problem Solving in CS","Sullivan","3.52","49.1","17.5","14","8.8","3.5","0","3.5","0","0","0","1.8","1.8","1","57","83487","  3"
"2025-26","Fall","CS","2104","Intro to Problem Solving in CS","Nizamani","3.71","63.3","16.7","5","5","6.7","0","3.3","0","0","0","0","0","0","60","91578","  3"
"2025-26","Fall","CS","2104","Intro to Problem Solving in CS","Emebo","3.44","45.5","18.2","6.1","18.2","3","4.5","0","0","0","1.5","0","3","1","66","83486","  3"
"2025-26","Fall","CS","2104","Intro to Problem Solving in CS","Sullivan","3.67","49.4","23","13.8","9.2","2.3","2.3","0","0","0","0","0","0","0","87","83484","  3"
"2025-26","Fall","CS","2104","Intro to Problem Solving in CS","Emebo","3.72","60","16.7","14.4","5.6","0","1.1","1.1","0","0","1.1","0","0","0","90","83485","  3"
"2025-26","Fall","CS","2114","Softw Des & Data Structures","Ellis","2.81","10","20","0","20","10","10","20","10","0","0","0","0","1","10","83500","  3"
"2025-26","Fall","CS","2114","Softw Des & Data Structures","Ellis","2.8","5.9","11.8","29.4","5.9","11.8","11.8","5.9","11.8","5.9","0","0","0","1","17","83499","  3"
"2025-26","Fall","CS","2114","Softw Des & Data Structures","Pettit","3.02","16.7","22.2","5.6","22.2","11.1","16.7","0","0","0","0","0","5.6","1","18","83503","  3"
"2025-26","Fall","CS","2114","Softw Des & Data Structures","Ellis","2.44","10","15","0","15","5","15","10","10","10","5","0","5","1","20","83488","  3"
"2025-26","Fall","CS","2114","Softw Des & Data Structures","Pettit","3.05","27.3","18.2","13.6","9.1","4.5","4.5","0","13.6","4.5","4.5","0","0","1","22","83502","  3"
"2025-26","Fall","CS","2114","Softw Des & Data Structures","Pettit","2.72","4.5","18.2","4.5","27.3","9.1","9.1","18.2","4.5","0","0","0","4.5","0","22","83505","  3"
"2025-26","Fall","CS","2114","Softw Des & Data Structures","Ellis","2.27","3.7","11.1","11.1","14.8","14.8","0","14.8","7.4","3.7","0","3.7","14.8","3","27","83489","  3"
"2025-26","Fall","CS","2114","Softw Des & Data Structures","Pettit","2.81","10.3","20.7","10.3","17.2","13.8","3.4","6.9","6.9","3.4","0","3.4","3.4","2","29","83494","  3"
"2025-26","Fall","CS","2114","Softw Des & Data Structures","Farghally","2.61","6.7","13.3","6.7","16.7","23.3","6.7","10","0","6.7","3.3","3.3","3.3","4","30","83495","  3"
"2025-26","Fall","CS","2114","Softw Des & Data Structures","Farghally","3.23","27.3","12.1","18.2","18.2","12.1","0","9.1","0","3","0","0","0","1","33","83497","  3"
"2025-26","Fall","CS","2114","Softw Des & Data Structures","Farghally","2.63","8.8","14.7","14.7","8.8","5.9","8.8","20.6","8.8","2.9","0","2.9","2.9","1","34","83491","  3"
"2025-26","Fall","CS","2114","Softw Des & Data Structures","Farghally","3.18","8.8","29.4","17.6","14.7","17.6","8.8","0","0","2.9","0","0","0","1","34","83496","  3"
"2025-26","Fall","CS","2114","Softw Des & Data Structures","Farghally","2.79","17.1","14.3","11.4","2.9","20","5.7","11.4","5.7","8.6","0","0","2.9","2","35","83490","  3"
"2025-26","Fall","CS","2114","Softw Des & Data Structures","Farghally","2.67","2.9","22.9","20","11.4","5.7","8.6","11.4","2.9","5.7","0","0","8.6","2","35","83504","  3"
"2025-26","Fall","CS","2114","Softw Des & Data Structures","Farghally","2.86","16.7","16.7","2.8","25","16.7","5.6","2.8","2.8","2.8","0","2.8","5.6","1","36","83492","  3"
"2025-26","Fall","CS","2114","Softw Des & Data Structures","Farghally","2.65","8.1","10.8","10.8","13.5","18.9","8.1","16.2","5.4","2.7","0","2.7","2.7","1","37","83493","  3"
"2025-26","Fall","CS","2144","Competitive Problem Solving I","Back","3.99","95.7","4.3","0","0","0","0","0","0","0","0","0","0","0","23","83506","  3"
"2025-26","Fall","CS","2164","Foundations Security Environ","Brantly","3.74","60","20","10","0","10","0","0","0","0","0","0","0","0","10","83508","  3"
"2025-26","Fall","CS","2164","Foundations Security Environ","Zikusoka","3.62","44.4","27.8","5.6","11.1","11.1","0","0","0","0","0","0","0","0","18","83507","  3"
"2025-26","Fall","CS","2304","Topics in Programming Systems","Seyam","4","100","0","0","0","0","0","0","0","0","0","0","0","0","18","91811","  1"
"2025-26","Fall","CS","2304","Topics in Programming Systems","Charles","3.62","69.6","4.3","13","0","0","4.3","4.3","0","4.3","0","0","0","2","23","83509","  1"
"2025-26","Fall","CS","2505","Intro Computer Organization","Senger","2.7","12.1","10","12.6","14.7","11.6","10.5","12.1","7.4","3.7","1.1","0.5","3.7","6","190","83513","  3"
"2025-26","Fall","CS","2505","Intro Computer Organization","McPherson","2.84","10.3","8.2","16.5","24.7","12.9","10.3","7.2","3.6","2.1","1","1.5","1.5","5","194","83511","  3"
"2025-26","Fall","CS","2505","Intro Computer Organization","Senger","2.13","4.5","6","11.9","14.9","6","14.9","10.4","6","1.5","3","3","17.9","8","67","83512","  3"
"2025-26","Fall","CS","2506","Intro to Computer Organization","Jian","3.13","30.5","14.3","9.1","17.5","7.8","6.5","6.5","1.9","0.6","1.9","0","3.2","10","154","83514","  3"
"2025-26","Fall","CS","2506","Intro to Computer Organization","Senger","3.17","22.7","14.4","17.1","17.6","12","8.3","3.7","2.3","0.5","0","0","1.4","1","216","83515","  3"
"2025-26","Fall","CS","2974","Independent Study","Ellis","3.95","83.3","16.7","0","0","0","0","0","0","0","0","0","0","0","6","83519","  3"
"2025-26","Fall","CS","2974","Independent Study","Nizamani","3.94","77.8","22.2","0","0","0","0","0","0","0","0","0","0","0","9","83516","  2"
"2025-26","Fall","CS","3114","Data Structures and Algorithms","Richards","3.44","46.8","12.6","12.1","12.6","7.9","2.1","2.1","0.5","0.5","0","0","2.6","4","190","83534","  3"
"2025-26","Fall","CS","3114","Data Structures and Algorithms","Shaffer","3.28","33.6","19.8","7.8","17.2","7.3","3.9","5.2","1.3","0.4","1.3","0","2.2","7","232","83535","  3"
"2025-26","Fall","CS","3214","Computer Systems","Back","3.03","20.4","10.9","8.8","21.8","13.6","10.9","9.5","2","2","0","0","0","4","147","83538","  3"
"2025-26","Fall","CS","3214","Computer Systems","Williams","2.86","14.8","8.7","16.8","12.8","14.8","11.4","10.1","5.4","3.4","1.3","0","0.7","1","149","83537","  3"
"2025-26","Fall","CS","3304","Comparative Languages","Gulzar","3.23","17.9","15.9","21.2","23.8","11.9","5.3","3.3","0","0","0.7","0","0","1","151","83539","  3"
"2025-26","Fall","CS","3304","Comparative Languages","McPherson","3.64","49.2","25.6","11.6","7","2","1","2","0.5","0","0","0.5","0.5","0","199","83541","  3"
"2025-26","Fall","CS","3314","Prog Lang Theory & Practice","Tilevich","3.28","25","22.2","13.9","11.1","19.4","0","5.6","0","0","2.8","0","0","0","36","83542","  3"
"2025-26","Fall","CS","3604","Professionalism in Computing","Ribbens","3.75","71.9","13.5","4.2","2.1","2.1","1","2.1","2.1","1","0","0","0","0","96","83545","  3"
"2025-26","Fall","CS","3604","Professionalism in Computing","Dunlap","3.73","66.3","16.3","8.2","4.1","1","1","1","0","0","0","2","0","1","98","83544","  3"
"2025-26","Fall","CS","3604","Professionalism in Computing","Dunlap","3.88","80.8","10.1","5.1","2","1","0","0","1","0","0","0","0","0","99","83546","  3"
"2025-26","Fall","CS","3654","Intro Data Analytics & Visual","Nizamani","3.67","63.6","18.2","13.6","0","0","0","0","0","0","0","0","4.5","0","22","83550","  3"
"2025-26","Fall","CS","3654","Intro Data Analytics & Visual","Nizamani","3.7","56.3","15.6","18.8","3.1","3.1","3.1","0","0","0","0","0","0","0","32","83552","  3"
"2025-26","Fall","CS","3654","Intro Data Analytics & Visual","Liu","3.76","20","80","0","0","0","0","0","0","0","0","0","0","0","5","83551","  3"
"2025-26","Fall","CS","3704","Intermed Software Des","Brown","3.8","72.9","11.5","8.3","2.1","3.1","0","2.1","0","0","0","0","0","0","96","83553","  3"
"2025-26","Fall","CS","3704","Intermed Software Des","Nizamani","3.97","92.7","4.2","3.1","0","0","0","0","0","0","0","0","0","1","96","83554","  3"
"2025-26","Fall","CS","3714","Mobile Software Development","Balci","3","21.1","0","21.1","10.5","26.3","10.5","5.3","5.3","0","0","0","0","2","19","83556","  3"
"2025-26","Fall","CS","3714","Mobile Software Development","Richards","3.95","94.7","0","0","5.3","0","0","0","0","0","0","0","0","0","19","91591","  3"
"2025-26","Fall","CS","3714","Mobile Software Development","Richards","3.94","92.3","2.6","2.6","0","2.6","0","0","0","0","0","0","0","0","39","91590","  3"
"2025-26","Fall","CS","3714","Mobile Software Development","Edmison","3.47","56.9","13.8","6.9","8.6","3.4","0","5.2","0","0","0","0","5.2","2","58","83555","  3"
"2025-26","Fall","CS","3714","Mobile Software Development","Edmison","3.95","83.3","16.7","0","0","0","0","0","0","0","0","0","0","0","6","83558","  3"
"2025-26","Fall","CS","3714","Mobile Software Development","Balci","2.63","12.5","0","12.5","12.5","25","0","25","0","12.5","0","0","0","1","8","83557","  3"
"2025-26","Fall","CS","3724","Human-Computr Intrctn","McCrickard","3.87","77.8","11.1","5.6","5.6","0","0","0","0","0","0","0","0","0","18","83560","  3"
"2025-26","Fall","CS","3724","Human-Computr Intrctn","Bowman","3.53","41.4","27.6","10.3","6.9","3.4","6.9","0","3.4","0","0","0","0","1","29","83562","  3"
"2025-26","Fall","CS","3724","Human-Computr Intrctn","Bowman","3.75","16.7","83.3","0","0","0","0","0","0","0","0","0","0","0","6","83559","  3"
"2025-26","Fall","CS","3724","Human-Computr Intrctn","McCrickard","3.69","62.1","15.2","9.1","9.1","1.5","0","1.5","0","0","0","0","1.5","1","66","83561","  3"
"2025-26","Fall","CS","3744","Intro GUI Programming/Graphics","Gracanin","3.26","37.9","10.3","17.2","17.2","3.4","3.4","3.4","0","0","3.4","0","3.4","2","29","91592","  3"
"2025-26","Fall","CS","3744","Intro GUI Programming/Graphics","Chen","3.93","96.6","0","0","2.3","0","0","0","0","0","0","0","1.1","1","88","83563","  3"
"2025-26","Fall","CS","3754","Cloud Software Development","Balci","3.17","51.9","9.6","3.8","13.5","1.9","0","3.8","1.9","1.9","1.9","0","9.6","7","52","83564","  3"
"2025-26","Fall","CS","3754","Cloud Software Development","Gracanin","3.54","41","21.8","17.9","12.8","1.3","2.6","1.3","0","0","0","0","1.3","5","78","91816","  3"
"2025-26","Fall","CS","3824","Intro Comp Bio Bioinformatics","Sashittal","3.56","33.3","25","25","8.3","8.3","0","0","0","0","0","0","0","0","12","83565","  3"
"2025-26","Fall","CS","3984","SS: Starting a CS Business","Kantarcioglu","3.83","73.7","21.1","0","0","0","0","5.3","0","0","0","0","0","0","19","92169","  3"
"2025-26","Fall","CS","4014","Algorithms & Society","Ribeiro Rosa","3.78","81.3","12.5","0","0","0","3.1","0","0","0","0","0","3.1","0","32","83567","  3"
"2025-26","Fall","CS","4104","Data and Algorithm Analysis","Manesh","2.78","31.7","0","6.3","30.2","0","0","15.9","0","0","6.3","1.6","7.9","0","63","91976","  3"
"2025-26","Fall","CS","4104","Data and Algorithm Analysis","Wang","2.66","12.5","0","0","46.9","0","0","35.9","0","0","3.1","0","1.6","1","64","91989","  3"
"2025-26","Fall","CS","4104","Data and Algorithm Analysis","Cao","3.48","17.4","34.8","30.4","11.6","2.9","2.9","0","0","0","0","0","0","1","69","83568","  3"
"2025-26","Fall","CS","4104","Data and Algorithm Analysis","Hoang","3.35","28.2","23.9","12.7","19.7","7","0","7","0","0","0","0","1.4","1","71","83569","  3"
"2025-26","Fall","CS","4134","Quantum Comp & Info Proc","Mantri","3.51","43.9","17.1","24.4","0","7.3","2.4","0","2.4","0","2.4","0","0","2","41","83572","  3"
"2025-26","Fall","CS","4164","Future of Security","Zhang","3.91","69.2","30.8","0","0","0","0","0","0","0","0","0","0","0","13","83574","  3"
"2025-26","Fall","CS","4164","Future of Security","Zhang","3.95","83.3","16.7","0","0","0","0","0","0","0","0","0","0","0","6","92274","  3"
"2025-26","Fall","CS","4254","Network Arch Prog","Richards","3.93","76.7","23.3","0","0","0","0","0","0","0","0","0","0","0","30","83577","  3"
"2025-26","Fall","CS","4264","Principles Computer Security","Hicks","3.23","23.7","7.9","19.7","32.9","5.3","2.6","6.6","0","1.3","0","0","0","1","76","83578","  3"
"2025-26","Fall","CS","4304","Compiler Design","Sundararajah","3.71","55.6","22.2","0","22.2","0","0","0","0","0","0","0","0","1","9","91963","  3"
"2025-26","Fall","CS","4604","Int Data Base Mgt Sys","Hamouda","3.96","90","7.5","2.5","0","0","0","0","0","0","0","0","0","0","40","83581","  3"
"2025-26","Fall","CS","4604","Int Data Base Mgt Sys","Hamouda","3.92","88.4","8.1","1.2","0","0","1.2","1.2","0","0","0","0","0","1","86","91959","  3"
"2025-26","Fall","CS","4624","Multimedia/Hypertext","Feng","3.8","72.4","13.8","6.9","0","3.4","0","3.4","0","0","0","0","0","0","29","83582","  3"
"2025-26","Fall","CS","4624","Multimedia/Hypertext","McCrickard","3.9","76.7","20","0","0","3.3","0","0","0","0","0","0","0","0","30","83589","  3"
"2025-26","Fall","CS","4624","Multimedia/Hypertext","Yanardag Delul","3.97","97.1","0","0","2.9","0","0","0","0","0","0","0","0","0","34","83579","  3"
"2025-26","Fall","CS","4624","Multimedia/Hypertext","Charles","3.61","81","0","0","0","2.4","0","11.9","2.4","2.4","0","0","0","0","42","83586","  3"
"2025-26","Fall","CS","4624","Multimedia/Hypertext","Byalik","3.8","65.1","20.9","7","2.3","4.7","0","0","0","0","0","0","0","0","43","83587","  3"
"2025-26","Fall","CS","4624","Multimedia/Hypertext","Hamouda","4","100","0","0","0","0","0","0","0","0","0","0","0","0","44","83585","  3"
"2025-26","Fall","CS","4804","Introduction to AI","Vu","3.79","80.6","1.5","9","4.5","0","0","3","0","1.5","0","0","0","1","67","83590","  3"
"2025-26","Fall","CS","4824","Machine Learning","Jin","3.63","77.1","8.3","4.2","2.1","0","0","0","0","0","4.2","0","4.2","1","48","83592","  3"
"2025-26","Fall","CS","4824","Machine Learning","Zhou","3.69","33.8","46.2","12.3","6.2","1.5","0","0","0","0","0","0","0","4","65","83591","  3"
"2025-26","Fall","CS","4974","Independent Study","Hamouda","4","100","0","0","0","0","0","0","0","0","0","0","0","0","5","83597","  3"
"2025-26","Fall","CS","4974","Independent Study","Ellis","4","100","0","0","0","0","0","0","0","0","0","0","0","0","8","83601","  3"
"2025-26","Fall","CS","4974","Independent Study","Nizamani","4","100","0","0","0","0","0","0","0","0","0","0","0","0","9","83599","  3"
"2025-26","Fall","CS","4994","Undergraduate Research","Ellis","4","100","0","0","0","0","0","0","0","0","0","0","0","0","5","83625","  3"
"2025-26","Fall","CS","5024","Ethics & Professionalism in CS","Olimpiew","3.94","86.7","10","0","3.3","0","0","0","0","0","0","0","0","0","30","83662","  3"
"2025-26","Fall","CS","5024","Ethics & Professionalism in CS","Ribbens","3.97","90","10","0","0","0","0","0","0","0","0","0","0","0","50","91833","  3"
"2025-26","Fall","CS","5024","Ethics & Professionalism in CS","Yao","3.91","83.9","8.9","3.6","1.8","1.8","0","0","0","0","0","0","0","0","56","83658","  3"
"2025-26","Fall","CS","5024","Ethics & Professionalism in CS","Dunlap","3.96","87.5","12.5","0","0","0","0","0","0","0","0","0","0","0","64","83661","  3"
"2025-26","Fall","CS","5040","Intermed Data Struct/Algorithm","Shaffer","3.63","69","3.4","6.9","17.2","0","0","0","0","0","0","0","3.4","1","29","83663","  3"
"2025-26","Fall","CS","5044","Object-Oriented Pgmming Java","Elarnaoty","3.67","60","23.3","3.3","3.3","0","0","10","0","0","0","0","0","0","30","83665","  3"
"2025-26","Fall","CS","5044","Object-Oriented Pgmming Java","Kulczycki","3.67","60","23.3","3.3","3.3","0","0","10","0","0","0","0","0","0","30","83665","  3"
"2025-26","Fall","CS","5045","Computation for Data Sciences","Mayer","3.93","93.3","0","0","6.7","0","0","0","0","0","0","0","0","0","15","91911","  3"
"2025-26","Fall","CS","5045","Computation for Data Sciences","Mayer","4","100","0","0","0","0","0","0","0","0","0","0","0","0","8","91912","  3"
"2025-26","Fall","CS","5114","Theory of Algorithms","Flammia","3.09","16.7","25","16.7","16.7","8.3","0","0","8.3","0","8.3","0","0","0","12","92042","  3"
"2025-26","Fall","CS","5114","Theory of Algorithms","Cao","3.7","37.1","40","17.1","5.7","0","0","0","0","0","0","0","0","0","35","91844","  3"
"2025-26","Fall","CS","5134","Intro to Quantum Comp Sci","Khatri","3.63","10","65","25","0","0","0","0","0","0","0","0","0","2","20","83668","  3"
"2025-26","Fall","CS","5204","Operating Systems","Noh","3.74","81.8","0","4.5","4.5","0","0","9.1","0","0","0","0","0","0","22","92312","  3"
"2025-26","Fall","CS","5244","Web Application Development","Mengistu","3.68","37.5","43.8","6.3","6.3","6.3","0","0","0","0","0","0","0","0","16","83672","  3"
"2025-26","Fall","CS","5244","Web Application Development","Kulczycki","3.83","77.4","12.9","3.2","3.2","0","0","0","3.2","0","0","0","0","0","31","83670","  3"
"2025-26","Fall","CS","5244","Web Application Development","Kulczycki","3.91","82.7","12.3","1.2","1.2","2.5","0","0","0","0","0","0","0","0","81","83671","  3"
"2025-26","Fall","CS","5304","Trans Design and Con","Sundararajah","3.84","66.7","25","0","8.3","0","0","0","0","0","0","0","0","0","12","91964","  3"
"2025-26","Fall","CS","5504","Computer Architecture","Xiong","3.55","45.5","9.1","27.3","0","18.2","0","0","0","0","0","0","0","0","11","83677","  3"
"2025-26","Fall","CS","5504","Computer Architecture","Xiong","3.95","83.3","16.7","0","0","0","0","0","0","0","0","0","0","0","6","83676","  3"
"2025-26","Fall","CS","5510","Multiprocessor Programming","Sandu","3.84","70","20","0","10","0","0","0","0","0","0","0","0","0","10","83679","  3"
"2025-26","Fall","CS","5560","Fundamentals of Info Security","Wang","3.82","62.5","25","6.3","6.3","0","0","0","0","0","0","0","0","0","16","83681","  3"
"2025-26","Fall","CS","5560","Fundamentals of Info Security","Wang","3.78","70","18","4","4","0","0","2","0","0","2","0","0","0","50","83680","  3"
"2025-26","Fall","CS","5565","Network Arch and Protocols","Yang","3.81","43.5","52.2","4.3","0","0","0","0","0","0","0","0","0","0","23","83683","  3"
"2025-26","Fall","CS","5565","Network Arch and Protocols","Ji","3.81","63","22.2","7.4","7.4","0","0","0","0","0","0","0","0","0","27","91918","  3"
"2025-26","Fall","CS","5584","Network Security","Chung","3.98","94.4","5.6","0","0","0","0","0","0","0","0","0","0","0","18","83685","  3"
"2025-26","Fall","CS","5614","Database Management Systems","Seyam","3.65","61.4","15.9","9.1","6.8","2.3","0","0","0","2.3","0","2.3","0","0","44","83687","  3"
"2025-26","Fall","CS","5624","Natural Language Processing","Garg","3.94","85.7","10.7","3.6","0","0","0","0","0","0","0","0","0","0","28","83689","  3"
"2025-26","Fall","CS","5664","Social Media Analytics","Garg","3.94","78.9","21.1","0","0","0","0","0","0","0","0","0","0","0","19","83692","  3"
"2025-26","Fall","CS","5704","Software Engineering","Cameron","3.92","85","10","0","5","0","0","0","0","0","0","0","0","0","20","83696","  3"
"2025-26","Fall","CS","5704","Software Engineering","Meng","3.72","57.6","12.1","18.2","12.1","0","0","0","0","0","0","0","0","0","33","83693","  3"
"2025-26","Fall","CS","5704","Software Engineering","Kulczycki","3.8","64.7","20.6","2.9","11.8","0","0","0","0","0","0","0","0","0","34","83695","  3"
"2025-26","Fall","CS","5704","Software Engineering","Kulczycki","3.73","70.2","14.9","6.4","2.1","2.1","0","0","2.1","0","0","0","2.1","0","47","83694","  3"
"2025-26","Fall","CS","5724","Models of HCI","Rho","3.79","53.1","34.4","6.3","6.3","0","0","0","0","0","0","0","0","0","32","83698","  3"
"2025-26","Fall","CS","5734","Soc Comp & Comp Support Coop","Luther","3.38","7.7","76.9","0","7.7","0","0","0","0","0","0","0","7.7","0","13","92771","  3"
"2025-26","Fall","CS","5734","Soc Comp & Comp Support Coop","Luther","3.86","71.4","14.3","14.3","0","0","0","0","0","0","0","0","0","0","7","92043","  3"
"2025-26","Fall","CS","5740","AI Tools for Software Eng","Atkinson","3.95","90.9","6.1","2","0","1","0","0","0","0","0","0","0","0","99","91836","  3"
"2025-26","Fall","CS","5744","Software Design and Quality","Edmison","3.88","87.4","4.5","0.9","1.8","3.6","0","1.8","0","0","0","0","0","0","111","83700","  3"
"2025-26","Fall","CS","5744","Software Design and Quality","Edmison","3.92","87","8.7","0","0","4.3","0","0","0","0","0","0","0","0","23","91922","  3"
"2025-26","Fall","CS","5764","Information Visualization","Jafari","3.45","8.7","34.8","39.1","17.4","0","0","0","0","0","0","0","0","0","23","83703","  3"
"2025-26","Fall","CS","5764","Information Visualization","North","3.96","89.7","7.7","2.6","0","0","0","0","0","0","0","0","0","0","39","83701","  3"
"2025-26","Fall","CS","5784","Software Project Management","Richards","3.8","59.3","29.6","3.7","3.7","3.7","0","0","0","0","0","0","0","0","27","83705","  3"
"2025-26","Fall","CS","5804","Intro Artificial Intelligence","Cho","3.5","40.7","18.5","7.4","22.2","7.4","0","3.7","0","0","0","0","0","0","27","83706","  3"
"2025-26","Fall","CS","5805","Machine Learning","Jafari","3.07","6.3","22.9","16.7","27.1","10.4","8.3","2.1","4.2","0","2.1","0","0","0","48","83709","  3"
"2025-26","Fall","CS","5805","Machine Learning","Bhattacharya","3.92","93.9","0","0","4.1","0","0","2","0","0","0","0","0","0","49","83707","  3"
"2025-26","Fall","CS","5814","Introduction to Deep Learning","Reddy","3.82","55","35","10","0","0","0","0","0","0","0","0","0","0","20","83710","  3"
"2025-26","Fall","CS","5834","Intro to Urban Computing","Ramakrishnan","3.67","37.5","37.5","9.4","15.6","0","0","0","0","0","0","0","0","0","32","83712","  3"
"2025-26","Fall","CS","5834","Intro to Urban Computing","Ramakrishnan","3.58","29.2","36.9","16.9","12.3","3.1","1.5","0","0","0","0","0","0","0","65","83711","  3"
"2025-26","Fall","CS","5864","Learning-based Computer Vision","Thomas","3.67","57.7","7.7","26.9","3.8","0","0","3.8","0","0","0","0","0","0","26","83713","  3"
"2025-26","Fall","CS","5914","Emerging Topics in CS","Mengistu","3.28","10.5","15.8","31.6","31.6","10.5","0","0","0","0","0","0","0","0","19","83719","  3"
"2025-26","Fall","CS","5914","Emerging Topics in CS","Williams","3.81","81","4.8","0","4.8","9.5","0","0","0","0","0","0","0","0","21","83715","  3"
"2025-26","Fall","CS","5925","Integrated Project Design","Cameron","3.97","90","10","0","0","0","0","0","0","0","0","0","0","0","20","83721","  6"
"2025-26","Fall","CS","5925","Integrated Project Design","Olimpiew","3.97","90","10","0","0","0","0","0","0","0","0","0","0","0","20","83721","  6"
"2025-26","Fall","CS","5934","Capstone Project","Cameron","3.99","97","3","0","0","0","0","0","0","0","0","0","0","0","33","83724","  3"
"2025-26","Fall","CS","5934","Capstone Project","Hooshangi","3.99","97","3","0","0","0","0","0","0","0","0","0","0","0","33","83724","  3"
"2025-26","Fall","CS","5934","Capstone Project","Cameron","3.98","96.4","1.8","1.8","0","0","0","0","0","0","0","0","0","0","55","83723","  3"
"2025-26","Fall","CS","5934","Capstone Project","Hooshangi","3.98","96.4","1.8","1.8","0","0","0","0","0","0","0","0","0","0","55","83723","  3"
"2025-26","Fall","CS","5984","SS: Engineer Entrepreneurship","Stavrou","3.93","77.8","22.2","0","0","0","0","0","0","0","0","0","0","0","9","92681","  3"
"2025-26","Fall","CS","6104","Adv Tops Theory Comp","Vakilian","3.8","50","37.5","12.5","0","0","0","0","0","0","0","0","0","0","16","92276","  3"
"2025-26","Fall","CS","6204","Advanced Topics in Systems","Butt","4","100","0","0","0","0","0","0","0","0","0","0","0","0","22","83783","  3"
"2025-26","Fall","CS","6404","Adv Topics Math S/W","Sandu","4","100","0","0","0","0","0","0","0","0","0","0","0","0","11","91979","  3"
"2025-26","Fall","CS","6604","Adv Tops Data & Info","Lu","3.93","77.8","22.2","0","0","0","0","0","0","0","0","0","0","0","18","92044","  3"
"2025-26","Fall","CS","6704","Adv Topics S/W Eng","Gulzar","3.88","83.3","0","16.7","0","0","0","0","0","0","0","0","0","0","6","91980","  3"
"2025-26","Fall","CS","6724","Advanced Topics HCI","Smith IV","3.86","72.4","13.8","13.8","0","0","0","0","0","0","0","0","0","0","29","83787","  3"
"2025-26","Fall","CS","6804","Adv Topics Intell Sys","Cui","4","100","0","0","0","0","0","0","0","0","0","0","0","0","30","83789","  3"
"2025-26","Fall","CS","6804","Adv Topics Intell Sys","An","4","100","0","0","0","0","0","0","0","0","0","0","0","0","9","92160","  3"
"2025-26","Fall","CSES","2224","Foundations of Precision Ag","Shafian","4","100","0","0","0","0","0","0","0","0","0","0","0","0","10","92085","  3"
"2025-26","Fall","CSES","2244","Ag Global Food Sec and Health","Abaye","3.22","37.5","12.5","21.9","12.5","0","0","6.3","0","3.1","0","0","6.3","4","32","83794","  3"
"2025-26","Fall","CSES","2444","Agronomic Crops","Thomas","3.37","34.3","20","14.3","17.1","2.9","2.9","2.9","2.9","0","2.9","0","0","0","35","83795","  3"
"2025-26","Fall","CSES","2564","Turfgrass Management","Sandor","3.26","16.7","16.7","27.8","22.2","11.1","0","0","5.6","0","0","0","0","0","18","83796","  3"
"2025-26","Fall","CSES","3114","Soils","Possinger","3.78","76.7","8.9","5.6","4.4","1.1","1.1","0","0","1.1","0","0","1.1","0","90","83797","  3"
"2025-26","Fall","CSES","3124","Soils Laboratory","Possinger","3.74","63.6","27.3","0","0","0","0","9.1","0","0","0","0","0","0","11","83798","  1"
"2025-26","Fall","CSES","3124","Soils Laboratory","Possinger","3.98","91.7","8.3","0","0","0","0","0","0","0","0","0","0","0","12","83802","  1"
"2025-26","Fall","CSES","3124","Soils Laboratory","Possinger","3.89","93.3","0","0","0","0","6.7","0","0","0","0","0","0","0","15","83803","  1"
"2025-26","Fall","CSES","3124","Soils Laboratory","Possinger","3.79","81.3","0","0","12.5","6.3","0","0","0","0","0","0","0","0","16","83801","  1"
"2025-26","Fall","CSES","3124","Soils Laboratory","Possinger","3.96","88.2","11.8","0","0","0","0","0","0","0","0","0","0","0","17","83799","  1"
"2025-26","Fall","CSES","3124","Soils Laboratory","Possinger","4","100","0","0","0","0","0","0","0","0","0","0","0","0","17","83800","  1"
"2025-26","Fall","CSES","3144","Soil Description and Interp","Galbraith","3.96","87.5","12.5","0","0","0","0","0","0","0","0","0","0","0","8","83804","  3"
"2025-26","Fall","CSES","3564","Golf and Sports Turf Mgt","Sandor","2.4","20","0","0","40","0","0","20","0","0","0","0","20","0","5","83805","  3"
"2025-26","Fall","CSES","4214","Soil Fertility and Management","Brown","3.05","38.1","0","0","31","0","0","28.6","0","2.4","0","0","0","0","42","83808","  3"
"2025-26","Fall","CSES","4224","Applied Concepts Precision Ag","Seyyedhasani","3.15","16.7","0","33.3","33.3","0","16.7","0","0","0","0","0","0","0","6","83809","  3"
"2025-26","Fall","CSES","4234","Agro Data Integration","Haak","4","100","0","0","0","0","0","0","0","0","0","0","0","0","8","91576","  3"
"2025-26","Fall","CSES","4334","Agroforestry","Munsell","3.76","37.5","50","12.5","0","0","0","0","0","0","0","0","0","0","8","83810","  3"
"2025-26","Fall","CSES","4854","Wetland Soils and Mitigation","Galbraith","3.62","58.5","19.5","12.2","2.4","0","0","0","4.9","0","0","0","2.4","0","41","83812","  3"
"2025-26","Fall","CSES","5224","Adv Concepts in Precision Ag","Seyyedhasani","4","100","0","0","0","0","0","0","0","0","0","0","0","0","5","83815","  3"
"2025-26","Fall","CSES","5524","Adv Drone Appl Ag Systems","Shafian","4","100","0","0","0","0","0","0","0","0","0","0","0","0","5","92122","  3"
"2025-26","Fall","DANC","2004","Anatomy for Performers","Hardwig","3.85","90","0","2","6","0","0","0","0","0","0","0","2","0","50","83818","  3"
"2025-26","Fall","DANC","2004","Anatomy for Performers","Rugh","3.85","90","0","2","6","0","0","0","0","0","0","0","2","0","50","83818","  3"
"2025-26","Fall","DANC","2014","Introduction to Dance History","Rugh","3.57","70.4","0","1.7","17.4","0","0.9","7.8","0","0","0","0","1.7","0","115","91061","  3"
"2025-26","Fall","DANC","2024","Intro to Dance Techniques","Gerth","3.95","94.6","0","0","5.4","0","0","0","0","0","0","0","0","1","37","83821","  3"
"2025-26","Fall","DANC","2024","Intro to Dance Techniques","Gerth","3.98","92.1","7.9","0","0","0","0","0","0","0","0","0","0","0","38","83820","  3"
"2025-26","Fall","DANC","2104","Moving Body, Moving Mind","Basso","3.77","60","20","10","10","0","0","0","0","0","0","0","0","0","10","83822","  3"
"2025-26","Fall","DANC","3024","Int/Adv Dance Techniques","Rugh","3.97","88.9","11.1","0","0","0","0","0","0","0","0","0","0","0","9","91062","  3"
"2025-26","Fall","DASC","1464","Dairy Cattle Handling","Knowlton","4","100","0","0","0","0","0","0","0","0","0","0","0","0","8","83823","  1"
"2025-26","Fall","DASC","1464","Dairy Cattle Handling","Knowlton","4","100","0","0","0","0","0","0","0","0","0","0","0","0","8","83826","  1"
"2025-26","Fall","DASC","1464","Dairy Cattle Handling","Knowlton","4","100","0","0","0","0","0","0","0","0","0","0","0","0","9","83824","  1"
"2025-26","Fall","DASC","1464","Dairy Cattle Handling","Knowlton","4","100","0","0","0","0","0","0","0","0","0","0","0","0","9","83825","  1"
"2025-26","Fall","DASC","1574","DASC First Year Experience","Knowlton","3.91","88.9","5.6","0","0","5.6","0","0","0","0","0","0","0","0","18","83828","  1"
"2025-26","Fall","DASC","2204","Entrepreneurship in Animal Ag","White","3.76","80.8","3.8","3.8","3.8","0","0","3.8","3.8","0","0","0","0","0","26","83829","  3"
"2025-26","Fall","DASC","3274","Applied Dairy Cattle Nutrition","Daniels","3.33","33.3","16.7","8.3","25","0","8.3","8.3","0","0","0","0","0","0","12","83832","  3"
"2025-26","Fall","DASC","3474","Dairy Information Systems","Winston","3.56","47.4","21.1","21.1","0","5.3","0","0","0","0","5.3","0","0","0","19","83833","  3"
"2025-26","Fall","DASC","4304","Bovine Reproduction Practices","Ealy","4","100","0","0","0","0","0","0","0","0","0","0","0","0","10","83834","  2"
"2025-26","Fall","DASC","4664","Translating Dairy Science","Daniels","3.73","41.7","41.7","8.3","8.3","0","0","0","0","0","0","0","0","0","12","83836","  1"
"2025-26","Fall","ECE","1004","Introduction to ECE Concepts","Martin","2.72","12.4","12.4","10.5","12.4","14.3","14.3","15.2","0","0","2.9","0","5.7","9","105","91131","  3"
"2025-26","Fall","ECE","1004","Introduction to ECE Concepts","Ball","2.72","10.8","13.3","10.8","15","15","11.7","10","2.5","2.5","3.3","0","5","11","120","83865","  3"
"2025-26","Fall","ECE","1004","Introduction to ECE Concepts","Dunning","2.96","17.7","16.9","13.8","15.4","10.8","5.4","14.6","0","0","0","0.8","4.6","9","130","83864","  3"
"2025-26","Fall","ECE","1004","Introduction to ECE Concepts","Dunning","3.18","26","18.3","10.7","16.8","10.7","7.6","6.9","0","0","0.8","0","2.3","3","131","83863","  3"
"2025-26","Fall","ECE","2024","Circuits and Devices","Ball","2.8","9.3","12.1","15","14","13.1","11.2","15.9","6.5","0.9","0.9","0","0.9","3","107","83868","  3"
"2025-26","Fall","ECE","2024","Circuits and Devices","Yu","2.66","5.4","9","9.9","22.5","15.3","9.9","19.8","0","2.7","0.9","3.6","0.9","2","111","83866","  3"
"2025-26","Fall","ECE","2024","Circuits and Devices","Ngo","2.66","4.9","11.1","16","6.2","24.7","14.8","14.8","0","1.2","1.2","0","4.9","4","81","83867","  3"
"2025-26","Fall","ECE","2054","Applied Electrical Theory","Centeno","2.62","19.2","9.6","11","15.1","8.2","8.2","2.7","5.5","4.1","4.1","4.1","8.2","3","73","92142","  3"
"2025-26","Fall","ECE","2054","Applied Electrical Theory","Centeno","2.55","16.7","8.3","12.5","8.3","10.4","6.3","12.5","3.1","8.3","6.3","2.1","5.2","7","96","83869","  3"
"2025-26","Fall","ECE","2214","Physical Electronics","Poon","2.59","13.6","6.1","13.6","10.6","18.2","13.6","3","9.1","0","3","0","9.1","3","66","83870","  3"
"2025-26","Fall","ECE","2214","Physical Electronics","Ahmadi Dizgah","3.09","20.7","12","22.8","6.5","10.9","17.4","7.6","1.1","0","1.1","0","0","4","92","83871","  3"
"2025-26","Fall","ECE","2514","Computational Engineering","Soysal","3.03","27","19","4.8","4.8","20.6","9.5","6.3","1.6","0","1.6","0","4.8","5","63","83872","  3"
"2025-26","Fall","ECE","2514","Computational Engineering","Zeng","2.97","27.3","21.2","6.1","15.2","4.5","6.1","3","4.5","3","0","0","9.1","1","66","83874","  3"
"2025-26","Fall","ECE","2514","Computational Engineering","Soysal","3.09","37.3","14.7","8","12","6.7","1.3","5.3","4","1.3","1.3","1.3","6.7","8","75","83873","  3"
"2025-26","Fall","ECE","2544","Fundamentals Digital Systems","Thweatt","2.88","10","15","14","20","11","5","20","0","2","2","1","0","16","100","83876","  3"
"2025-26","Fall","ECE","2544","Fundamentals Digital Systems","Cooper","2.75","12.6","17.5","5.8","18.4","8.7","8.7","16.5","0","2.9","3.9","1","3.9","11","103","83875","  3"
"2025-26","Fall","ECE","2544","Fundamentals Digital Systems","Cooper","2.04","7.7","9.2","4.6","10.8","12.3","9.2","13.8","0","4.6","3.1","0","24.6","16","65","83877","  3"
"2025-26","Fall","ECE","2564","Embedded Systems","Connors","3.15","34.9","12.7","13.5","11.1","9.5","0.8","11.1","0","0","0","0.8","5.6","11","126","83878","  3"
"2025-26","Fall","ECE","2564","Embedded Systems","Plassmann","2.85","30.9","16","9.9","9.9","8.6","1.2","6.2","0","0","1.2","0","16","11","81","91215","  3"
"2025-26","Fall","ECE","2714","Signals and Systems","Xu","2.86","24.4","6.4","12.8","16.7","9","11.5","6.4","3.8","1.3","0","1.3","6.4","1","78","83881","  3"
"2025-26","Fall","ECE","2714","Signals and Systems","Lanzerotti","2.84","4.1","16.5","15.5","15.5","19.6","15.5","8.2","2.1","0","1","0","2.1","2","97","83880","  3"
"2025-26","Fall","ECE","2804","Integrated Design Project","Baumann","2.55","0","0","0","45.5","18.2","0","27.3","9.1","0","0","0","0","1","11","92428","  2"
"2025-26","Fall","ECE","2804","Integrated Design Project","Blankenship","3.08","0","28.6","28.6","14.3","21.4","0","0","0","0","7.1","0","0","0","14","83884","  2"
"2025-26","Fall","ECE","2804","Integrated Design Project","Blankenship","2.87","0","0","20","46.7","20","0","13.3","0","0","0","0","0","0","15","83889","  2"
"2025-26","Fall","ECE","2804","Integrated Design Project","Faeghi","3.07","26.7","13.3","0","20","13.3","6.7","20","0","0","0","0","0","0","15","83887","  2"
"2025-26","Fall","ECE","2804","Integrated Design Project","Faeghi","3.33","26.7","20","26.7","20","0","0","0","0","0","0","6.7","0","1","15","83890","  2"
"2025-26","Fall","ECE","2804","Integrated Design Project","Hong","2.91","20","6.7","13.3","20","13.3","20","0","0","0","0","0","6.7","1","15","83882","  2"
"2025-26","Fall","ECE","2804","Integrated Design Project","Hong","3.09","18.8","12.5","18.8","12.5","18.8","0","18.8","0","0","0","0","0","0","16","83886","  2"
"2025-26","Fall","ECE","2804","Integrated Design Project","Milburn","2.89","6.3","18.8","12.5","25","0","12.5","25","0","0","0","0","0","0","16","83883","  2"
"2025-26","Fall","ECE","2804","Integrated Design Project","Milburn","2.72","6.3","6.3","0","31.3","25","0","31.3","0","0","0","0","0","0","16","92743","  2"
"2025-26","Fall","ECE","2804","Integrated Design Project","Yu","2.94","0","31.3","6.3","25","12.5","12.5","6.3","0","6.3","0","0","0","0","16","83885","  2"
"2025-26","Fall","ECE","2804","Integrated Design Project","Yu","2.94","12.5","12.5","18.8","12.5","31.3","6.3","0","0","0","0","0","6.3","0","16","83888","  2"
"2025-26","Fall","ECE","3004","AC Circuit Analysis","Manteghi","2.53","10.9","9.1","9.1","10","13.6","12.7","13.6","9.1","1.8","1.8","4.5","3.6","1","110","83907","  3"
"2025-26","Fall","ECE","3054","Electrical Theory","Safaai-Jazi","2.99","14.9","17","4.3","31.9","10.6","4.3","8.5","6.4","0","0","0","2.1","2","47","83908","  3"
"2025-26","Fall","ECE","3074","AC Circuit Analysis Laboratory","Milburn","3.02","16.7","16.7","20.8","16.7","14.6","2.1","4.2","0","2.1","0","0","6.3","1","48","83910","  1"
"2025-26","Fall","ECE","3074","AC Circuit Analysis Laboratory","Milburn","3.38","41.1","12.5","21.4","14.3","1.8","1.8","1.8","0","0","1.8","0","3.6","0","56","83909","  1"
"2025-26","Fall","ECE","3105","Electromagnetic Fields","Ellingson","2.53","14.2","2.8","3.8","32.1","7.5","4.7","10.4","10.4","0","4.7","4.7","4.7","9","106","83911","  3"
"2025-26","Fall","ECE","3106","Electromagnetic Fields","Safaai-Jazi","2.88","5.9","23.5","17.6","5.9","5.9","17.6","17.6","5.9","0","0","0","0","0","34","83912","  3"
"2025-26","Fall","ECE","3204","Analog Electronics","Walling","3.29","29.4","19.6","9.8","19.6","5.9","3.9","9.8","2","0","0","0","0","1","51","83913","  3"
"2025-26","Fall","ECE","3214","Semiconductor Device Fund","Hudait","3.32","18.2","18.2","27.3","18.2","15.2","3","0","0","0","0","0","0","0","33","83914","  3"
"2025-26","Fall","ECE","3274","Elctrnc Circuits Lab II","Baumann","2.92","7.7","0","15.4","46.2","7.7","15.4","7.7","0","0","0","0","0","0","13","83915","  1"
"2025-26","Fall","ECE","3274","Elctrnc Circuits Lab II","Baumann","3.38","25","12.5","12.5","50","0","0","0","0","0","0","0","0","0","8","83916","  1"
"2025-26","Fall","ECE","3304","Introduction to Power Systems","Centeno","3.14","34.8","4.3","13","17.4","4.3","8.7","8.7","8.7","0","0","0","0","0","23","83917","  3"
"2025-26","Fall","ECE","3304","Introduction to Power Systems","Zhu","3.14","34.8","4.3","13","17.4","4.3","8.7","8.7","8.7","0","0","0","0","0","23","83917","  3"
"2025-26","Fall","ECE","3354","Power Laboratory","Gyamfi","3.37","9.1","54.5","9.1","9.1","0","18.2","0","0","0","0","0","0","0","11","83918","  1"
"2025-26","Fall","ECE","3354","Power Laboratory","Yu","3.37","9.1","54.5","9.1","9.1","0","18.2","0","0","0","0","0","0","0","11","83918","  1"
"2025-26","Fall","ECE","3354","Power Laboratory","Gyamfi","3.43","0","33.3","66.7","0","0","0","0","0","0","0","0","0","0","6","92212","  1"
"2025-26","Fall","ECE","3354","Power Laboratory","Yu","3.43","0","33.3","66.7","0","0","0","0","0","0","0","0","0","0","6","92212","  1"
"2025-26","Fall","ECE","3504","Principles Comp Architecture","Ransbottom","3.36","22.9","34.3","22.9","5.7","2.9","2.9","0","2.9","2.9","0","2.9","0","1","35","83920","  3"
"2025-26","Fall","ECE","3504","Principles Comp Architecture","Williams","2.94","15.1","15.1","18.6","18.6","5.8","11.6","5.8","0","2.3","2.3","1.2","3.5","1","86","83919","  3"
"2025-26","Fall","ECE","3514","Data Structures & Algorithms","Aneja","3.2","22.5","20","15","17.5","5","9.2","7.5","1.7","0.8","0","0","0.8","3","120","83921","  3"
"2025-26","Fall","ECE","3514","Data Structures & Algorithms","Aneja","3.12","19","15.2","24.1","17.7","7.6","3.8","6.3","1.3","1.3","1.3","0","2.5","2","79","91382","  3"
"2025-26","Fall","ECE","3544","Digital Design I","Thweatt","2.59","14.7","6.7","18.7","17.3","5.3","1.3","13.3","4","1.3","8","1.3","8","2","75","83923","  4"
"2025-26","Fall","ECE","3564","Intro to Computer Networking","Gerdes","3.28","10","20","32.5","25","7.5","5","0","0","0","0","0","0","2","40","83924","  3"
"2025-26","Fall","ECE","3574","Applied Software Design","Shin","2.56","10.3","3.4","6.9","20.7","20.7","6.9","13.8","3.4","6.9","0","3.4","3.4","1","29","83925","  3"
"2025-26","Fall","ECE","3574","Applied Software Design","Shin","2.59","11.1","11.1","8.9","17.8","13.3","13.3","8.9","0","2.2","0","4.4","8.9","1","45","83926","  3"
"2025-26","Fall","ECE","3614","Intro Comm Systems","Talty","3.11","29.4","11.8","13.7","19.6","3.9","0","7.8","7.8","0","5.9","0","0","1","51","83927","  3"
"2025-26","Fall","ECE","3704","Cont and Disc Systems","Wyatt","2.63","13.3","14.2","6.7","11.7","13.3","10.8","9.2","5","5.8","3.3","1.7","5","1","120","83928","  3"
"2025-26","Fall","ECE","4104","Microwave and RF Engineering","Manteghi","3.12","33.3","16.7","16.7","0","0","0","16.7","16.7","0","0","0","0","0","6","83929","  4"
"2025-26","Fall","ECE","4120","Fund. Quantum Engineering","Shao","4","100","0","0","0","0","0","0","0","0","0","0","0","0","14","91884","  3"
"2025-26","Fall","ECE","4134","Photonics","Zhu","3.52","16.7","50","0","33.3","0","0","0","0","0","0","0","0","1","6","83931","  3"
"2025-26","Fall","ECE","4154","Space Weather","Baker","2.67","0","28.6","14.3","14.3","0","0","14.3","14.3","14.3","0","0","0","0","7","83933","  3"
"2025-26","Fall","ECE","4205","Electronic Circuit Design","Sable","3.22","32.4","5.9","8.8","29.4","8.8","0","14.7","0","0","0","0","0","3","34","83935","  3"
"2025-26","Fall","ECE","4220","Analog IC Design","Ha","3.59","70.6","0","0","11.8","5.9","5.9","5.9","0","0","0","0","0","0","17","83936","  3"
"2025-26","Fall","ECE","4224","Power Electronics","Dimarino","2.97","6.7","20","16.7","10","23.3","16.7","3.3","0","0","3.3","0","0","0","30","83938","  3"
"2025-26","Fall","ECE","4224","Power Electronics","Dimarino","3.8","60","20","20","0","0","0","0","0","0","0","0","0","0","5","83937","  3"
"2025-26","Fall","ECE","4324","Microgrids","Mehrizi-Sani","3.47","0","66.7","16.7","0","16.7","0","0","0","0","0","0","0","5","6","83941","  3"
"2025-26","Fall","ECE","4334","Pwr Syst Ana & Cntrl","De La Reelopez","2.75","7.7","3.8","0","50","15.4","0","15.4","0","0","7.7","0","0","1","26","83943","  3"
"2025-26","Fall","ECE","4424","Machine Learning","Zhou","3.67","33.3","40","20","6.7","0","0","0","0","0","0","0","0","0","15","83946","  3"
"2025-26","Fall","ECE","4424","Machine Learning","Jin","3.76","88.9","5.6","0","0","0","0","0","0","0","0","0","5.6","0","18","83945","  3"
"2025-26","Fall","ECE","4524","Artif Intellig and Engr Appl","Jones","3.38","25.5","29.8","17","12.8","8.5","0","2.1","2.1","0","0","0","2.1","0","47","83948","  4"
"2025-26","Fall","ECE","4525","Video Game Design and Eng","Hsiao","3.3","22.6","29","0","25.8","12.9","6.5","0","3.2","0","0","0","0","0","31","83949","  3"
"2025-26","Fall","ECE","4534","Embedded System Design","Nazhandali","3.96","94.1","0","5.9","0","0","0","0","0","0","0","0","0","0","17","92599","  4"
"2025-26","Fall","ECE","4540","VLSI Circuit Design","Walling","3.68","68.4","2.6","5.3","15.8","5.3","0","2.6","0","0","0","0","0","0","38","83950","  3"
"2025-26","Fall","ECE","4554","Intro to Computer Vision","Abbott","2.7","17.6","0","5.9","14.7","17.6","8.8","26.5","8.8","0","0","0","0","1","34","83951","  3"
"2025-26","Fall","ECE","4560","Comp and Net Security Fund","Garcia","4","100","0","0","0","0","0","0","0","0","0","0","0","0","37","83952","  3"
"2025-26","Fall","ECE","4574","Large Software Dev Engr Sys","Jones","3.79","55","30","10","5","0","0","0","0","0","0","0","0","0","40","83954","  3"
"2025-26","Fall","ECE","4580","Digital Image Processing","Xuan","3.11","15.9","24.4","17.1","13.4","11","7.3","6.1","1.2","0","0","0","3.7","3","82","83958","  3"
"2025-26","Fall","ECE","4624","DSP & Filter Design","Wyatt","2.92","4.3","39.1","8.7","4.3","13","13","8.7","0","4.3","0","0","4.3","1","23","83962","  3"
"2025-26","Fall","ECE","4634","Digital Communications","Buehrer","3.5","41.7","25","8.3","8.3","0","16.7","0","0","0","0","0","0","0","12","83964","  3"
"2025-26","Fall","ECE","4664","Analog/Dig Comm Lab","Buehrer","3.33","57.1","0","14.3","0","0","0","28.6","0","0","0","0","0","0","7","83965","  1"
"2025-26","Fall","ECE","4664","Analog/Dig Comm Lab","Richardson","3.33","57.1","0","14.3","0","0","0","28.6","0","0","0","0","0","0","7","83965","  1"
"2025-26","Fall","ECE","4805","Senior Design Project","Adams","3.97","92.8","5.1","2.1","0","0","0","0","0","0","0","0","0","0","195","83966","  3"
"2025-26","Fall","ECE","4806","Senior Design Project","Connors","3.82","68.3","16.7","8.3","5","1.7","0","0","0","0","0","0","0","0","60","83967","  3"
"2025-26","Fall","ECE","4974","Independent Study","Thacker","4","100","0","0","0","0","0","0","0","0","0","0","0","0","6","83968","  3"
"2025-26","Fall","ECE","4984","SS: IoT System Design","Midkiff","3.69","75","0","0","6.3","18.8","0","0","0","0","0","0","0","0","16","91968","  3"
"2025-26","Fall","ECE","5024","Math Methods for ECE","Lin","4","100","0","0","0","0","0","0","0","0","0","0","0","0","7","91142","  3"
"2025-26","Fall","ECE","5024","Math Methods for ECE","Lin","3.96","87.5","12.5","0","0","0","0","0","0","0","0","0","0","0","8","91141","  3"
"2025-26","Fall","ECE","5104","ADV Microwave & RF Engineering","Manteghi","2.93","14.3","28.6","0","14.3","14.3","0","0","28.6","0","0","0","0","0","7","84005","  3"
"2025-26","Fall","ECE","5105","Electromagnetic Waves","Budhu","3.52","40","26.7","6.7","20","0","0","0","6.7","0","0","0","0","0","15","84007","  3"
"2025-26","Fall","ECE","5124","Quantum Eng & Tech","Shao","3.98","93.8","6.3","0","0","0","0","0","0","0","0","0","0","0","16","90998","  3"
"2025-26","Fall","ECE","5124","Quantum Eng & Tech","Shao","4","100","0","0","0","0","0","0","0","0","0","0","0","0","19","90994","  3"
"2025-26","Fall","ECE","5134","ADV Fiber Optics & Application","Zhu","3.69","50","21.4","14.3","14.3","0","0","0","0","0","0","0","0","0","14","84009","  3"
"2025-26","Fall","ECE","5194","Remote Sensing Prin & Tech","Kunduri","3.75","56","24","12","4","4","0","0","0","0","0","0","0","0","25","84014","  3"
"2025-26","Fall","ECE","5194","Remote Sensing Prin & Tech","Kunduri","3.66","57.1","0","28.6","14.3","0","0","0","0","0","0","0","0","0","7","84015","  3"
"2025-26","Fall","ECE","5234","EMI Noise Reduction","Dong","3.94","87.5","6.3","6.3","0","0","0","0","0","0","0","0","0","0","32","84016","  3"
"2025-26","Fall","ECE","5234","EMI Noise Reduction","Dong","3.42","62.5","25","0","0","0","0","0","0","0","0","0","12.5","0","8","84017","  3"
"2025-26","Fall","ECE","5254","Power Conv Mod & Cont","Li","3.76","47.4","36.8","10.5","5.3","0","0","0","0","0","0","0","0","0","19","84019","  3"
"2025-26","Fall","ECE","5354","Advanced Microgrids","Mehrizi-Sani","3.55","50","16.7","16.7","0","0","16.7","0","0","0","0","0","0","0","6","91885","  3"
"2025-26","Fall","ECE","5354","Advanced Microgrids","Mehrizi-Sani","4","100","0","0","0","0","0","0","0","0","0","0","0","0","8","91886","  3"
"2025-26","Fall","ECE","5424","Advanced Machine Learning","Wang","3.98","93.4","6.6","0","0","0","0","0","0","0","0","0","0","0","76","84022","  3"
"2025-26","Fall","ECE","5440","Brain-inspired Comp Arch","Paul","3.81","70.8","12.5","8.3","4.2","4.2","0","0","0","0","0","0","0","0","24","91002","  3"
"2025-26","Fall","ECE","5480","Cybersecurity and the IoT","Giles","3.86","71.4","14.3","14.3","0","0","0","0","0","0","0","0","0","0","14","84024","  3"
"2025-26","Fall","ECE","5480","Cybersecurity and the IoT","Giles","3.8","85","0","0","0","15","0","0","0","0","0","0","0","0","20","84023","  3"
"2025-26","Fall","ECE","5484","Fundamentals Computer Systems","Ransbottom","3.73","59.1","22.7","9.1","4.5","0","0","4.5","0","0","0","0","0","0","22","84025","  3"
"2025-26","Fall","ECE","5485","Networks and Protocols","Tryfona","3.65","68.2","13.6","4.5","9.1","0","0","0","0","0","0","0","4.5","0","22","84026","  3"
"2025-26","Fall","ECE","5504","Computer Architecture","Xiong","3.76","50","33.3","8.3","8.3","0","0","0","0","0","0","0","0","0","12","84028","  3"
"2025-26","Fall","ECE","5504","Computer Architecture","Xiong","3.74","59.3","18.5","11.1","7.4","3.7","0","0","0","0","0","0","0","0","27","84027","  3"
"2025-26","Fall","ECE","5505","Testing & Verif Digit Systems","Hsiao","3.08","15.4","7.7","7.7","38.5","23.1","0","7.7","0","0","0","0","0","0","13","84030","  3"
"2025-26","Fall","ECE","5505","Testing & Verif Digit Systems","Hsiao","3.37","37.5","12.5","8.3","20.8","12.5","4.2","0","4.2","0","0","0","0","0","24","84029","  3"
"2025-26","Fall","ECE","5510","Multiprocessor Programming","Sandu","3.65","46.7","26.7","20","0","0","0","6.7","0","0","0","0","0","0","15","84032","  3"
"2025-26","Fall","ECE","5510","Multiprocessor Programming","Sandu","3.74","66.7","16.7","5.6","5.6","0","0","5.6","0","0","0","0","0","0","18","84031","  3"
"2025-26","Fall","ECE","5545","Advanced VLSI Design","Walling","3.88","79.2","12.5","4.2","0","4.2","0","0","0","0","0","0","0","0","24","91557","  3"
"2025-26","Fall","ECE","5545","Advanced VLSI Design","Walling","4","100","0","0","0","0","0","0","0","0","0","0","0","0","8","91558","  3"
"2025-26","Fall","ECE","5554","Computer Vision","Abbott","3.08","26.1","13","8.7","30.4","8.7","0","0","4.3","0","4.3","0","4.3","0","23","84034","  3"
"2025-26","Fall","ECE","5554","Computer Vision","Abbott","2.97","18.2","4.5","9.1","36.4","2.3","11.4","15.9","2.3","0","0","0","0","0","44","84033","  3"
"2025-26","Fall","ECE","5560","Fundamentals of Info Security","Wang","3.9","66.7","33.3","0","0","0","0","0","0","0","0","0","0","0","15","84035","  3"
"2025-26","Fall","ECE","5560","Fundamentals of Info Security","Wang","3.84","75","12.5","0","12.5","0","0","0","0","0","0","0","0","0","8","84036","  3"
"2025-26","Fall","ECE","5565","Network Arch and Protocols","Ji","3.82","57.1","35.7","0","7.1","0","0","0","0","0","0","0","0","0","14","91917","  3"
"2025-26","Fall","ECE","5565","Network Arch and Protocols","Yang","3.86","55","45","0","0","0","0","0","0","0","0","0","0","0","20","84038","  3"
"2025-26","Fall","ECE","5584","Network Security","Chung","3.91","86.7","6.7","0","6.7","0","0","0","0","0","0","0","0","0","15","84040","  3"
"2025-26","Fall","ECE","5585","IT Security and Trust","Marchany","3.9","90","0","0","10","0","0","0","0","0","0","0","0","0","10","84042","  3"
"2025-26","Fall","ECE","5585","IT Security and Trust","Marchany","3.94","90.6","1.9","7.5","0","0","0","0","0","0","0","0","0","0","53","84043","  3"
"2025-26","Fall","ECE","5605","Stochastic Signals and Systems","Lanzerotti","3.73","50","33.3","0","16.7","0","0","0","0","0","0","0","0","0","6","84045","  3"
"2025-26","Fall","ECE","5605","Stochastic Signals and Systems","Lanzerotti","3.63","44.4","22.2","11.1","22.2","0","0","0","0","0","0","0","0","0","9","84044","  3"
"2025-26","Fall","ECE","5635","Radar Systems Design","Ruohoniemi","3.36","28.6","14.3","14.3","21.4","21.4","0","0","0","0","0","0","0","0","14","91078","  3"
"2025-26","Fall","ECE","5635","Radar Systems Design","Ruohoniemi","3.44","33.3","16.7","16.7","22.2","5.6","5.6","0","0","0","0","0","0","0","18","91082","  3"
"2025-26","Fall","ECE","5644","Game Theory for Comm Networks","Saad","3.23","0","33.3","16.7","33.3","16.7","0","0","0","0","0","0","0","0","6","84046","  3"
"2025-26","Fall","ECE","5674","Software Radios","Dietrich","3.97","90.9","9.1","0","0","0","0","0","0","0","0","0","0","0","11","84049","  3"
"2025-26","Fall","ECE","5674","Software Radios","Dietrich","3.89","91.7","0","0","0","8.3","0","0","0","0","0","0","0","0","12","84048","  3"
"2025-26","Fall","ECE","5694","Nonlinearity & Predictability","Smith","3.84","70","20","5","0","5","0","0","0","0","0","0","0","0","20","84050","  3"
"2025-26","Fall","ECE","5694","Nonlinearity & Predictability","Smith","3.5","16.7","33.3","33.3","16.7","0","0","0","0","0","0","0","0","0","6","84051","  3"
"2025-26","Fall","ECE","5704","Robotics and Automation","Losey","3.6","40","20","20","20","0","0","0","0","0","0","0","0","0","5","84052","  3"
"2025-26","Fall","ECE","5744","Linear Systems Theory","Boker","3.71","66.7","11.1","0","11.1","11.1","0","0","0","0","0","0","0","0","9","84054","  3"
"2025-26","Fall","ECE","5754","Applied Linear Systems","Southward","3.65","45","25","20","0","10","0","0","0","0","0","0","0","0","20","84056","  3"
"2025-26","Fall","ECE","5984","SS: Critical Eng Emerging Tech","Giles","3.92","92.3","0","0","7.7","0","0","0","0","0","0","0","0","0","13","91972","  3"
"2025-26","Fall","ECE","5984","SS: AIML-MIMO-NextGen Wireless","Liu","3.96","85.7","14.3","0","0","0","0","0","0","0","0","0","0","0","14","92108","  3"
"2025-26","Fall","ECE","5984","SS: IoT System Design","Midkiff","3.77","70","15","5","5","0","0","5","0","0","0","0","0","0","20","91969","  3"
"2025-26","Fall","ECE","5984","SS: Data Engineering Project","Tryfona","3.88","80","5","15","0","0","0","0","0","0","0","0","0","0","20","91970","  3"
"2025-26","Fall","ECE","5984","SS: 5G-Advanced, O-RAN, and 6G","Reed","4","100","0","0","0","0","0","0","0","0","0","0","0","0","5","91887","  3"
"2025-26","Fall","ECE","5984","SS: 5G-Advanced, O-RAN, and 6G","Tripathi","4","100","0","0","0","0","0","0","0","0","0","0","0","0","5","91887","  3"
"2025-26","Fall","ECE","5984","SS: 5G-Advanced, O-RAN, and 6G","Reed","3.83","42.9","57.1","0","0","0","0","0","0","0","0","0","0","0","7","91888","  3"
"2025-26","Fall","ECE","5984","SS: 5G-Advanced, O-RAN, and 6G","Tripathi","3.83","42.9","57.1","0","0","0","0","0","0","0","0","0","0","0","7","91888","  3"
"2025-26","Fall","ECE","5984","SS: Data Engineering Project","Tryfona","3.96","85.7","14.3","0","0","0","0","0","0","0","0","0","0","0","7","91971","  3"
"2025-26","Fall","ECE","6504","TS:Perf Opt of NextG and Spect","Hou","3.87","55.6","44.4","0","0","0","0","0","0","0","0","0","0","0","9","91039","  3"
"2025-26","Fall","ECE","6514","Trustworthy Machine Learning","Jia","3.87","87","0","0","13","0","0","0","0","0","0","0","0","0","23","84467","  3"
"2025-26","Fall","ECE","6514","Trustworthy Machine Learning","Jia","3.92","92","0","0","8","0","0","0","0","0","0","0","0","0","25","84468","  3"
"2025-26","Fall","ECE","6554","Advanced Computer Vision","Xuan","3.86","54.5","45.5","0","0","0","0","0","0","0","0","0","0","0","11","84470","  3"
"2025-26","Fall","ECON","1004","First Year Experience Seminar","Tantihkarnchana","2.58","22.1","11.8","13.2","5.9","8.8","5.9","5.9","1.5","5.9","4.4","1.5","13.2","5","68","84670","  1"
"2025-26","Fall","ECON","1104","Economics of Gender","Bartuska","3.25","19.2","15.4","26.9","26.9","3.8","3.8","0","0","0","0","3.8","0","0","26","92083","  3"
"2025-26","Fall","ECON","1204","Economics of Race","Barrera","3.11","28.6","17.9","14.3","10.7","3.6","7.1","3.6","10.7","0","0","0","3.6","1","28","90927","  3"
"2025-26","Fall","ECON","2005","Principles of Economics","Tantihkarnchana","3.09","16.3","19.1","24.8","9.2","8.5","7.8","5.7","5.7","0.7","0.7","0","1.4","7","141","90883","  3"
"2025-26","Fall","ECON","2005","Principles of Economics","Tantihkarnchana","2.49","5.2","9.3","15.3","12.1","15.3","11.7","8.5","6","4.8","4.4","1.2","6","22","248","84673","  3"
"2025-26","Fall","ECON","2005","Principles of Economics","Perdue","3.92","90.7","3.7","0","1.9","3.7","0","0","0","0","0","0","0","0","54","84677","  3"
"2025-26","Fall","ECON","2005","Principles of Economics","Wooten","3.19","20.6","26.4","14.6","12.5","10","5.1","2.9","2.9","1.9","0.7","0.7","1.9","4","591","84675","  3"
"2025-26","Fall","ECON","2005","Principles of Economics","Wooten","2.92","16.7","25","6.7","20","6.7","3.3","3.3","5","5","3.3","0","5","0","60","84674","  3"
"2025-26","Fall","ECON","2006","Principles of Economics","Yang","3.61","45.7","27.1","9.3","12.1","2.1","1.4","0","0","0.7","0.7","0","0.7","1","140","84681","  3"
"2025-26","Fall","ECON","2006","Principles of Economics","Yang","3.68","47.6","25.2","16.8","6.3","2.8","0.7","0.7","0","0","0","0","0","2","143","84682","  3"
"2025-26","Fall","ECON","2006","Principles of Economics","Gebremariam","3.82","68.7","19.3","7.3","2","0.7","0.7","0.7","0.7","0","0","0","0","0","150","84679","  3"
"2025-26","Fall","ECON","2006","Principles of Economics","Gebremariam","3.82","70.7","15.3","7.3","4","1.3","0.7","0","0.7","0","0","0","0","0","150","84680","  3"
"2025-26","Fall","ECON","2006","Principles of Economics","Gebremariam","3.65","49.3","23.7","15.1","7.2","1.3","0.7","1.3","0","0.7","0","0","0.7","0","152","84678","  3"
"2025-26","Fall","ECON","2006","Principles of Economics","Sukhee","3","7.3","19.5","12.2","29.3","7.3","9.8","12.2","2.4","0","0","0","0","0","41","92702","  3"
"2025-26","Fall","ECON","2006","Principles of Economics","Bandyopadhyay","3.22","38.8","14.3","16.3","8.2","6.1","2","4.1","0","2","4.1","0","4.1","1","49","92703","  3"
"2025-26","Fall","ECON","2006","Principles of Economics","Ray","3.71","55.1","22.4","6.1","12.2","4.1","0","0","0","0","0","0","0","0","49","84683","  3"
"2025-26","Fall","ECON","2006","Principles of Economics","Ray","3.36","29.8","22.8","10.5","21.1","7","3.5","3.5","0","0","0","0","1.8","0","57","84687","  3"
"2025-26","Fall","ECON","2974","Independent Study","Wooten","4","100","0","0","0","0","0","0","0","0","0","0","0","0","13","84689","  2"
"2025-26","Fall","ECON","2984","SS: Economics Career Prep","Breuer","3.78","62.5","18.8","6.3","12.5","0","0","0","0","0","0","0","0","0","16","92282","  1"
"2025-26","Fall","ECON","3004","TS: Startups","Pan","3.71","56.3","12.5","18.8","12.5","0","0","0","0","0","0","0","0","0","16","92200","  3"
"2025-26","Fall","ECON","3004","TS: Rockonmics: ECON of Music","Ball","2.85","15.8","10.5","5.3","15.8","21.1","10.5","15.8","0","0","5.3","0","0","1","19","92226","  3"
"2025-26","Fall","ECON","3004","TS: AI-Driven Analysis in ECON","Myers","3.68","70.8","8.3","4.2","8.3","4.2","0","0","0","0","4.2","0","0","0","24","92084","  3"
"2025-26","Fall","ECON","3004","TS: Cryptoeconomics","Debass","3.5","33.3","37","7.4","18.5","0","0","0","0","0","0","0","3.7","0","27","91961","  3"
"2025-26","Fall","ECON","3024","Economic Justice","Tideman","2.59","8","8","24","16","4","12","8","4","4","4","0","8","1","25","84693","  3"
"2025-26","Fall","ECON","3104","Microeconomic Theory","Mahmud","3.29","15.4","34.6","11.5","23.1","0","3.8","11.5","0","0","0","0","0","1","26","84696","  3"
"2025-26","Fall","ECON","3104","Microeconomic Theory","Prochko","2.72","25","10.7","25","0","0","3.6","10.7","3.6","10.7","0","0","10.7","0","28","84694","  3"
"2025-26","Fall","ECON","3104","Microeconomic Theory","Shahbazian","3","17.9","17.9","10.7","17.9","10.7","7.1","14.3","0","0","0","0","3.6","2","28","90884","  3"
"2025-26","Fall","ECON","3104","Microeconomic Theory","Mahmud","2.85","6.9","10.3","31","13.8","6.9","13.8","10.3","0","3.4","0","0","3.4","2","29","84695","  3"
"2025-26","Fall","ECON","3154","Managerial Economics","Tsang","3.08","0","23.8","28.6","33.3","9.5","0","0","0","0","0","0","4.8","0","21","90930","  3"
"2025-26","Fall","ECON","3154","Managerial Economics","Tsang","3.22","7.7","19.2","26.9","26.9","15.4","3.8","0","0","0","0","0","0","0","26","84697","  3"
"2025-26","Fall","ECON","3204","Macroeconomic Theory","Luo","3.23","22.2","16.7","11.1","16.7","27.8","0","5.6","0","0","0","0","0","0","18","90885","  3"
"2025-26","Fall","ECON","3204","Macroeconomic Theory","Cothren","2.95","15.8","15.8","0","52.6","0","0","5.3","0","0","5.3","0","5.3","6","19","84699","  3"
"2025-26","Fall","ECON","3204","Macroeconomic Theory","Ashley","3.26","10","30","30","5","15","5","0","5","0","0","0","0","0","20","84698","  3"
"2025-26","Fall","ECON","3254","Applied Econometrics","Gendron","3.26","33.3","16.7","8.3","16.7","16.7","0","0","0","0","8.3","0","0","0","12","91475","  3"
"2025-26","Fall","ECON","3254","Applied Econometrics","Felegi","2.88","20.8","12.5","12.5","8.3","8.3","12.5","12.5","4.2","4.2","0","4.2","0","0","24","84701","  3"
"2025-26","Fall","ECON","3254","Applied Econometrics","Felegi","2.76","10.3","13.8","10.3","17.2","10.3","10.3","6.9","17.2","0","0","3.4","0","0","29","84702","  3"
"2025-26","Fall","ECON","3314","Middle East Economics","Salehi-Isfahani","2.59","21.1","5.3","5.3","21.1","5.3","15.8","10.5","0","0","0","5.3","10.5","5","19","84703","  3"
"2025-26","Fall","ECON","3884","TS: Bureaucracy","Gibbs","3.31","45.5","18.2","9.1","9.1","9.1","0","0","0","0","0","0","9.1","0","11","84704","  3"
"2025-26","Fall","ECON","4014","Environmental Economics","Amacher","3.62","70.1","1.5","0","22.4","0","0","4.5","0","0","0","0","1.5","1","67","84705","  3"
"2025-26","Fall","ECON","4084","Industry Structure","Yang","3.12","27.8","22.2","0","11.1","16.7","11.1","0","5.6","0","5.6","0","0","0","18","84708","  3"
"2025-26","Fall","ECON","4136","International Economics","Wang","3.75","56.3","18.8","18.8","6.3","0","0","0","0","0","0","0","0","0","16","91080","  3"
"2025-26","Fall","ECON","4214","Economics of Health Care","Lin","2.18","17.6","5.9","11.8","11.8","11.8","5.9","0","0","0","5.9","0","29.4","1","17","92032","  3"
"2025-26","Fall","ECON","4304","Econometric Methods","Ashley","3.5","66.7","0","8.3","8.3","8.3","0","0","0","0","8.3","0","0","1","12","84710","  3"
"2025-26","Fall","ECON","4314","Big Data Economics","Zhou","3.69","78.6","7.1","7.1","0","0","0","0","0","0","0","7.1","0","1","14","84711","  3"
"2025-26","Fall","ECON","4424","Theo Games  Econ Beh","Bahel","3.07","15","15","15","30","10","0","5","5","5","0","0","0","1","20","84712","  3"
"2025-26","Fall","ECON","4514","Banking and Financial Markets","Ray","3.36","25","25","25","8.3","0","8.3","8.3","0","0","0","0","0","0","12","84715","  3"
"2025-26","Fall","ECON","4614","R Programming in Economics","Breuer","3.33","53.3","6.7","13.3","13.3","0","0","0","6.7","0","0","0","6.7","0","15","84716","  3"
"2025-26","Fall","ECON","5005","Prices and Markets","Mahmud","3.32","23.5","0","35.3","35.3","5.9","0","0","0","0","0","0","0","1","17","84728","  3"
"2025-26","Fall","ECON","5015","Money and Price Level","Bose","3.38","30","20","10","10","30","0","0","0","0","0","0","0","1","20","84729","  3"
"2025-26","Fall","ECON","5124","Mathematical Econ","Tzavellas","3.11","13.3","13.3","20","20","13.3","20","0","0","0","0","0","0","1","15","90931","  3"
"2025-26","Fall","ECON","5125","Empirical Economics","Spanos","3.36","30.8","7.7","15.4","30.8","15.4","0","0","0","0","0","0","0","1","13","84731","  3"
"2025-26","Fall","ECON","5314","Advanced Big Data Economics","Zhou","3.97","88.9","11.1","0","0","0","0","0","0","0","0","0","0","0","9","92215","  3"
"2025-26","Fall","ECON","5946","Econometric Theory & Practice","Wang","3.38","20","0","60","20","0","0","0","0","0","0","0","0","0","5","84733","  3"
"2025-26","Fall","ECON","5984","SS: Research & Writing Seminar","Felegi","3.83","54.5","36.4","9.1","0","0","0","0","0","0","0","0","0","0","11","92722","  1"
"2025-26","Fall","ECON","6554","Panel Data Econometrics","Zhang","3.28","0","40","20","20","20","0","0","0","0","0","0","0","0","5","91902","  3"
"2025-26","Fall","EDCI","1004","Intro to Teacher Ed","Jarrett","3.94","93.1","0","3.4","3.4","0","0","0","0","0","0","0","0","0","29","84741","  1"
"2025-26","Fall","EDCI","1004","Intro to Teacher Ed","Jarrett","3.71","91.2","0","0","0","0","0","2.9","0","0","0","0","5.9","0","34","84740","  1"
"2025-26","Fall","EDCI","2004","Exploring Teaching Profession","Bradley","3.83","74.4","12.8","0","12.8","0","0","0","0","0","0","0","0","0","39","84743","  3"
"2025-26","Fall","EDCI","2574","Social Foundations Education","Hunt","3.73","61.9","28.6","0","2.4","4.8","0","0","0","0","0","0","2.4","0","42","84744","  3"
"2025-26","Fall","EDCI","3024","Issues of Schooling in the US","Crutchman","3.92","75","25","0","0","0","0","0","0","0","0","0","0","1","12","84745","  3"
"2025-26","Fall","EDCI","3074","Elementary Curriculum Methods","Fortune","4","100","0","0","0","0","0","0","0","0","0","0","0","0","20","84746","  3"
"2025-26","Fall","EDCI","3074","Elementary Curriculum Methods","Engelhardt","4","100","0","0","0","0","0","0","0","0","0","0","0","0","21","91982","  3"
"2025-26","Fall","EDCI","3144","Educ Excptnl Learners","Williams","3.95","92.9","0","7.1","0","0","0","0","0","0","0","0","0","0","28","84748","  3"
"2025-26","Fall","EDCI","3144","Educ Excptnl Learners","Williams","3.98","96.8","0","3.2","0","0","0","0","0","0","0","0","0","0","31","84747","  3"
"2025-26","Fall","EDCI","3234","Found of Reading Instruction","Lurch-Shaw","3.78","50","36.4","9.1","4.5","0","0","0","0","0","0","0","0","0","22","84749","  3"
"2025-26","Fall","EDCI","3234","Found of Reading Instruction","Mesmer","3.92","79.2","16.7","4.2","0","0","0","0","0","0","0","0","0","0","24","84750","  3"
"2025-26","Fall","EDCI","3244","Curr & Instr Elem Math PK-3","Kreye","3.82","78.3","0","13","8.7","0","0","0","0","0","0","0","0","0","23","84751","  3"
"2025-26","Fall","EDCI","3244","Curr & Instr Elem Math PK-3","Kreye","3.78","73.9","4.3","8.7","8.7","4.3","0","0","0","0","0","0","0","0","23","84752","  3"
"2025-26","Fall","EDCI","3254","Elementary Methods in Science","Kashyap","3.97","91.3","8.7","0","0","0","0","0","0","0","0","0","0","0","23","84754","  3"
"2025-26","Fall","EDCI","3254","Elementary Methods in Science","Kiran","4","100","0","0","0","0","0","0","0","0","0","0","0","0","23","84753","  3"
"2025-26","Fall","EDCI","3464","Elementary SS Teaching Methods","Kuehl","3.9","90.9","0","0","4.5","4.5","0","0","0","0","0","0","0","0","22","84755","  3"
"2025-26","Fall","EDCI","3464","Elementary SS Teaching Methods","Engelhardt","4","100","0","0","0","0","0","0","0","0","0","0","0","0","24","84756","  3"
"2025-26","Fall","EDCI","3964","FW: Secondary Education","Kreye","3.88","94.1","0","0","0","0","0","5.9","0","0","0","0","0","0","17","84758","  6"
"2025-26","Fall","EDCI","3964","FW: Elementary Education","Fortune","4","100","0","0","0","0","0","0","0","0","0","0","0","0","41","84757","  6"
"2025-26","Fall","EDCI","4724","Sec School Teaching Methods I","Hicks","3.73","81.8","0","0","9.1","0","0","9.1","0","0","0","0","0","0","11","84762","  3"
"2025-26","Fall","EDCI","5224","Adv C&I El/Mid Soc St","Fortune","4","100","0","0","0","0","0","0","0","0","0","0","0","0","13","84772","  3"
"2025-26","Fall","EDCI","5244","Adv C&I Elem/Mid Sci","Taylor","4","100","0","0","0","0","0","0","0","0","0","0","0","0","12","84775","  3"
"2025-26","Fall","EDCI","5284","Curr & Instr Middle Math 4-8","Wilkins","3.53","50","16.7","8.3","8.3","8.3","0","8.3","0","0","0","0","0","0","12","84777","  3"
"2025-26","Fall","EDCI","5384","Foundations of Music Education","Foster","3.28","66.7","16.7","0","0","0","0","0","0","0","0","0","16.7","0","6","91025","  3"
"2025-26","Fall","EDCI","5424","Content Literacy Inst (GR 3-6)","Mesmer","4","100","0","0","0","0","0","0","0","0","0","0","0","0","12","84782","  3"
"2025-26","Fall","EDCI","5524","Behavior Mgt K-12 Classrooms","Mukuni","3.59","55.6","0","22.2","11.1","11.1","0","0","0","0","0","0","0","0","9","84784","  3"
"2025-26","Fall","EDCI","5724","Tchg in Mid & Sec Schls I","Brand","4","100","0","0","0","0","0","0","0","0","0","0","0","0","12","84788","  3"
"2025-26","Fall","EDCI","5724","Tchg in Mid & Sec Schls I","Foster","3.33","83.3","0","0","0","0","0","0","0","0","0","0","16.7","0","6","84789","  3"
"2025-26","Fall","EDCI","5784","GS: Elementary Education","Fortune","4","100","0","0","0","0","0","0","0","0","0","0","0","0","12","92364","  2"
"2025-26","Fall","EDCI","5784","GS: Ed Assessment of Students","Brand","3.85","86.7","0","0","6.7","6.7","0","0","0","0","0","0","0","0","15","91662","  3"
"2025-26","Fall","EDCI","5784","GS: Tech in the K-12 Clsrm","Bond","4","100","0","0","0","0","0","0","0","0","0","0","0","0","16","91660","  3"
"2025-26","Fall","EDCI","5784","GS: SocStud Sem I Integrtd C&I","Hicks","4","100","0","0","0","0","0","0","0","0","0","0","0","0","6","92188","  3"
"2025-26","Fall","EDCI","6534","Ethnog Methods in Ed","Weaver-Hightower","4","100","0","0","0","0","0","0","0","0","0","0","0","0","8","91043","  3"
"2025-26","Fall","EDCI","6984","SS: Rural Education Research","Kuehl","4","100","0","0","0","0","0","0","0","0","0","0","0","0","7","92109","  3"
"2025-26","Fall","EDCO","2004","Healthy Relationships","Holloway","3.73","83.7","4.7","0","7","0","0","0","0","0","0","0","4.7","0","43","92123","  3"
"2025-26","Fall","EDCO","2004","Healthy Relationships","Mack","3.82","82.2","6.7","2.2","4.4","2.2","0","0","0","0","2.2","0","0","0","45","84823","  3"
"2025-26","Fall","EDCO","5214","Theory Cnslg & Consul","Fitzgerald","4","100","0","0","0","0","0","0","0","0","0","0","0","0","19","84825","  3"
"2025-26","Fall","EDCO","5224","Counseling Techniques","Bayne","3.95","89.5","5.3","5.3","0","0","0","0","0","0","0","0","0","0","19","84826","  3"
"2025-26","Fall","EDCO","5234","Group Counseling","Locklear","3.95","94.7","0","0","5.3","0","0","0","0","0","0","0","0","0","19","84827","  3"
"2025-26","Fall","EDCO","5244","Counseling Diverse Populations","Welfare","3.95","94.7","0","0","5.3","0","0","0","0","0","0","0","0","0","19","84828","  3"
"2025-26","Fall","EDCO","5254","Career Dev Info/Servs","Tillery","4","100","0","0","0","0","0","0","0","0","0","0","0","0","20","91009","  3"
"2025-26","Fall","EDCO","5554","Crisis Prevention and Response","Collins","3.93","88.9","5.6","0","5.6","0","0","0","0","0","0","0","0","0","18","91010","  3"
"2025-26","Fall","EDCO","6404","Adv Theory & Cultural Implic","Locklear","4","100","0","0","0","0","0","0","0","0","0","0","0","0","8","91011","  3"
"2025-26","Fall","EDCO","6984","SS: Issues in Counselor Ed","Lawson","4","100","0","0","0","0","0","0","0","0","0","0","0","0","7","92680","  3"
"2025-26","Fall","EDCT","5624","Managing CTE Program","Mukuni","3.81","85.7","0","0","0","14.3","0","0","0","0","0","0","0","0","7","84842","  3"
"2025-26","Fall","EDCT","5654","Strategies for Teaching CTE","Ferand","4","100","0","0","0","0","0","0","0","0","0","0","0","0","5","84843","  3"
"2025-26","Fall","EDCT","6604","Adm Leadership Career Tech Ed","Mukuni","3.92","88.9","0","11.1","0","0","0","0","0","0","0","0","0","0","9","91031","  3"
"2025-26","Fall","EDEL","5054","Admin Spec-Needs Prog","Cash","4","100","0","0","0","0","0","0","0","0","0","0","0","0","12","91019","  3"
"2025-26","Fall","EDEL","5134","Curriculum Leadership P-12 Ed","Brinkmann","4","100","0","0","0","0","0","0","0","0","0","0","0","0","15","91020","  3"
"2025-26","Fall","EDEL","6004","Theories of Ed Admin","Lowery","4","100","0","0","0","0","0","0","0","0","0","0","0","0","10","84858","  3"
"2025-26","Fall","EDEL","6044","Gov and Pol in Educ","Mullen","4","100","0","0","0","0","0","0","0","0","0","0","0","0","9","84860","  3"
"2025-26","Fall","EDEL","6124","Advanced K-12 School Law","Alexander","4","100","0","0","0","0","0","0","0","0","0","0","0","0","7","84861","  3"
"2025-26","Fall","EDEL","6914","PR: OTR I","Brinkmann","4","100","0","0","0","0","0","0","0","0","0","0","0","0","7","92244","  3"
"2025-26","Fall","EDEP","2374","Educ Psych for PK-12 Teachers","Fenerci Soysal","3.8","87.9","0","3","6.1","0","0","0","0","0","0","0","3","0","33","84882","  3"
"2025-26","Fall","EDEP","3474","PK-12 Assessment","Ambarkutuk","3.7","60","24","0","8","0","4","4","0","0","0","0","0","0","25","84884","  3"
"2025-26","Fall","EDEP","5114","Learning and Cognition","Doolittle","4","100","0","0","0","0","0","0","0","0","0","0","0","0","17","84885","  3"
"2025-26","Fall","EDEP","5154","Psych Foundations for Teachers","Doolittle","3.74","72.7","9.1","0","0","18.2","0","0","0","0","0","0","0","0","11","84886","  3"
"2025-26","Fall","EDEP","6644","College Teaching","Doolittle","4","100","0","0","0","0","0","0","0","0","0","0","0","0","8","84890","  3"
"2025-26","Fall","EDEP","6984","SS:Socio-context Infl on Learn","Johnson","4","100","0","0","0","0","0","0","0","0","0","0","0","0","7","92006","  3"
"2025-26","Fall","EDHE","5304","Intro to Student Affairs Prof","Adams","3.9","66.7","33.3","0","0","0","0","0","0","0","0","0","0","0","6","84895","  3"
"2025-26","Fall","EDHE","5314","College Student Devel Theory","Cowley","3.96","93.8","0","6.3","0","0","0","0","0","0","0","0","0","0","16","84896","  3"
"2025-26","Fall","EDHE","5354","Crisis Management in Higher Ed","Adams","3.81","57.1","28.6","14.3","0","0","0","0","0","0","0","0","0","0","7","84897","  3"
"2025-26","Fall","EDHE","5364","Social Justice Education","Catalano","3.94","90.9","0","9.1","0","0","0","0","0","0","0","0","0","0","11","90979","  3"
"2025-26","Fall","EDHE","6064","Higher Educ in US","Catalano","4","100","0","0","0","0","0","0","0","0","0","0","0","0","18","84900","  3"
"2025-26","Fall","EDHE","6114","Staffing Practices in Edu","Adams","4","100","0","0","0","0","0","0","0","0","0","0","0","0","5","91094","  3"
"2025-26","Fall","EDHE","6934","Prof Seminar in Higher Ed","Lane","3.96","85.7","14.3","0","0","0","0","0","0","0","0","0","0","0","7","91900","  3"
"2025-26","Fall","EDRE","6504","Qualitative Res I","Lane","3.98","92.9","7.1","0","0","0","0","0","0","0","0","0","0","0","14","90985","  3"
"2025-26","Fall","EDRE","6605","Quan Res Methods in Educ I","Johnson","3.83","68.4","21.1","0","10.5","0","0","0","0","0","0","0","0","0","19","84958","  3"
"2025-26","Fall","EDRE","6605","Quan Res Methods in Educ I","Kniola","3.82","90.5","0","4.8","0","0","0","0","0","0","4.8","0","0","0","21","84956","  3"
"2025-26","Fall","EDRE","6605","Quan Res Methods in Educ I","Kniola","3.87","81","4.8","9.5","4.8","0","0","0","0","0","0","0","0","0","21","84957","  3"
"2025-26","Fall","EDRE","6634","Adv Stat for Educ","Miyazaki","3.76","57.1","14.3","28.6","0","0","0","0","0","0","0","0","0","0","7","84959","  3"
"2025-26","Fall","EDRE","6694","Hierarchical Linear Modeling","Miyazaki","3.95","81.8","18.2","0","0","0","0","0","0","0","0","0","0","0","11","84960","  3"
"2025-26","Fall","EDTE","1004","Intro. to I-STEM Ed","Bowen","3.91","90.9","0","0","9.1","0","0","0","0","0","0","0","0","0","11","84965","  3"
"2025-26","Fall","EDTE","1004","Intro. to I-STEM Ed","Bowen","3.76","86.4","4.5","0","4.5","0","0","0","0","0","0","0","4.5","0","22","84966","  3"
"2025-26","Fall","EDTE","2005","Engineering Technologies","Bowen","4","100","0","0","0","0","0","0","0","0","0","0","0","0","5","91813","  3"
"2025-26","Fall","ENGE","1034","The Connection Project","Greene-Havas","3.94","94.4","0","0","5.6","0","0","0","0","0","0","0","0","0","18","91445","  1"
"2025-26","Fall","ENGE","1034","The Connection Project","Mullins","3.94","94.4","0","0","5.6","0","0","0","0","0","0","0","0","0","18","91445","  1"
"2025-26","Fall","ENGE","1034","The Connection Project","Chin","4","100","0","0","0","0","0","0","0","0","0","0","0","0","19","91437","  1"
"2025-26","Fall","ENGE","1034","The Connection Project","Greene-Havas","4","100","0","0","0","0","0","0","0","0","0","0","0","0","19","91437","  1"
"2025-26","Fall","ENGE","1215","Foundations of Engineering","Dogan","3.78","76.5","3.9","9.8","3.9","2","2","2","0","0","0","0","0","0","51","90898","  2"
"2025-26","Fall","ENGE","1215","Foundations of Engineering","Twyman","3.24","37.1","14.5","16.1","8.1","8.1","1.6","8.1","0","0","3.2","0","3.2","1","62","84993","  2"
"2025-26","Fall","ENGE","1215","Foundations of Engineering","Clarke Douglas","3.38","57.1","11.1","9.5","6.3","0","1.6","4.8","0","0","4.8","0","4.8","3","63","84967","  2"
"2025-26","Fall","ENGE","1215","Foundations of Engineering","Gray","3.61","63.5","14.3","3.2","7.9","3.2","1.6","1.6","1.6","0","1.6","0","1.6","2","63","84994","  2"
"2025-26","Fall","ENGE","1215","Foundations of Engineering","James","3.31","30.2","23.8","17.5","6.3","4.8","9.5","1.6","1.6","1.6","3.2","0","0","0","63","84979","  2"
"2025-26","Fall","ENGE","1215","Foundations of Engineering","Van Tyne","3.44","45.3","25","10.9","6.3","3.1","1.6","0","0","0","3.1","0","4.7","2","64","84978","  2"
"2025-26","Fall","ENGE","1215","Foundations of Engineering","Van Tyne","2.91","32.8","15.6","7.8","14.1","1.6","3.1","6.3","1.6","0","7.8","0","9.4","0","64","84995","  2"
"2025-26","Fall","ENGE","1215","Foundations of Engineering","Bairaktarova","3.58","67.7","9.2","4.6","6.2","1.5","3.1","1.5","0","3.1","0","1.5","1.5","1","65","84977","  2"
"2025-26","Fall","ENGE","1215","Foundations of Engineering","Clarke Douglas","3.62","60","10.8","7.7","12.3","4.6","1.5","0","1.5","0","1.5","0","0","1","65","84992","  2"
"2025-26","Fall","ENGE","1215","Foundations of Engineering","Clarke Douglas","3.63","60.6","15.2","7.6","4.5","6.1","0","3","0","0","3","0","0","5","66","84984","  2"
"2025-26","Fall","ENGE","1215","Foundations of Engineering","Twyman","3.69","58","21.7","8.7","4.3","4.3","1.4","0","0","0","0","0","1.4","2","69","84974","  2"
"2025-26","Fall","ENGE","1215","Foundations of Engineering","Nieto Leal","3.87","78.6","10","7.1","1.4","2.9","0","0","0","0","0","0","0","0","70","84969","  2"
"2025-26","Fall","ENGE","1215","Foundations of Engineering","Twyman","3.5","47.1","22.9","8.6","8.6","2.9","1.4","2.9","2.9","0","0","1.4","1.4","1","70","84990","  2"
"2025-26","Fall","ENGE","1215","Foundations of Engineering","Van Tyne","3.64","74.3","8.6","2.9","5.7","0","1.4","1.4","1.4","0","0","0","4.3","0","70","84976","  2"
"2025-26","Fall","ENGE","1215","Foundations of Engineering","Bairaktarova","3.66","74.6","4.2","4.2","7","2.8","0","4.2","0","0","0","1.4","1.4","1","71","84980","  2"
"2025-26","Fall","ENGE","1215","Foundations of Engineering","Dogan","3.94","91.5","2.8","4.2","0","1.4","0","0","0","0","0","0","0","0","71","84983","  2"
"2025-26","Fall","ENGE","1215","Foundations of Engineering","Dogan","3.86","85.9","1.4","4.2","2.8","4.2","1.4","0","0","0","0","0","0","0","71","84989","  2"
"2025-26","Fall","ENGE","1215","Foundations of Engineering","Fisher","3.82","81.7","8.5","1.4","4.2","1.4","0","1.4","0","0","0","0","1.4","0","71","84986","  2"
"2025-26","Fall","ENGE","1215","Foundations of Engineering","James","3.78","69","16.9","5.6","2.8","1.4","1.4","1.4","1.4","0","0","0","0","0","71","84975","  2"
"2025-26","Fall","ENGE","1215","Foundations of Engineering","Twyman","3.72","64.8","12.7","7","11.3","1.4","0","1.4","1.4","0","0","0","0","0","71","84971","  2"
"2025-26","Fall","ENGE","1215","Foundations of Engineering","Twyman","3.76","66.2","18.3","7","5.6","1.4","0","0","0","0","0","0","1.4","0","71","84973","  2"
"2025-26","Fall","ENGE","1215","Foundations of Engineering","Van Tyne","3.6","64.8","8.5","4.2","9.9","4.2","2.8","0","4.2","0","1.4","0","0","1","71","84982","  2"
"2025-26","Fall","ENGE","1215","Foundations of Engineering","Dogan","3.96","91.7","5.6","2.8","0","0","0","0","0","0","0","0","0","0","72","84985","  2"
"2025-26","Fall","ENGE","1215","Foundations of Engineering","Dogan","3.9","87.5","2.8","5.6","1.4","1.4","1.4","0","0","0","0","0","0","0","72","84987","  2"
"2025-26","Fall","ENGE","1215","Foundations of Engineering","Fisher","3.75","73.6","5.6","6.9","8.3","2.8","0","1.4","0","0","1.4","0","0","0","72","84988","  2"
"2025-26","Fall","ENGE","1215","Foundations of Engineering","Gray","3.9","90.3","4.2","1.4","1.4","0","0","1.4","1.4","0","0","0","0","0","72","84991","  2"
"2025-26","Fall","ENGE","1215","Foundations of Engineering","James","3.82","69.4","16.7","8.3","4.2","0","0","1.4","0","0","0","0","0","0","72","84981","  2"
"2025-26","Fall","ENGE","1215","Foundations of Engineering","Newcomer","3.53","52.8","19.4","8.3","6.9","2.8","1.4","4.2","0","0","2.8","0","1.4","0","72","84970","  2"
"2025-26","Fall","ENGE","1215","Foundations of Engineering","Nieto Leal","3.77","63.9","18.1","15.3","1.4","0","0","0","0","0","0","0","1.4","0","72","84972","  2"
"2025-26","Fall","ENGE","1216","Foundations of Engineering","Ortega Alvarez","3.47","58.2","10.9","5.5","10.9","0","1.8","7.3","1.8","0","1.8","0","1.8","0","55","84998","  2"
"2025-26","Fall","ENGE","1216","Foundations of Engineering","Ortega Alvarez","3.45","53.7","13.4","9","11.9","1.5","1.5","3","0","1.5","0","0","4.5","3","67","84996","  2"
"2025-26","Fall","ENGE","1216","Foundations of Engineering","Ortega Alvarez","3.58","60","11.4","14.3","5.7","0","1.4","2.9","0","0","1.4","1.4","1.4","0","70","84997","  2"
"2025-26","Fall","ENGE","1414","Foundations of Engr Practice","Chambers","3.75","78.4","3.9","5.9","2","3.9","0","3.9","0","2","0","0","0","0","51","85002","  4"
"2025-26","Fall","ENGE","1414","Foundations of Engr Practice","Chambers","3.51","73.1","1.9","3.8","5.8","1.9","1.9","0","3.8","0","5.8","0","1.9","1","52","85000","  4"
"2025-26","Fall","ENGE","1414","Foundations of Engr Practice","Lo","3.81","84.5","5.6","4.2","1.4","0","1.4","0","0","0","0","1.4","1.4","0","71","84999","  4"
"2025-26","Fall","ENGE","1414","Foundations of Engr Practice","Lo","3.95","91.5","4.2","1.4","2.8","0","0","0","0","0","0","0","0","0","71","85005","  4"
"2025-26","Fall","ENGE","1414","Foundations of Engr Practice","Wallwey","3.69","74.6","7","7","1.4","2.8","1.4","1.4","0","0","2.8","0","1.4","1","71","85001","  4"
"2025-26","Fall","ENGE","1414","Foundations of Engr Practice","Soledad","3.8","88.9","0","4.2","2.8","0","0","1.4","0","0","0","0","2.8","0","72","85003","  4"
"2025-26","Fall","ENGE","1414","Foundations of Engr Practice","Soledad","3.92","93.1","2.8","0","2.8","0","0","0","0","0","1.4","0","0","0","72","85004","  4"
"2025-26","Fall","ENGE","2634","Intro to Restricted Research","Phoenix","3.97","96.6","0","1.7","0","1.7","0","0","0","0","0","0","0","0","59","85006","  1"
"2025-26","Fall","ENGE","2964","FS: IDPro","McNair","3.92","71.4","25.7","2.9","0","0","0","0","0","0","0","0","0","0","35","85007","  1"
"2025-26","Fall","ENGE","2964","FS: IDPro","Gray","3.75","69.8","9.3","7","9.3","2.3","2.3","0","0","0","0","0","0","0","43","85008","  1"
"2025-26","Fall","ENGE","2994","UR: GrayUR","Gray","4","100","0","0","0","0","0","0","0","0","0","0","0","0","11","85010","  1"
"2025-26","Fall","ENGE","2994","UR:Imprv Deci EngEdu Agnt&Sys","Katz","4","100","0","0","0","0","0","0","0","0","0","0","0","0","5","92809","  2"
"2025-26","Fall","ENGE","2994","UR: E2E","Gray","4","100","0","0","0","0","0","0","0","0","0","0","0","0","6","85012","  1"
"2025-26","Fall","ENGE","2994","UR:Explr Eng Ed Rsrch Basics","Kim","4","100","0","0","0","0","0","0","0","0","0","0","0","0","6","85011","  1"
"2025-26","Fall","ENGE","4735","Interdisciplinary Design","Paretti","3.8","59.1","25.8","12.1","1.5","0","1.5","0","0","0","0","0","0","0","66","85014","  3"
"2025-26","Fall","ENGE","4964","FS: IDPro","Gray","3.86","77.8","5.6","16.7","0","0","0","0","0","0","0","0","0","0","18","85015","  1"
"2025-26","Fall","ENGE","4964","FS: IDPro","McNair","3.54","25","37.5","12.5","25","0","0","0","0","0","0","0","0","0","8","85016","  1"
"2025-26","Fall","ENGE","4994","UR: GrayUR","Gray","4","100","0","0","0","0","0","0","0","0","0","0","0","0","11","85018","  1"
"2025-26","Fall","ENGE","4994","UR: E2E","Gray","4","100","0","0","0","0","0","0","0","0","0","0","0","0","7","85019","  1"
"2025-26","Fall","ENGE","5214","Issues in Engr Education","Zhu","4","100","0","0","0","0","0","0","0","0","0","0","0","0","11","85021","  2"
"2025-26","Fall","ENGE","5224","Disp Lit in Eng Educ","Rodriguez","4","100","0","0","0","0","0","0","0","0","0","0","0","0","9","85022","  3"
"2025-26","Fall","ENGE","5604","Engr Education Rsrch Mthds","Kim","4","100","0","0","0","0","0","0","0","0","0","0","0","0","9","85027","  3"
"2025-26","Fall","ENGL","1004","Books, Libraries, Archives","Johnson","4","100","0","0","0","0","0","0","0","0","0","0","0","0","22","85054","  3"
"2025-26","Fall","ENGL","1004","Books, Libraries, Archives","Johnson","3.96","96","0","0","4","0","0","0","0","0","0","0","0","0","25","85053","  3"
"2025-26","Fall","ENGL","1105","First-Year Writing","Palmore","3.84","58.3","33.3","8.3","0","0","0","0","0","0","0","0","0","0","12","85150","  3"
"2025-26","Fall","ENGL","1105","First-Year Writing","Helmbold","3.57","69.2","15.4","0","7.7","0","0","0","0","0","0","0","7.7","1","13","85098","  3"
"2025-26","Fall","ENGL","1105","First-Year Writing","Allnutt","3.57","64.3","7.1","7.1","7.1","7.1","0","0","0","7.1","0","0","0","1","14","85176","  3"
"2025-26","Fall","ENGL","1105","First-Year Writing","Canter","3.2","35.7","28.6","7.1","7.1","7.1","0","0","0","0","7.1","0","7.1","1","14","85105","  3"
"2025-26","Fall","ENGL","1105","First-Year Writing","Canter","3.72","64.3","21.4","7.1","0","0","0","0","7.1","0","0","0","0","0","14","85106","  3"
"2025-26","Fall","ENGL","1105","First-Year Writing","Corradi","3.41","28.6","21.4","14.3","14.3","21.4","0","0","0","0","0","0","0","0","14","85092","  3"
"2025-26","Fall","ENGL","1105","First-Year Writing","Patton","3.39","35.7","35.7","14.3","0","0","7.1","0","0","0","0","0","7.1","0","14","85172","  3"
"2025-26","Fall","ENGL","1105","First-Year Writing","Canter","3.62","46.7","13.3","26.7","6.7","6.7","0","0","0","0","0","0","0","0","15","85155","  3"
"2025-26","Fall","ENGL","1105","First-Year Writing","Gibbs","3.85","73.3","13.3","6.7","6.7","0","0","0","0","0","0","0","0","0","15","85083","  3"
"2025-26","Fall","ENGL","1105","First-Year Writing","Hooper","3.62","73.3","0","6.7","6.7","0","0","13.3","0","0","0","0","0","1","15","85164","  3"
"2025-26","Fall","ENGL","1105","First-Year Writing","Taylor","2.93","26.7","33.3","6.7","0","6.7","0","0","13.3","0","0","0","13.3","2","15","85085","  3"
"2025-26","Fall","ENGL","1105","First-Year Writing","Austin","3.94","87.5","6.3","6.3","0","0","0","0","0","0","0","0","0","1","16","85136","  3"
"2025-26","Fall","ENGL","1105","First-Year Writing","Bennington","4","100","0","0","0","0","0","0","0","0","0","0","0","0","16","85171","  3"
"2025-26","Fall","ENGL","1105","First-Year Writing","Bennington","3.69","87.5","0","0","0","0","0","6.3","0","0","6.3","0","0","0","16","85173","  3"
"2025-26","Fall","ENGL","1105","First-Year Writing","Bloomer","3.34","18.8","37.5","18.8","0","12.5","6.3","0","6.3","0","0","0","0","2","16","85080","  3"
"2025-26","Fall","ENGL","1105","First-Year Writing","Lawrence","3.77","62.5","18.8","6.3","12.5","0","0","0","0","0","0","0","0","1","16","85121","  3"
"2025-26","Fall","ENGL","1105","First-Year Writing","Long","3.57","62.5","25","0","0","0","6.3","0","0","0","0","0","6.3","0","16","85170","  3"
"2025-26","Fall","ENGL","1105","First-Year Writing","Maycock","3.65","56.3","18.8","6.3","6.3","6.3","6.3","0","0","0","0","0","0","1","16","85147","  3"
"2025-26","Fall","ENGL","1105","First-Year Writing","Taylor","3.1","37.5","12.5","12.5","6.3","6.3","12.5","0","0","6.3","0","0","6.3","2","16","85141","  3"
"2025-26","Fall","ENGL","1105","First-Year Writing","Austin","3.59","70.6","5.9","5.9","11.8","0","0","0","0","0","0","0","5.9","0","17","85128","  3"
"2025-26","Fall","ENGL","1105","First-Year Writing","Bennington","3.59","82.4","0","0","5.9","0","0","5.9","0","0","0","0","5.9","0","17","85055","  3"
"2025-26","Fall","ENGL","1105","First-Year Writing","Brown","3.29","41.2","5.9","17.6","5.9","11.8","5.9","5.9","5.9","0","0","0","0","1","17","85114","  3"
"2025-26","Fall","ENGL","1105","First-Year Writing","Canter","3.25","23.5","23.5","23.5","17.6","0","5.9","0","0","0","0","0","5.9","0","17","85095","  3"
"2025-26","Fall","ENGL","1105","First-Year Writing","Craig","3.92","82.4","11.8","5.9","0","0","0","0","0","0","0","0","0","1","17","85126","  3"
"2025-26","Fall","ENGL","1105","First-Year Writing","Gilbert","3.51","64.7","5.9","11.8","5.9","0","5.9","0","0","0","0","0","5.9","0","17","85129","  3"
"2025-26","Fall","ENGL","1105","First-Year Writing","Hendrix","3.92","88.2","5.9","0","5.9","0","0","0","0","0","0","0","0","0","17","85110","  3"
"2025-26","Fall","ENGL","1105","First-Year Writing","Hoyer","3.94","94.1","0","0","5.9","0","0","0","0","0","0","0","0","1","17","85058","  3"
"2025-26","Fall","ENGL","1105","First-Year Writing","Long","3.79","64.7","17.6","11.8","0","5.9","0","0","0","0","0","0","0","0","17","85166","  3"
"2025-26","Fall","ENGL","1105","First-Year Writing","Oakey","3.21","23.5","29.4","11.8","11.8","5.9","5.9","0","5.9","0","0","5.9","0","0","17","85082","  3"
"2025-26","Fall","ENGL","1105","First-Year Writing","Oakey","3.49","35.3","23.5","17.6","17.6","0","0","0","5.9","0","0","0","0","2","17","85101","  3"
"2025-26","Fall","ENGL","1105","First-Year Writing","Oakey","3.19","41.2","11.8","17.6","17.6","0","0","0","0","0","0","0","11.8","0","17","85160","  3"
"2025-26","Fall","ENGL","1105","First-Year Writing","Pitt","3.98","94.1","5.9","0","0","0","0","0","0","0","0","0","0","0","17","85156","  3"
"2025-26","Fall","ENGL","1105","First-Year Writing","Taylor","2.58","5.9","17.6","5.9","17.6","23.5","5.9","5.9","0","5.9","0","0","11.8","1","17","85090","  3"
"2025-26","Fall","ENGL","1105","First-Year Writing","Ali","3.83","83.3","5.6","0","5.6","0","5.6","0","0","0","0","0","0","0","18","85071","  3"
"2025-26","Fall","ENGL","1105","First-Year Writing","Allnutt","3.64","55.6","11.1","27.8","0","0","0","0","5.6","0","0","0","0","0","18","85175","  3"
"2025-26","Fall","ENGL","1105","First-Year Writing","Baker","4","100","0","0","0","0","0","0","0","0","0","0","0","0","18","85077","  3"
"2025-26","Fall","ENGL","1105","First-Year Writing","Baker","4","100","0","0","0","0","0","0","0","0","0","0","0","0","18","85146","  3"
"2025-26","Fall","ENGL","1105","First-Year Writing","Bennington","3.78","94.4","0","0","0","0","0","0","0","0","0","0","5.6","0","18","85133","  3"
"2025-26","Fall","ENGL","1105","First-Year Writing","Brown","3.06","27.8","5.6","16.7","16.7","16.7","0","5.6","0","5.6","5.6","0","0","0","18","85125","  3"
"2025-26","Fall","ENGL","1105","First-Year Writing","Cohen","3.32","50","27.8","5.6","0","0","0","5.6","0","0","0","0","11.1","0","18","85062","  3"
"2025-26","Fall","ENGL","1105","First-Year Writing","Cohen","3.59","38.9","33.3","5.6","5.6","16.7","0","0","0","0","0","0","0","2","18","85145","  3"
"2025-26","Fall","ENGL","1105","First-Year Writing","Conaway","3.69","44.4","38.9","11.1","0","0","0","5.6","0","0","0","0","0","0","18","85081","  3"
"2025-26","Fall","ENGL","1105","First-Year Writing","Corradi","3.45","27.8","22.2","22.2","11.1","16.7","0","0","0","0","0","0","0","1","18","85111","  3"
"2025-26","Fall","ENGL","1105","First-Year Writing","Corradi","3.22","16.7","38.9","0","11.1","22.2","0","5.6","0","5.6","0","0","0","0","18","85174","  3"
"2025-26","Fall","ENGL","1105","First-Year Writing","Correll","3.72","88.9","0","0","5.6","0","0","0","0","0","0","0","5.6","0","18","85137","  3"
"2025-26","Fall","ENGL","1105","First-Year Writing","Corwin","3.59","27.8","50","5.6","11.1","0","0","5.6","0","0","0","0","0","0","18","85063","  3"
"2025-26","Fall","ENGL","1105","First-Year Writing","Hall","3.73","61.1","16.7","11.1","0","11.1","0","0","0","0","0","0","0","2","18","85112","  3"
"2025-26","Fall","ENGL","1105","First-Year Writing","Hendrix","3.93","94.4","0","0","0","5.6","0","0","0","0","0","0","0","0","18","85108","  3"
"2025-26","Fall","ENGL","1105","First-Year Writing","Hooper","3.56","44.4","16.7","11.1","16.7","11.1","0","0","0","0","0","0","0","0","18","85076","  3"
"2025-26","Fall","ENGL","1105","First-Year Writing","Hoyer","3.36","55.6","16.7","5.6","0","5.6","0","0","11.1","0","0","0","5.6","0","18","85075","  3"
"2025-26","Fall","ENGL","1105","First-Year Writing","Hoyer","3.74","83.3","11.1","0","0","0","0","0","0","0","0","0","5.6","0","18","85099","  3"
"2025-26","Fall","ENGL","1105","First-Year Writing","Jones","3.19","44.4","27.8","0","0","0","5.6","5.6","5.6","0","5.6","0","5.6","0","18","85056","  3"
"2025-26","Fall","ENGL","1105","First-Year Writing","Jones","3.92","72.2","27.8","0","0","0","0","0","0","0","0","0","0","1","18","85143","  3"
"2025-26","Fall","ENGL","1105","First-Year Writing","Marzolf","3.67","66.7","11.1","5.6","5.6","5.6","0","0","5.6","0","0","0","0","0","18","85069","  3"
"2025-26","Fall","ENGL","1105","First-Year Writing","Maycock","3.63","72.2","11.1","0","11.1","0","0","0","0","0","0","0","5.6","1","18","85157","  3"
"2025-26","Fall","ENGL","1105","First-Year Writing","Patton","3.69","44.4","38.9","11.1","0","0","0","5.6","0","0","0","0","0","0","18","85127","  3"
"2025-26","Fall","ENGL","1105","First-Year Writing","Robinson","3.77","66.7","22.2","0","5.6","0","0","5.6","0","0","0","0","0","0","18","85153","  3"
"2025-26","Fall","ENGL","1105","First-Year Writing","Ruccolo","3.98","94.4","5.6","0","0","0","0","0","0","0","0","0","0","0","18","85087","  3"
"2025-26","Fall","ENGL","1105","First-Year Writing","Ruccolo","3.86","77.8","11.1","5.6","0","5.6","0","0","0","0","0","0","0","0","18","85089","  3"
"2025-26","Fall","ENGL","1105","First-Year Writing","Taylor","2.94","22.2","5.6","16.7","16.7","16.7","11.1","0","5.6","0","0","0","5.6","1","18","85148","  3"
"2025-26","Fall","ENGL","1105","First-Year Writing","Austin","3.67","63.2","10.5","5.3","5.3","15.8","0","0","0","0","0","0","0","0","19","85060","  3"
"2025-26","Fall","ENGL","1105","First-Year Writing","Austin","3.98","94.7","5.3","0","0","0","0","0","0","0","0","0","0","0","19","85064","  3"
"2025-26","Fall","ENGL","1105","First-Year Writing","Baker","4","100","0","0","0","0","0","0","0","0","0","0","0","0","19","85107","  3"
"2025-26","Fall","ENGL","1105","First-Year Writing","Baker","3.67","63.2","26.3","5.3","0","0","0","0","0","0","0","0","5.3","0","19","85116","  3"
"2025-26","Fall","ENGL","1105","First-Year Writing","Baker","4","100","0","0","0","0","0","0","0","0","0","0","0","0","19","85124","  3"
"2025-26","Fall","ENGL","1105","First-Year Writing","Becker","3.89","89.5","0","0","10.5","0","0","0","0","0","0","0","0","0","19","85091","  3"
"2025-26","Fall","ENGL","1105","First-Year Writing","Cohen","3.41","47.4","21.1","5.3","5.3","10.5","5.3","0","0","0","0","0","5.3","1","19","85100","  3"
"2025-26","Fall","ENGL","1105","First-Year Writing","Corradi","3.34","31.6","31.6","10.5","5.3","10.5","5.3","0","0","0","0","0","5.3","1","19","85104","  3"
"2025-26","Fall","ENGL","1105","First-Year Writing","Correll","3.58","73.7","0","0","21.1","0","0","0","0","0","0","0","5.3","0","19","85067","  3"
"2025-26","Fall","ENGL","1105","First-Year Writing","Correll","3.63","73.7","0","0","15.8","0","0","10.5","0","0","0","0","0","0","19","85158","  3"
"2025-26","Fall","ENGL","1105","First-Year Writing","Correll","3.84","84.2","0","0","15.8","0","0","0","0","0","0","0","0","0","19","85159","  3"
"2025-26","Fall","ENGL","1105","First-Year Writing","Corwin","3.46","36.8","26.3","10.5","5.3","10.5","5.3","5.3","0","0","0","0","0","0","19","85097","  3"
"2025-26","Fall","ENGL","1105","First-Year Writing","Craig","3.88","84.2","5.3","0","10.5","0","0","0","0","0","0","0","0","0","19","85122","  3"
"2025-26","Fall","ENGL","1105","First-Year Writing","Fehr","3.77","84.2","5.3","0","5.3","0","0","0","0","0","5.3","0","0","0","19","85131","  3"
"2025-26","Fall","ENGL","1105","First-Year Writing","Fehr","3.93","94.7","0","0","0","5.3","0","0","0","0","0","0","0","0","19","85167","  3"
"2025-26","Fall","ENGL","1105","First-Year Writing","Greene","3.43","68.4","5.3","0","0","10.5","5.3","0","5.3","0","0","0","5.3","0","19","85059","  3"
"2025-26","Fall","ENGL","1105","First-Year Writing","Greene","3.78","73.7","21.1","0","0","0","0","0","0","0","5.3","0","0","0","19","85154","  3"
"2025-26","Fall","ENGL","1105","First-Year Writing","Griswold","2.99","31.6","21.1","5.3","10.5","5.3","5.3","5.3","0","0","5.3","5.3","5.3","0","19","85057","  3"
"2025-26","Fall","ENGL","1105","First-Year Writing","Hall","3.54","36.8","42.1","5.3","0","0","10.5","0","5.3","0","0","0","0","1","19","85169","  3"
"2025-26","Fall","ENGL","1105","First-Year Writing","Hoyer","3.66","68.4","15.8","0","5.3","5.3","0","0","0","0","0","5.3","0","0","19","85073","  3"
"2025-26","Fall","ENGL","1105","First-Year Writing","Johnson","3.81","84.2","0","5.3","5.3","0","0","5.3","0","0","0","0","0","1","19","85161","  3"
"2025-26","Fall","ENGL","1105","First-Year Writing","Jones","3.84","68.4","15.8","15.8","0","0","0","0","0","0","0","0","0","1","19","85165","  3"
"2025-26","Fall","ENGL","1105","First-Year Writing","Marzolf","3.71","73.7","10.5","5.3","5.3","0","0","0","0","0","0","5.3","0","0","19","85086","  3"
"2025-26","Fall","ENGL","1105","First-Year Writing","Marzolf","3.56","57.9","15.8","10.5","5.3","0","5.3","0","0","0","0","5.3","0","0","19","85102","  3"
"2025-26","Fall","ENGL","1105","First-Year Writing","Maycock","3.35","31.6","15.8","21.1","15.8","0","10.5","0","5.3","0","0","0","0","0","19","85139","  3"
"2025-26","Fall","ENGL","1105","First-Year Writing","Patton","3.75","36.8","47.4","15.8","0","0","0","0","0","0","0","0","0","0","19","85152","  3"
"2025-26","Fall","ENGL","1105","First-Year Writing","Robinson","3.42","57.9","5.3","15.8","0","0","5.3","10.5","0","0","5.3","0","0","0","19","85163","  3"
"2025-26","Fall","ENGL","1105","First-Year Writing","Ruccolo","3.74","78.9","5.3","0","0","5.3","10.5","0","0","0","0","0","0","0","19","85079","  3"
"2025-26","Fall","ENGL","1105","First-Year Writing","Baker","3.68","45","35","5","5","10","0","0","0","0","0","0","0","0","20","85084","  3"
"2025-26","Fall","ENGL","1105","First-Year Writing","Baker","3.77","60","25","10","0","0","5","0","0","0","0","0","0","0","20","85120","  3"
"2025-26","Fall","ENGL","1105","First-Year Writing","Becker","3.8","95","0","0","0","0","0","0","0","0","0","0","5","0","20","85068","  3"
"2025-26","Fall","ENGL","1105","First-Year Writing","Becker","3.77","90","0","0","0","0","0","5","0","5","0","0","0","0","20","85088","  3"
"2025-26","Fall","ENGL","1105","First-Year Writing","Becker","3.83","80","10","5","0","0","0","5","0","0","0","0","0","0","20","85093","  3"
"2025-26","Fall","ENGL","1105","First-Year Writing","Cockrum","3.4","55","15","5","10","0","5","0","0","5","0","0","5","0","20","85070","  3"
"2025-26","Fall","ENGL","1105","First-Year Writing","Cockrum","3.49","65","15","0","0","10","0","0","0","5","0","0","5","0","20","85074","  3"
"2025-26","Fall","ENGL","1105","First-Year Writing","Cohen","3.64","55","25","0","5","10","0","5","0","0","0","0","0","0","20","85065","  3"
"2025-26","Fall","ENGL","1105","First-Year Writing","Corwin","3.38","30","25","25","10","0","0","0","0","10","0","0","0","0","20","85096","  3"
"2025-26","Fall","ENGL","1105","First-Year Writing","Corwin","3.72","45","35","15","0","5","0","0","0","0","0","0","0","0","20","85135","  3"
"2025-26","Fall","ENGL","1105","First-Year Writing","Craig","3.85","70","20","5","5","0","0","0","0","0","0","0","0","0","20","85134","  3"
"2025-26","Fall","ENGL","1105","First-Year Writing","Fehr","3.97","95","0","5","0","0","0","0","0","0","0","0","0","0","20","85066","  3"
"2025-26","Fall","ENGL","1105","First-Year Writing","Fehr","4","100","0","0","0","0","0","0","0","0","0","0","0","0","20","85094","  3"
"2025-26","Fall","ENGL","1105","First-Year Writing","Gilbert","3.47","60","10","10","5","0","5","5","0","0","0","0","5","0","20","85123","  3"
"2025-26","Fall","ENGL","1105","First-Year Writing","Greene","3.85","70","15","15","0","0","0","0","0","0","0","0","0","0","20","85103","  3"
"2025-26","Fall","ENGL","1105","First-Year Writing","Hall","3.72","55","25","10","0","10","0","0","0","0","0","0","0","0","20","85119","  3"
"2025-26","Fall","ENGL","1105","First-Year Writing","Hobin","3.43","35","15","20","20","0","5","5","0","0","0","0","0","0","20","85061","  3"
"2025-26","Fall","ENGL","1105","First-Year Writing","Hobin","3.34","20","40","10","20","5","0","0","0","0","0","0","5","0","20","85078","  3"
"2025-26","Fall","ENGL","1105","First-Year Writing","Jones","3.45","65","15","5","0","5","0","0","0","0","0","0","10","0","20","85118","  3"
"2025-26","Fall","ENGL","1105","First-Year Writing","Lawrence","3.28","65","10","5","5","0","0","0","0","0","0","0","15","0","20","85113","  3"
"2025-26","Fall","ENGL","1105","First-Year Writing","Marzolf","3.83","80","5","5","5","5","0","0","0","0","0","0","0","0","20","85072","  3"
"2025-26","Fall","ENGL","1105","First-Year Writing","Maycock","3.9","80","10","10","0","0","0","0","0","0","0","0","0","0","20","85142","  3"
"2025-26","Fall","ENGL","1105","First-Year Writing","Patton","3.67","40","35","20","0","0","5","0","0","0","0","0","0","0","20","85130","  3"
"2025-26","Fall","ENGL","1105","First-Year Writing","Truscello","3.57","55","20","15","0","5","0","0","0","0","0","0","5","0","20","85132","  3"
"2025-26","Fall","ENGL","1105","First-Year Writing","Truscello","3.6","30","30","30","10","0","0","0","0","0","0","0","0","0","20","85151","  3"
"2025-26","Fall","ENGL","1105","First-Year Writing","Zan","3.76","65","25","0","5","0","0","0","5","0","0","0","0","0","20","85109","  3"
"2025-26","Fall","ENGL","1106","First-Year Writing","Kapoor","4","100","0","0","0","0","0","0","0","0","0","0","0","1","17","85217","  3"
"2025-26","Fall","ENGL","1106","First-Year Writing","Elverson","3.72","83.3","5.6","5.6","0","0","0","0","0","0","0","0","5.6","2","18","85193","  3"
"2025-26","Fall","ENGL","1106","First-Year Writing","Fitzgerald","3.74","66.7","16.7","11.1","0","0","0","0","5.6","0","0","0","0","0","18","85195","  3"
"2025-26","Fall","ENGL","1106","First-Year Writing","Kapoor","4","100","0","0","0","0","0","0","0","0","0","0","0","1","18","85216","  3"
"2025-26","Fall","ENGL","1106","First-Year Writing","Lotia","3.98","94.4","5.6","0","0","0","0","0","0","0","0","0","0","1","18","85204","  3"
"2025-26","Fall","ENGL","1106","First-Year Writing","Price","3.92","72.2","27.8","0","0","0","0","0","0","0","0","0","0","1","18","85201","  3"
"2025-26","Fall","ENGL","1106","First-Year Writing","Psarakis","3.63","72.2","11.1","5.6","0","5.6","0","0","0","0","0","0","5.6","2","18","85190","  3"
"2025-26","Fall","ENGL","1106","First-Year Writing","Reilly","3.93","83.3","11.1","5.6","0","0","0","0","0","0","0","0","0","0","18","85188","  3"
"2025-26","Fall","ENGL","1106","First-Year Writing","Ryan","3.98","94.4","5.6","0","0","0","0","0","0","0","0","0","0","1","18","91667","  3"
"2025-26","Fall","ENGL","1106","First-Year Writing","Culmone","3.22","47.4","0","21.1","0","10.5","5.3","5.3","0","5.3","5.3","0","0","1","19","85184","  3"
"2025-26","Fall","ENGL","1106","First-Year Writing","Dhiman","3.92","84.2","10.5","0","5.3","0","0","0","0","0","0","0","0","0","19","91664","  3"
"2025-26","Fall","ENGL","1106","First-Year Writing","Govea","3.55","57.9","0","21.1","10.5","0","5.3","5.3","0","0","0","0","0","1","19","85191","  3"
"2025-26","Fall","ENGL","1106","First-Year Writing","Govea","3.95","89.5","5.3","5.3","0","0","0","0","0","0","0","0","0","1","19","85197","  3"
"2025-26","Fall","ENGL","1106","First-Year Writing","Kamadulski","3.5","57.9","26.3","0","0","0","0","10.5","0","0","0","0","5.3","0","19","85186","  3"
"2025-26","Fall","ENGL","1106","First-Year Writing","Kamadulski","3.52","57.9","15.8","0","15.8","5.3","0","0","0","0","0","0","5.3","1","19","85187","  3"
"2025-26","Fall","ENGL","1106","First-Year Writing","Kwawukumey","3.75","57.9","31.6","0","5.3","0","0","5.3","0","0","0","0","0","1","19","91670","  3"
"2025-26","Fall","ENGL","1106","First-Year Writing","Li","4","100","0","0","0","0","0","0","0","0","0","0","0","0","19","85183","  3"
"2025-26","Fall","ENGL","1106","First-Year Writing","Lotia","3.97","89.5","10.5","0","0","0","0","0","0","0","0","0","0","1","19","85205","  3"
"2025-26","Fall","ENGL","1106","First-Year Writing","Maxey","4","100","0","0","0","0","0","0","0","0","0","0","0","0","19","85209","  3"
"2025-26","Fall","ENGL","1106","First-Year Writing","O'Mearns","3.52","63.2","15.8","0","0","10.5","5.3","0","0","0","0","0","5.3","1","19","85177","  3"
"2025-26","Fall","ENGL","1106","First-Year Writing","Price","3.72","68.4","15.8","5.3","0","0","5.3","5.3","0","0","0","0","0","1","19","85200","  3"
"2025-26","Fall","ENGL","1106","First-Year Writing","Raveen","3.7","84.2","0","5.3","5.3","0","0","0","0","0","0","0","5.3","1","19","85212","  3"
"2025-26","Fall","ENGL","1106","First-Year Writing","Reilly","3.33","52.6","5.3","10.5","10.5","5.3","5.3","5.3","0","0","0","0","5.3","0","19","85182","  3"
"2025-26","Fall","ENGL","1106","First-Year Writing","Shaw","3.18","15.8","26.3","15.8","10.5","21.1","5.3","0","0","0","5.3","0","0","1","19","85189","  3"
"2025-26","Fall","ENGL","1106","First-Year Writing","Silva","3.77","89.5","5.3","0","0","0","0","0","0","0","0","0","5.3","1","19","85207","  3"
"2025-26","Fall","ENGL","1106","First-Year Writing","Turner","3.49","57.9","5.3","15.8","5.3","0","0","10.5","5.3","0","0","0","0","0","19","85213","  3"
"2025-26","Fall","ENGL","1106","First-Year Writing","Yoo","4","100","0","0","0","0","0","0","0","0","0","0","0","1","19","85179","  3"
"2025-26","Fall","ENGL","1106","First-Year Writing","Yoo","4","100","0","0","0","0","0","0","0","0","0","0","0","0","19","85180","  3"
"2025-26","Fall","ENGL","1106","First-Year Writing","Dhiman","3.58","65","0","0","25","5","0","5","0","0","0","0","0","0","20","85206","  3"
"2025-26","Fall","ENGL","1106","First-Year Writing","Elam","3.43","25","55","0","5","5","5","0","0","0","0","0","5","0","20","85185","  3"
"2025-26","Fall","ENGL","1106","First-Year Writing","Elverson","3.97","90","10","0","0","0","0","0","0","0","0","0","0","0","20","85199","  3"
"2025-26","Fall","ENGL","1106","First-Year Writing","Ever","3.56","75","0","5","10","0","0","5","0","0","0","0","5","0","20","85194","  3"
"2025-26","Fall","ENGL","1106","First-Year Writing","Kwawukumey","3.36","45","30","0","5","10","0","0","0","0","0","5","5","0","20","91669","  3"
"2025-26","Fall","ENGL","1106","First-Year Writing","Li","4","100","0","0","0","0","0","0","0","0","0","0","0","0","20","85181","  3"
"2025-26","Fall","ENGL","1106","First-Year Writing","O'Mearns","3.15","55","10","5","0","10","5","0","0","0","0","5","10","0","20","85178","  3"
"2025-26","Fall","ENGL","1106","First-Year Writing","Raveen","3.72","80","5","0","10","0","0","0","0","0","0","5","0","0","20","85214","  3"
"2025-26","Fall","ENGL","1106","First-Year Writing","Riddle","3.52","70","15","5","0","0","0","0","0","0","0","0","10","0","20","85192","  3"
"2025-26","Fall","ENGL","1106","First-Year Writing","Riddle","3.45","70","0","5","5","5","5","0","5","0","0","0","5","0","20","85198","  3"
"2025-26","Fall","ENGL","1106","First-Year Writing","Ryan","3.6","90","0","0","0","0","0","0","0","0","0","0","10","0","20","91668","  3"
"2025-26","Fall","ENGL","1106","First-Year Writing","Silva","3.92","85","10","0","5","0","0","0","0","0","0","0","0","0","20","91665","  3"
"2025-26","Fall","ENGL","1106","First-Year Writing","Turner","3.72","70","10","5","5","5","0","5","0","0","0","0","0","0","20","91666","  3"
"2025-26","Fall","ENGL","1106","First-Year Writing","Washburn","3.69","80","5","5","0","5","0","0","0","0","0","0","5","0","20","85215","  3"
"2025-26","Fall","ENGL","1106","First-Year Writing","Yeung","4","100","0","0","0","0","0","0","0","0","0","0","0","0","20","85196","  3"
"2025-26","Fall","ENGL","1106","First-Year Writing","Yeung","4","100","0","0","0","0","0","0","0","0","0","0","0","0","20","85210","  3"
"2025-26","Fall","ENGL","1504","Introduction to Linguistics","Eska","3.16","19","28.6","19","14.3","4.8","0","4.8","0","4.8","0","0","4.8","2","21","85222","  3"
"2025-26","Fall","ENGL","1504","Introduction to Linguistics","Eska","3.43","36","28","0","16","12","0","4","4","0","0","0","0","0","25","91292","  3"
"2025-26","Fall","ENGL","1514","Language and Society","Farrington","3.67","58.1","22.6","9.7","0","6.5","0","0","0","0","0","3.2","0","2","31","85223","  3"
"2025-26","Fall","ENGL","1514","Language and Society","Walker","3.42","34.3","28.6","5.7","11.4","5.7","5.7","8.6","0","0","0","0","0","0","35","85224","  3"
"2025-26","Fall","ENGL","1654","Intro to Science Fiction","Waldman","3.76","83.3","5.6","0","5.6","0","0","2.8","0","0","0","0","2.8","2","72","85231","  3"
"2025-26","Fall","ENGL","1654","Intro to Science Fiction","Waldman","3.9","93.2","2.7","0","1.4","0","0","1.4","0","0","0","0","1.4","0","73","85230","  3"
"2025-26","Fall","ENGL","1704","The Harry Potter Phenomenon","Baker","3.67","64.7","15.7","5.9","5.9","3.9","0","0","0","2","0","0","2","2","51","85232","  3"
"2025-26","Fall","ENGL","2034","Analyzing Sounds of Language","Walker","3.5","43.5","13","26.1","4.3","0","8.7","4.3","0","0","0","0","0","0","23","91406","  3"
"2025-26","Fall","ENGL","2444","Greek and Roman Myth","Phillips","3.64","65","7.5","12.5","2.5","5","2.5","2.5","0","2.5","0","0","0","1","40","85234","  3"
"2025-26","Fall","ENGL","2534","American Literary History","Thompson","3.63","68.2","4.5","18.2","4.5","0","0","0","0","0","0","0","4.5","0","22","85235","  3"
"2025-26","Fall","ENGL","2544","British Literary History","Hodges","2.71","17.6","0","17.6","0","29.4","0","23.5","5.9","0","5.9","0","0","0","17","85236","  3"
"2025-26","Fall","ENGL","2604","Intro to Critical Reading","Craig","3.67","61.5","19.2","3.8","7.7","3.8","0","0","0","0","3.8","0","0","1","26","85238","  3"
"2025-26","Fall","ENGL","2644","Intro African-American Lit","Chandler","3.16","37.5","0","37.5","6.3","0","0","6.3","6.3","0","0","0","6.3","1","16","91626","  3"
"2025-26","Fall","ENGL","2664","Being Human: Lit & Human Exper","Greene","3.3","42.3","15.4","7.7","15.4","7.7","3.8","0","0","0","0","3.8","3.8","0","26","85240","  3"
"2025-26","Fall","ENGL","2744","Intro to Creative Writing","Bloomer","3.44","41.2","23.5","5.9","5.9","11.8","5.9","0","5.9","0","0","0","0","0","17","85248","  3"
"2025-26","Fall","ENGL","2744","Intro to Creative Writing","Bloomer","3.59","47.4","26.3","5.3","5.3","10.5","0","5.3","0","0","0","0","0","0","19","85244","  3"
"2025-26","Fall","ENGL","2744","Intro to Creative Writing","Allnutt","3.75","85","5","5","0","0","0","0","0","0","0","0","5","0","20","85259","  3"
"2025-26","Fall","ENGL","2744","Intro to Creative Writing","Bloomer","3.66","60","25","5","0","0","0","0","10","0","0","0","0","0","20","85257","  3"
"2025-26","Fall","ENGL","2744","Intro to Creative Writing","Hobin","3.33","50","15","20","0","0","5","0","0","0","0","0","10","0","20","85241","  3"
"2025-26","Fall","ENGL","2744","Intro to Creative Writing","Scallorns","3.48","75","5","0","10","0","0","0","0","0","0","0","10","1","20","85243","  3"
"2025-26","Fall","ENGL","2744","Intro to Creative Writing","Scallorns","3.9","85","5","5","5","0","0","0","0","0","0","0","0","1","20","85256","  3"
"2025-26","Fall","ENGL","2744","Intro to Creative Writing","Allnutt","3.69","66.7","19","9.5","0","0","0","0","0","0","0","0","4.8","0","21","85258","  3"
"2025-26","Fall","ENGL","2744","Intro to Creative Writing","Scallorns","3.67","76.2","9.5","0","0","4.8","0","4.8","0","0","4.8","0","0","0","21","85255","  3"
"2025-26","Fall","ENGL","2744","Intro to Creative Writing","Conaway","3.73","81.8","9.1","0","0","4.5","0","0","0","0","0","0","4.5","0","22","85251","  3"
"2025-26","Fall","ENGL","2744","Intro to Creative Writing","Terazawa","4","100","0","0","0","0","0","0","0","0","0","0","0","0","22","85247","  3"
"2025-26","Fall","ENGL","2814","Writing for Podcasts","Hooper","3.84","94.7","0","0","0","0","0","0","0","0","5.3","0","0","1","19","85260","  3"
"2025-26","Fall","ENGL","2814","Writing for Podcasts","Hooper","3.24","61.9","0","0","19","0","0","4.8","0","0","9.5","0","4.8","0","21","85261","  3"
"2025-26","Fall","ENGL","2844","Intro to Prof & Tech Writing","Craig","3.94","90.9","0","9.1","0","0","0","0","0","0","0","0","0","0","22","85262","  3"
"2025-26","Fall","ENGL","2844","Intro to Prof & Tech Writing","Craig","3.94","88","8","0","4","0","0","0","0","0","0","0","0","0","25","85263","  3"
"2025-26","Fall","ENGL","3024","Religion and Literature","Sidky","3.31","76.9","0","0","0","0","0","7.7","0","0","7.7","0","7.7","0","13","91925","  3"
"2025-26","Fall","ENGL","3144","Language & Ethnicity in the US","Farrington","3.4","35","15","30","5","0","5","5","5","0","0","0","0","0","20","85266","  3"
"2025-26","Fall","ENGL","3144","Language & Ethnicity in the US","Farrington","3.9","80","12","4","4","0","0","0","0","0","0","0","0","1","25","85267","  3"
"2025-26","Fall","ENGL","3315","Playwriting","Hobin","3.37","50","11.1","16.7","11.1","0","0","0","0","5.6","0","0","5.6","0","18","85268","  3"
"2025-26","Fall","ENGL","3324","Acts of Interpretation","Weaver-Hightower","3.49","20.8","33.3","20.8","20.8","4.2","0","0","0","0","0","0","0","0","24","91410","  3"
"2025-26","Fall","ENGL","3324","Acts of Interpretation","Dubinsky","3.22","32.1","25","7.1","17.9","0","3.6","3.6","3.6","0","0","3.6","3.6","2","28","85269","  3"
"2025-26","Fall","ENGL","3364","Topics in Literature by Women","Knapp","3.38","59.1","9.1","4.5","9.1","4.5","0","0","0","0","13.6","0","0","0","22","91314","  3"
"2025-26","Fall","ENGL","3424","TS:Magic and Ritual in Rus Lit","Stauffer","4","100","0","0","0","0","0","0","0","0","0","0","0","0","6","85270","  3"
"2025-26","Fall","ENGL","3534","Literature and the Environment","Gibbs","3.73","31","58.6","6.9","0","3.4","0","0","0","0","0","0","0","0","29","91629","  3"
"2025-26","Fall","ENGL","3654","Ethnic American Literature","Cassinelli","3.69","64.7","11.8","5.9","11.8","0","0","5.9","0","0","0","0","0","0","17","85272","  3"
"2025-26","Fall","ENGL","3704","Creative Writing: Fiction","Conaway","3.32","50","11.1","11.1","5.6","5.6","5.6","0","5.6","0","0","0","5.6","0","18","91360","  3"
"2025-26","Fall","ENGL","3704","Creative Writing: Fiction","Conaway","3.51","45","20","5","10","15","0","5","0","0","0","0","0","0","20","85275","  3"
"2025-26","Fall","ENGL","3714","Creative Writing: Poetry","Terazawa","4","100","0","0","0","0","0","0","0","0","0","0","0","0","15","85277","  3"
"2025-26","Fall","ENGL","3714","Creative Writing: Poetry","Terazawa","4","100","0","0","0","0","0","0","0","0","0","0","0","0","20","85276","  3"
"2025-26","Fall","ENGL","3724","Creative Non-Fiction","Truscello","3.49","58.8","17.6","5.9","0","5.9","5.9","0","0","0","0","0","5.9","0","17","91392","  3"
"2025-26","Fall","ENGL","3724","Creative Non-Fiction","Truscello","3.74","66.7","11.1","11.1","5.6","0","5.6","0","0","0","0","0","0","0","18","85278","  3"
"2025-26","Fall","ENGL","3754","Advanced Writing and Research","Zan","3.77","75","10","5","0","5","0","5","0","0","0","0","0","1","20","91417","  3"
"2025-26","Fall","ENGL","3764","Technical Writing","Gilbert","3.05","42.1","0","10.5","15.8","10.5","5.3","5.3","0","0","0","5.3","5.3","2","19","85280","  3"
"2025-26","Fall","ENGL","3764","Technical Writing","Mooney","3.92","84.2","10.5","0","5.3","0","0","0","0","0","0","0","0","1","19","85286","  3"
"2025-26","Fall","ENGL","3764","Technical Writing","Mooney","3.69","47.4","31.6","10.5","5.3","0","5.3","0","0","0","0","0","0","0","19","85295","  3"
"2025-26","Fall","ENGL","3764","Technical Writing","Saeidfar","3.77","73.7","5.3","5.3","10.5","5.3","0","0","0","0","0","0","0","1","19","92307","  3"
"2025-26","Fall","ENGL","3764","Technical Writing","Unger","3.7","78.9","0","5.3","10.5","0","0","0","0","0","5.3","0","0","0","19","85303","  3"
"2025-26","Fall","ENGL","3764","Technical Writing","Weaver-Hightower","3.05","5.3","26.3","31.6","10.5","10.5","5.3","5.3","0","0","0","0","5.3","1","19","92749","  3"
"2025-26","Fall","ENGL","3764","Technical Writing","Das","3.83","75","15","5","0","0","5","0","0","0","0","0","0","0","20","85291","  3"
"2025-26","Fall","ENGL","3764","Technical Writing","Mooney","3.82","85","5","0","5","0","0","0","5","0","0","0","0","0","20","85293","  3"
"2025-26","Fall","ENGL","3764","Technical Writing","Rabbi","3.58","20","50","20","5","0","5","0","0","0","0","0","0","1","20","85307","  3"
"2025-26","Fall","ENGL","3764","Technical Writing","Saeidfar","3.57","65","5","5","15","5","0","0","0","0","0","5","0","0","20","85299","  3"
"2025-26","Fall","ENGL","3764","Technical Writing","Unger","3.95","85","15","0","0","0","0","0","0","0","0","0","0","1","20","85302","  3"
"2025-26","Fall","ENGL","3764","Technical Writing","Cozort","4","100","0","0","0","0","0","0","0","0","0","0","0","0","21","85279","  3"
"2025-26","Fall","ENGL","3764","Technical Writing","Cozort","4","100","0","0","0","0","0","0","0","0","0","0","0","0","21","85283","  3"
"2025-26","Fall","ENGL","3764","Technical Writing","Gardner","3.84","85.7","4.8","0","4.8","0","0","4.8","0","0","0","0","0","1","21","85298","  3"
"2025-26","Fall","ENGL","3764","Technical Writing","Gardner","3.88","85.7","4.8","0","4.8","4.8","0","0","0","0","0","0","0","0","21","85305","  3"
"2025-26","Fall","ENGL","3764","Technical Writing","Gilbert","3.44","33.3","23.8","14.3","9.5","14.3","0","0","4.8","0","0","0","0","0","21","85281","  3"
"2025-26","Fall","ENGL","3764","Technical Writing","Greene","3.5","52.4","9.5","23.8","4.8","4.8","0","0","0","0","0","0","4.8","0","21","85282","  3"
"2025-26","Fall","ENGL","3764","Technical Writing","Itchuaqiyaq","3.8","52.4","38.1","4.8","4.8","0","0","0","0","0","0","0","0","0","21","85289","  3"
"2025-26","Fall","ENGL","3764","Technical Writing","Mooney","3.92","90.5","0","4.8","4.8","0","0","0","0","0","0","0","0","0","21","85284","  3"
"2025-26","Fall","ENGL","3764","Technical Writing","Mooney","3.9","90.5","0","4.8","0","4.8","0","0","0","0","0","0","0","0","21","85285","  3"
"2025-26","Fall","ENGL","3764","Technical Writing","Mooney","3.54","47.6","19","9.5","9.5","4.8","4.8","4.8","0","0","0","0","0","0","21","85294","  3"
"2025-26","Fall","ENGL","3764","Technical Writing","Oakey","3.63","47.6","28.6","4.8","14.3","0","0","0","4.8","0","0","0","0","1","21","85306","  3"
"2025-26","Fall","ENGL","3764","Technical Writing","Saeidfar","3.69","66.7","14.3","9.5","0","0","0","4.8","4.8","0","0","0","0","0","21","92308","  3"
"2025-26","Fall","ENGL","3764","Technical Writing","Scallorns","3.68","61.9","14.3","9.5","4.8","0","9.5","0","0","0","0","0","0","0","21","85297","  3"
"2025-26","Fall","ENGL","3764","Technical Writing","Das","3.83","86.4","0","4.5","4.5","0","0","4.5","0","0","0","0","0","0","22","85301","  3"
"2025-26","Fall","ENGL","3764","Technical Writing","Gardner","3.76","81.8","9.1","4.5","0","0","0","0","0","0","0","0","4.5","0","22","85300","  3"
"2025-26","Fall","ENGL","3764","Technical Writing","Gardner","3.85","77.3","9.1","9.1","0","4.5","0","0","0","0","0","0","0","0","22","85304","  3"
"2025-26","Fall","ENGL","3764","Technical Writing","Greene","3.69","45.5","31.8","13.6","4.5","0","4.5","0","0","0","0","0","0","0","22","85287","  3"
"2025-26","Fall","ENGL","3764","Technical Writing","Mengert","3.77","68.2","22.7","0","0","4.5","0","0","4.5","0","0","0","0","0","22","85296","  3"
"2025-26","Fall","ENGL","3764","Technical Writing","Nath","3.88","86.4","4.5","0","4.5","4.5","0","0","0","0","0","0","0","0","22","85288","  3"
"2025-26","Fall","ENGL","3764","Technical Writing","Nath","3.88","86.4","9.1","0","0","0","0","4.5","0","0","0","0","0","0","22","85290","  3"
"2025-26","Fall","ENGL","3764","Technical Writing","Saeidfar","3.51","59.1","4.5","18.2","9.1","0","4.5","0","0","0","0","0","4.5","0","22","85292","  3"
"2025-26","Fall","ENGL","3774","Business Writing","Brown","3.56","66.7","16.7","0","0","5.6","5.6","0","0","0","0","0","5.6","0","18","85308","  3"
"2025-26","Fall","ENGL","3774","Business Writing","Brown","3.73","75","10","5","0","5","0","0","0","5","0","0","0","1","20","85309","  3"
"2025-26","Fall","ENGL","3804","Technical Editing and Style","Commer","3.87","75","15","5","5","0","0","0","0","0","0","0","0","0","20","91279","  3"
"2025-26","Fall","ENGL","3804","Technical Editing and Style","Ruccolo","3.54","71.4","9.5","0","4.8","0","4.8","0","4.8","0","0","0","4.8","0","21","85310","  3"
"2025-26","Fall","ENGL","3814","Creating User Documentation","Baniya","3.81","70","25","0","0","0","0","0","5","0","0","0","0","0","20","85311","  3"
"2025-26","Fall","ENGL","3814","Creating User Documentation","Lautenschlager","3.92","81","14.3","4.8","0","0","0","0","0","0","0","0","0","0","21","85312","  3"
"2025-26","Fall","ENGL","3824","Visual Rhetoric and Doc Design","King","3.76","55.6","22.2","16.7","5.6","0","0","0","0","0","0","0","0","0","18","85313","  3"
"2025-26","Fall","ENGL","3834","Intercultural Issues in PW","Rabbi","3.78","69.6","8.7","17.4","0","0","4.3","0","0","0","0","0","0","0","23","85314","  3"
"2025-26","Fall","ENGL","3844","Writing and Digital Media","King","3.73","73.3","0","6.7","13.3","6.7","0","0","0","0","0","0","0","2","15","85321","  3"
"2025-26","Fall","ENGL","3844","Writing and Digital Media","Mueller","3.75","88.2","5.9","0","0","0","0","0","0","0","0","0","5.9","1","17","85320","  3"
"2025-26","Fall","ENGL","3844","Writing and Digital Media","Mueller","3.48","70.6","11.8","0","0","0","0","0","5.9","0","11.8","0","0","2","17","85322","  3"
"2025-26","Fall","ENGL","3844","Writing and Digital Media","Lautenschlager","3.93","88.9","5.6","0","5.6","0","0","0","0","0","0","0","0","2","18","85319","  3"
"2025-26","Fall","ENGL","3844","Writing and Digital Media","Baniya","3.63","68.4","10.5","10.5","5.3","0","0","0","0","0","0","0","5.3","0","19","91365","  3"
"2025-26","Fall","ENGL","3844","Writing and Digital Media","Lautenschlager","3.98","94.7","5.3","0","0","0","0","0","0","0","0","0","0","3","19","85315","  3"
"2025-26","Fall","ENGL","3844","Writing and Digital Media","Ivory","3.71","76.2","4.8","4.8","4.8","0","0","9.5","0","0","0","0","0","0","21","85318","  3"
"2025-26","Fall","ENGL","3844","Writing and Digital Media","Lautenschlager","3.88","90.5","4.8","0","0","0","0","0","4.8","0","0","0","0","0","21","85316","  3"
"2025-26","Fall","ENGL","3844","Writing and Digital Media","Ivory","3.44","63.6","9.1","9.1","4.5","4.5","0","0","0","0","0","0","9.1","0","22","85317","  3"
"2025-26","Fall","ENGL","4054","History English Lang","Eska","3.5","83.3","0","0","0","0","0","0","0","0","16.7","0","0","0","6","91294","  3"
"2025-26","Fall","ENGL","4114","Chaucer","Hodges","2.98","23.1","23.1","7.7","15.4","0","0","15.4","0","7.7","7.7","0","0","0","13","91313","  3"
"2025-26","Fall","ENGL","4134","Language Development","Panneton","3.4","33.3","16.7","0","33.3","16.7","0","0","0","0","0","0","0","0","6","85324","  3"
"2025-26","Fall","ENGL","4144","Phonology","Eska","3.52","72.7","0","0","9.1","0","0","9.1","9.1","0","0","0","0","0","11","85325","  3"
"2025-26","Fall","ENGL","4164","Studies in Shakespeare","Ng","2.99","15","15","20","25","5","5","0","5","0","5","5","0","0","20","85326","  3"
"2025-26","Fall","ENGL","4474","Spec Top in Prof Tech Writing","Gerdes","3.58","36.8","26.3","15.8","15.8","5.3","0","0","0","0","0","0","0","0","19","91305","  3"
"2025-26","Fall","ENGL","4664","Contemporary Fiction","Thompson","3.64","72","8","8","0","0","0","8","0","0","4","0","0","0","25","85327","  3"
"2025-26","Fall","ENGL","4704","Advanced Fiction","Queen","3.47","75","8.3","0","0","0","0","0","0","0","16.7","0","0","0","12","85328","  3"
"2025-26","Fall","ENGL","4714","Advanced Poetry","Joseph","3.96","87.5","12.5","0","0","0","0","0","0","0","0","0","0","0","8","85329","  3"
"2025-26","Fall","ENGL","4754","Editing a Literary Journal","Patel","4","100","0","0","0","0","0","0","0","0","0","0","0","0","8","91369","  3"
"2025-26","Fall","ENGL","4784","Senior Seminar","Reed","3.02","28.6","7.1","14.3","14.3","0","7.1","21.4","7.1","0","0","0","0","1","14","85332","  3"
"2025-26","Fall","ENGL","4824","Science Writing","Dubinsky","3.25","38.1","9.5","19","19","4.8","0","0","0","0","4.8","0","4.8","0","21","85335","  3"
"2025-26","Fall","ENGL","4964","FW: Words & Pictures F25","King","4","100","0","0","0","0","0","0","0","0","0","0","0","0","8","85337","  1"
"2025-26","Fall","ENGL","5004","Theory & Pract Univ Writ Inst","Weaver","4","100","0","0","0","0","0","0","0","0","0","0","0","0","14","85344","  3"
"2025-26","Fall","ENGL","5014","Literary Research","Ng","4","100","0","0","0","0","0","0","0","0","0","0","0","0","9","85345","  3"
"2025-26","Fall","ENGL","5234","Later English Authors","Knapp","4","100","0","0","0","0","0","0","0","0","0","0","0","0","14","91315","  3"
"2025-26","Fall","ENGL","5314","Genre Studies","Waldman","4","100","0","0","0","0","0","0","0","0","0","0","0","0","5","91825","  3"
"2025-26","Fall","ENGL","5624","Cultural Rhetorics","Webster","4","100","0","0","0","0","0","0","0","0","0","0","0","0","15","91412","  3"
"2025-26","Fall","ENGL","5664","Theory & Research in Tech Comm","Gerdes","3.97","91.7","8.3","0","0","0","0","0","0","0","0","0","0","0","12","91307","  3"
"2025-26","Fall","ENGL","5744","Form and Theory of Poetry","Joseph","3.84","75","12.5","0","12.5","0","0","0","0","0","0","0","0","0","8","85351","  3"
"2025-26","Fall","ENGL","5754","Editing a Literary Journal I","Patel","3.97","91.7","8.3","0","0","0","0","0","0","0","0","0","0","0","12","91370","  3"
"2025-26","Fall","ENGL","6324","Modern Western  Rhetoric","Commer","4","100","0","0","0","0","0","0","0","0","0","0","0","0","9","91278","  3"
"2025-26","Fall","ENGL","6704","Fiction Workshop","Salesses","4","100","0","0","0","0","0","0","0","0","0","0","0","0","9","85361","  3"
"2025-26","Fall","ENGL","6714","Poetry Workshop","Queen","3.97","90","10","0","0","0","0","0","0","0","0","0","0","0","10","85362","  3"
"2025-26","Fall","ENGR","1034","First Year Hypatia Seminar","Katey","3.89","82.6","8.7","0","8.7","0","0","0","0","0","0","0","0","0","23","85373","  2"
"2025-26","Fall","ENGR","1034","First Year Hypatia Seminar","Katey","3.83","79.3","13.8","0","0","0","3.4","3.4","0","0","0","0","0","0","29","85374","  2"
"2025-26","Fall","ENGR","1034","First Year Hypatia Seminar","Katey","3.71","71.1","13.2","5.3","2.6","0","0","5.3","0","0","2.6","0","0","0","38","85371","  2"
"2025-26","Fall","ENGR","1034","First Year Hypatia Seminar","Katey","3.9","82.1","12.8","2.6","0","0","2.6","0","0","0","0","0","0","0","39","85370","  2"
"2025-26","Fall","ENGR","1054","First Year Galileo Seminar","Katey","3.28","48.1","14.8","7.4","0","14.8","0","3.7","0","3.7","3.7","0","3.7","0","27","85387","  2"
"2025-26","Fall","ENGR","1054","First Year Galileo Seminar","Katey","3.38","55.6","16.7","0","8.3","2.8","5.6","2.8","0","0","2.8","0","5.6","0","36","85386","  2"
"2025-26","Fall","ENGR","1054","First Year Galileo Seminar","Katey","3.18","47.4","13.2","5.3","7.9","2.6","2.6","5.3","2.6","0","10.5","0","2.6","1","38","85388","  2"
"2025-26","Fall","ENGR","1054","First Year Galileo Seminar","Katey","3.56","66.7","2.6","2.6","10.3","7.7","0","7.7","2.6","0","0","0","0","0","39","85384","  2"
"2025-26","Fall","ENGR","1054","First Year Galileo Seminar","Katey","3.64","62.5","10","7.5","2.5","12.5","2.5","2.5","0","0","0","0","0","0","40","85379","  2"
"2025-26","Fall","ENGR","1054","First Year Galileo Seminar","Katey","3.3","55","10","5","10","5","5","0","0","0","0","2.5","7.5","0","40","85380","  2"
"2025-26","Fall","ENGR","1054","First Year Galileo Seminar","Katey","3.65","55","17.5","12.5","10","2.5","0","0","0","0","2.5","0","0","0","40","85385","  2"
"2025-26","Fall","ENGR","1054","First Year Galileo Seminar","Katey","3.48","52.5","12.5","7.5","7.5","10","0","5","2.5","2.5","0","0","0","0","40","85390","  2"
"2025-26","Fall","ENGR","1984","SS: Digerati Seminar","Martin","3.95","88.9","8.3","0","2.8","0","0","0","0","0","0","0","0","0","36","92651","  1"
"2025-26","Fall","ENGR","2044","2nd Yr Galileo & Hypatia Sem","Katey","3.79","84.4","6.5","1.3","2.6","0","1.3","1.3","0","0","0","0","2.6","0","77","85395","  1"
"2025-26","Fall","ENGR","3124","Green Engineering","Winans","3.48","48.6","12.5","12.5","12.5","6.9","1.4","1.4","1.4","0","0","1.4","1.4","0","72","85399","  3"
"2025-26","Fall","ENGR","3124","Green Engineering","McGinnis","3.53","54.2","10.8","13.3","8.4","7.2","1.2","1.2","0","1.2","0","1.2","1.2","1","83","85400","  3"
"2025-26","Fall","ENSC","1015","Found Environmental Sci","Eick","3.27","45.1","16","7.6","9","4.9","4.2","2.8","1.4","1.4","1.4","1.4","4.9","0","144","85408","  3"
"2025-26","Fall","ENSC","3604","Fund Environ Science","Steele","3.34","28.4","22.4","11.9","19.4","7.5","3","4.5","1.5","1.5","0","0","0","0","67","85409","  3"
"2025-26","Fall","ENSC","3634","Physics of Pollution","Carpenter","3.82","81.4","9.3","2.3","4.7","0","0","0","0","0","0","0","2.3","0","43","85410","  3"
"2025-26","Fall","ENSC","3644","Plant for Envir Rest","Reid","3.92","92","0","0","8","0","0","0","0","0","0","0","0","0","25","85411","  3"
"2025-26","Fall","ENSC","4764","Bioremediation","Badgley","3.6","43.8","28.1","15.6","0","6.3","3.1","0","3.1","0","0","0","0","1","32","85412","  3"
"2025-26","Fall","ENT","2004","Insects and Human Society","Wilson","3.44","57.1","10.7","10.7","7.1","0","3.6","3.6","0","0","3.6","0","3.6","0","28","85413","  3"
"2025-26","Fall","ENT","2804","Bees: Biol, Diversity, Sustain","Couvillon","3.36","15.4","32.7","13.5","23.1","11.5","1.9","1.9","0","0","0","0","0","1","52","85414","  3"
"2025-26","Fall","ENT","3014","Insect Biology","Marek","2.54","14.3","9.5","9.5","14.3","0","0","33.3","9.5","0","4.8","0","4.8","0","21","85416","  2"
"2025-26","Fall","ENT","3024","Insect Biology Laboratory","Marek","2.39","14.3","28.6","0","14.3","0","14.3","0","0","0","0","0","28.6","0","7","85418","  2"
"2025-26","Fall","ENT","3024","Insect Biology Laboratory","Marek","2.41","12.5","0","12.5","37.5","0","12.5","0","0","0","0","12.5","12.5","1","8","85417","  2"
"2025-26","Fall","ENT","4264","Pesticide Usage","Miller","3.38","76.9","0","0","0","0","0","15.4","0","0","0","0","7.7","0","13","85419","  3"
"2025-26","Fall","ENT","5004","Graduate Seminar","Couvillon","4","100","0","0","0","0","0","0","0","0","0","0","0","0","6","85423","  1"
"2025-26","Fall","ENT","5114","Insect Structure and Function","Pfeiffer","4","100","0","0","0","0","0","0","0","0","0","0","0","0","6","91537","  3"
"2025-26","Fall","ENT","6004","TS: Grad Insect Biol & Div","Marek","3.92","75","25","0","0","0","0","0","0","0","0","0","0","0","8","85434","  4"
"2025-26","Fall","ESM","2104","Statics","Davison","2.42","27.8","2.8","2.8","19.4","2.8","2.8","11.1","0","0","16.7","0","13.9","4","36","92762","  3"
"2025-26","Fall","ESM","2104","Statics","Tahmasian","2.77","30.9","7.3","10.9","7.3","3.6","10.9","7.3","3.6","5.5","5.5","0","7.3","7","55","85444","  3"
"2025-26","Fall","ESM","2104","Statics","Chang","2.63","10.5","14","14","15.8","8.8","7","7","7","3.5","3.5","1.8","7","10","57","85437","  3"
"2025-26","Fall","ESM","2104","Statics","Davison","2.95","47.4","1.8","3.5","8.8","10.5","3.5","3.5","5.3","1.8","5.3","1.8","7","12","57","85441","  3"
"2025-26","Fall","ESM","2104","Statics","Gragg","2.13","8.8","7","5.3","7","1.8","19.3","14","10.5","7","3.5","8.8","7","10","57","85436","  3"
"2025-26","Fall","ESM","2104","Statics","Chang","2.86","11.9","18.6","16.9","11.9","11.9","5.1","8.5","6.8","3.4","1.7","0","3.4","12","59","85445","  3"
"2025-26","Fall","ESM","2104","Statics","Chang","2.71","16.1","11.3","12.9","16.1","9.7","9.7","9.7","1.6","1.6","0","1.6","9.7","8","62","85438","  3"
"2025-26","Fall","ESM","2104","Statics","Bolton","2.8","28.1","4.7","3.1","26.6","7.8","4.7","6.3","7.8","0","0","3.1","7.8","3","64","91852","  3"
"2025-26","Fall","ESM","2104","Statics","Gragg","2.46","6.2","15.4","3.1","18.5","3.1","12.3","15.4","10.8","3.1","6.2","4.6","1.5","11","65","85440","  3"
"2025-26","Fall","ESM","2104","Statics","Bolton","2.56","26.1","4.3","4.3","20.3","2.9","4.3","14.5","2.9","1.4","4.3","2.9","11.6","19","69","85442","  3"
"2025-26","Fall","ESM","2104","Statics","Bolton","2.82","29.6","1.4","4.2","25.4","4.2","2.8","16.9","4.2","2.8","2.8","4.2","1.4","16","71","85443","  3"
"2025-26","Fall","ESM","2104","Statics","Galitz","2.79","29.2","7.9","7.9","10.1","5.6","9","5.6","10.1","5.6","5.6","0","3.4","8","89","85439","  3"
"2025-26","Fall","ESM","2204","Mechanics of Deformable Bodies","Aidi","2.18","21.2","1.9","11.5","5.8","3.8","1.9","9.6","5.8","7.7","13.5","5.8","11.5","8","52","85452","  3"
"2025-26","Fall","ESM","2204","Mechanics of Deformable Bodies","Galitz","3.01","43.8","4.7","1.6","1.6","12.5","9.4","12.5","4.7","6.3","1.6","1.6","0","1","64","91853","  3"
"2025-26","Fall","ESM","2204","Mechanics of Deformable Bodies","Galitz","2.81","32.4","5.6","8.5","11.3","5.6","4.2","8.5","12.7","1.4","1.4","2.8","5.6","1","71","85450","  3"
"2025-26","Fall","ESM","2204","Mechanics of Deformable Bodies","Aidi","2.86","34.2","11","8.2","4.1","5.5","8.2","8.2","4.1","5.5","2.7","2.7","5.5","2","73","85451","  3"
"2025-26","Fall","ESM","2204","Mechanics of Deformable Bodies","Lord","3.06","27.2","14.8","11.1","11.1","13.6","2.5","7.4","6.2","0","3.7","1.2","1.2","2","81","85449","  3"
"2025-26","Fall","ESM","2304","Dynamics","Pendar","2.47","21.3","11.5","6.6","6.6","3.3","6.6","8.2","6.6","13.1","3.3","8.2","4.9","1","61","85455","  3"
"2025-26","Fall","ESM","2304","Dynamics","Tahmasian","2.91","37.9","9.1","9.1","4.5","6.1","10.6","1.5","4.5","4.5","1.5","4.5","6.1","7","66","85456","  3"
"2025-26","Fall","ESM","2304","Dynamics","Pendar","2.67","25.5","9.2","11.2","8.2","5.1","8.2","5.1","8.2","3.1","4.1","6.1","6.1","3","98","85454","  3"
"2025-26","Fall","ESM","3024","Intro to Fluid Mechanics","Stremler","3.15","28.1","6.3","25","15.6","12.5","3.1","0","0","3.1","3.1","3.1","0","0","32","85460","  3"
"2025-26","Fall","ESM","3054","Mech Behavior of Materials","Aidi","3.1","25","10","15","20","0","15","10","5","0","0","0","0","0","20","85461","  3"
"2025-26","Fall","ESM","3234","Fluid Mech I-Control Volumes","Kim","3.8","74.7","9.6","7.2","1.2","4.8","2.4","0","0","0","0","0","0","0","83","85465","  3"
"2025-26","Fall","ESM","3704","Basic Principles of Structures","Lord","2.92","31.6","6.6","9.6","11","5.9","8.8","11","3.7","5.1","4.4","1.5","0.7","0","136","85466","  3"
"2025-26","Fall","ESM","4044","Mechanics Composite Materials","Case","3.4","40","16.7","13.3","13.3","0","3.3","13.3","0","0","0","0","0","2","30","85467","  3"
"2025-26","Fall","ESM","4114","Nonlinear Dynamics and Chaos","Ross","3.91","71.4","28.6","0","0","0","0","0","0","0","0","0","0","0","7","90942","  3"
"2025-26","Fall","ESM","4194","Sustainable Energy Solutions","Ellis","2.92","26.7","0","33.3","6.7","0","13.3","6.7","6.7","0","0","0","6.7","3","15","85468","  3"
"2025-26","Fall","ESM","4234","Mechanics Biological Systems","Wang","3.75","60","20","15","0","0","5","0","0","0","0","0","0","0","20","91164","  3"
"2025-26","Fall","ESM","4245","Mechanics of Animal Locomotion","Socha","3.26","22.2","11.1","22.2","33.3","0","0","11.1","0","0","0","0","0","0","9","91048","  3"
"2025-26","Fall","ESM","5014","Intro Continuum Mech","Stremler","3.57","27.3","27.3","36.4","9.1","0","0","0","0","0","0","0","0","0","11","85476","  3"
"2025-26","Fall","ESM","5044","Adv Mech Composite Materials","Case","3.57","57.1","0","14.3","14.3","14.3","0","0","0","0","0","0","0","0","7","85479","  3"
"2025-26","Fall","ESM","5245","Mechanics Animal Locomotion","Socha","3.75","62.5","12.5","12.5","12.5","0","0","0","0","0","0","0","0","0","16","91047","  3"
"2025-26","Fall","ESM","5554","Turbulence and Turbulent Flows","Foroutan","3.96","87.5","12.5","0","0","0","0","0","0","0","0","0","0","0","8","91846","  3"
"2025-26","Fall","ESM","5734","Intro Finite Elements","Batra","3.7","54.5","18.2","9.1","18.2","0","0","0","0","0","0","0","0","0","11","85483","  3"
"2025-26","Fall","FIN","2114","Invest & Financial Literacy","Anderson","2.67","0","13.6","13.6","13.6","18.2","13.6","18.2","4.5","4.5","0","0","0","0","22","85565","  3"
"2025-26","Fall","FIN","2114","Invest & Financial Literacy","Wikle","3.34","34.4","18.8","9.4","21.9","6.3","3.1","3.1","0","0","0","0","3.1","0","32","91527","  3"
"2025-26","Fall","FIN","2114","Invest & Financial Literacy","Carter","3.22","28.2","10.3","20.5","17.9","12.8","0","2.6","2.6","2.6","2.6","0","0","2","39","85563","  3"
"2025-26","Fall","FIN","2114","Invest & Financial Literacy","Wikle","3.2","19.5","22","9.8","29.3","4.9","9.8","2.4","0","0","0","0","2.4","0","41","85566","  3"
"2025-26","Fall","FIN","2114","Invest & Financial Literacy","Wikle","3.26","31.8","13.6","15.9","18.2","6.8","6.8","2.3","0","0","2.3","0","2.3","0","44","85564","  3"
"2025-26","Fall","FIN","2164","Survey of Finance and Careers","Wikle","3.37","42.9","14.3","10.2","16.3","4.1","2","6.1","0","0","2","0","2","2","49","85569","  1"
"2025-26","Fall","FIN","2164","Survey of Finance and Careers","Wikle","3.39","48.1","13.5","3.8","17.3","7.7","0","3.8","0","0","3.8","0","1.9","3","52","85570","  1"
"2025-26","Fall","FIN","2164","Survey of Finance and Careers","Kender","3.65","65.5","9.1","9.1","9.1","1.8","1.8","1.8","0","0","0","0","1.8","1","55","85572","  1"
"2025-26","Fall","FIN","2164","Survey of Finance and Careers","Wikle","3.46","48.3","16.7","6.7","15","1.7","3.3","5","0","0","1.7","0","1.7","0","60","85567","  1"
"2025-26","Fall","FIN","2164","Survey of Finance and Careers","Kender","3.44","40.6","18.8","10.9","17.2","3.1","0","7.8","0","0","0","0","1.6","1","64","85568","  1"
"2025-26","Fall","FIN","2164","Survey of Finance and Careers","Kender","3.52","44.9","14.5","15.9","18.8","0","1.4","2.9","0","0","0","0","1.4","1","69","85571","  1"
"2025-26","Fall","FIN","3054","Legal & Ethical Env of Bus","Malone","2.93","10.8","6.3","20.7","23.4","14.4","10.8","9","2.7","0.9","0","0","0.9","4","111","85574","  3"
"2025-26","Fall","FIN","3054","Legal & Ethical Env of Bus","Mcintosh","2.64","2.7","4.5","9.9","33.3","13.5","9","13.5","7.2","5.4","0","0","0.9","3","111","85575","  3"
"2025-26","Fall","FIN","3054","Legal & Ethical Env of Bus","Mcintosh","2.71","3.5","9.6","13.9","22.6","12.2","14.8","17.4","1.7","0.9","0.9","1.7","0.9","0","115","85579","  3"
"2025-26","Fall","FIN","3054","Legal & Ethical Env of Bus","Fleenor","3.35","36.2","13.8","6","25","8.6","1.7","6.9","1.7","0","0","0","0","0","116","85580","  3"
"2025-26","Fall","FIN","3054","Legal & Ethical Env of Bus","Spicer","2.88","19.7","7.7","10.3","17.1","11.1","8.5","14.5","9.4","0","0.9","0","0.9","3","117","85576","  3"
"2025-26","Fall","FIN","3054","Legal & Ethical Env of Bus","Showalter","3.26","13.7","21.8","25","21.8","8.9","4.8","2.4","0.8","0.8","0","0","0","0","124","85573","  3"
"2025-26","Fall","FIN","3054","Legal & Ethical Env of Bus","Showalter","3.27","15.3","16.9","22.6","29","11.3","4","0.8","0","0","0","0","0","0","124","85577","  3"
"2025-26","Fall","FIN","3054","Legal & Ethical Env of Bus","Showalter","3.2","10.4","19.2","24.8","26.4","11.2","4.8","1.6","0.8","0","0","0","0.8","1","125","85578","  3"
"2025-26","Fall","FIN","3074","Legal & Finance Entrepreneurs","McClanahan","3.78","72.4","13.8","3.4","3.4","3.4","0","0","3.4","0","0","0","0","0","29","85581","  3"
"2025-26","Fall","FIN","3104","Introduction to Finance","Hart","2.89","13.9","11.9","17.1","21","8.7","9.9","7.1","3.2","1.2","0.4","2.8","2.8","29","252","85584","  3"
"2025-26","Fall","FIN","3104","Introduction to Finance","Hart","2.68","9.1","8.7","11.8","15","17.3","13","13.4","4.7","1.2","2.4","0.4","3.1","25","254","85585","  3"
"2025-26","Fall","FIN","3104","Introduction to Finance","Hart","2.81","12.9","10.5","14.1","18","10.5","10.5","12.1","4.7","1.6","2.7","0.4","2","32","256","85583","  3"
"2025-26","Fall","FIN","3104","Introduction to Finance","Chowdhury","3.05","20.3","13.6","18.6","11.9","10.2","11.9","6.8","3.4","1.7","0","0","1.7","3","59","85582","  3"
"2025-26","Fall","FIN","3104","Introduction to Finance","Bhachech","3.15","35.5","4.8","9.7","12.9","11.3","12.9","8.1","4.8","0","0","0","0","3","62","91531","  3"
"2025-26","Fall","FIN","3114","Python-Data Analytics, Finance","Spicer","2.77","0","16.1","16.1","22.6","12.9","16.1","9.7","3.2","0","0","0","3.2","0","31","85588","  3"
"2025-26","Fall","FIN","3114","Python-Data Analytics, Finance","Spicer","3.3","24.2","30.3","18.2","6.1","3","6.1","6.1","3","0","3","0","0","0","33","85587","  3"
"2025-26","Fall","FIN","3124","Fin Planning for Professionals","Lineberry","2.6","12.8","10.3","15.4","7.7","15.4","5.1","15.4","2.6","2.6","0","7.7","5.1","9","39","85589","  3"
"2025-26","Fall","FIN","3134","Financial Analytics","Vu","2.62","5.6","11.1","5.6","33.3","5.6","11.1","5.6","11.1","0","5.6","5.6","0","1","18","85596","  3"
"2025-26","Fall","FIN","3134","Financial Analytics","Beach","2.15","2.9","0","8.8","14.7","2.9","26.5","11.8","20.6","0","2.9","0","8.8","4","34","85593","  3"
"2025-26","Fall","FIN","3134","Financial Analytics","Beach","2.48","5.7","0","11.4","20","5.7","22.9","14.3","14.3","2.9","2.9","0","0","8","35","85592","  3"
"2025-26","Fall","FIN","3134","Financial Analytics","Paye","2.96","16.3","16.3","20.9","14","7","4.7","9.3","4.7","0","2.3","2.3","2.3","1","43","91532","  3"
"2025-26","Fall","FIN","3134","Financial Analytics","Vu","2.98","18.6","9.3","14","18.6","11.6","14","9.3","0","2.3","2.3","0","0","2","43","85591","  3"
"2025-26","Fall","FIN","3134","Financial Analytics","Vu","2.95","16.3","16.3","7","16.3","11.6","14","14","0","4.7","0","0","0","2","43","85595","  3"
"2025-26","Fall","FIN","3134","Financial Analytics","Vu","3.13","18.6","20.9","7","23.3","14","4.7","9.3","0","0","0","2.3","0","2","43","92198","  3"
"2025-26","Fall","FIN","3144","Investments:Debt,Equity,&Deriv","Beason","2.59","0","11.8","17.6","5.9","5.9","35.3","17.6","0","5.9","0","0","0","0","17","92199","  3"
"2025-26","Fall","FIN","3144","Investments:Debt,Equity,&Deriv","Kadlec","2.75","13.5","8.1","10.8","10.8","16.2","2.7","27","10.8","0","0","0","0","2","37","85598","  3"
"2025-26","Fall","FIN","3144","Investments:Debt,Equity,&Deriv","Kadlec","2.68","10.5","7.9","10.5","13.2","13.2","2.6","31.6","10.5","0","0","0","0","2","38","85600","  3"
"2025-26","Fall","FIN","3144","Investments:Debt,Equity,&Deriv","Ye","3.35","29.3","12.2","26.8","19.5","4.9","0","4.9","0","0","2.4","0","0","0","41","85599","  3"
"2025-26","Fall","FIN","3144","Investments:Debt,Equity,&Deriv","Beason","2.83","19","9.5","4.8","9.5","16.7","14.3","19","4.8","2.4","0","0","0","0","42","85604","  3"
"2025-26","Fall","FIN","3144","Investments:Debt,Equity,&Deriv","Ye","3.48","30.2","23.3","18.6","20.9","4.7","0","0","2.3","0","0","0","0","1","43","85602","  3"
"2025-26","Fall","FIN","3144","Investments:Debt,Equity,&Deriv","Beason","2.73","13.6","2.3","6.8","20.5","13.6","25","9.1","4.5","4.5","0","0","0","0","44","85601","  3"
"2025-26","Fall","FIN","3154","Corporate Financial Analytics","Chowdhury","2.13","0","16.7","0","11.1","5.6","16.7","11.1","11.1","11.1","5.6","5.6","5.6","3","18","92686","  3"
"2025-26","Fall","FIN","3154","Corporate Financial Analytics","Kennedy","3.19","25.8","16.1","12.9","25.8","3.2","9.7","0","3.2","0","0","0","3.2","2","31","85605","  3"
"2025-26","Fall","FIN","3154","Corporate Financial Analytics","Xu","2.64","2.6","5.3","7.9","31.6","15.8","7.9","26.3","0","0","0","0","2.6","5","38","85609","  3"
"2025-26","Fall","FIN","3154","Corporate Financial Analytics","Xu","2.75","7.3","7.3","7.3","22","14.6","24.4","14.6","2.4","0","0","0","0","4","41","85608","  3"
"2025-26","Fall","FIN","3154","Corporate Financial Analytics","Kennedy","3.05","15.9","15.9","13.6","18.2","11.4","6.8","18.2","0","0","0","0","0","0","44","85606","  3"
"2025-26","Fall","FIN","3154","Corporate Financial Analytics","Xu","2.82","11.1","13.3","11.1","13.3","20","4.4","20","4.4","0","0","0","2.2","1","45","91533","  3"
"2025-26","Fall","FIN","3204","Risk and Insurance","Johnsen","3.05","9.4","20","12.9","25.9","17.6","4.7","5.9","1.2","0","1.2","0","1.2","2","85","85611","  3"
"2025-26","Fall","FIN","4014","Cyberlaw and Policy","Malone","2.75","2.9","13.2","10.3","26.5","14.7","7.4","11.8","10.3","1.5","1.5","0","0","2","68","85613","  3"
"2025-26","Fall","FIN","4014","Cyberlaw and Policy","Malone","2.81","5.9","11.8","10.3","19.1","19.1","17.6","13.2","1.5","0","1.5","0","0","1","68","85615","  3"
"2025-26","Fall","FIN","4014","Cyberlaw and Policy","Malone","2.96","8.6","18.6","11.4","18.6","17.1","11.4","10","4.3","0","0","0","0","0","70","85614","  3"
"2025-26","Fall","FIN","4104","Retirement Planning","Beach","2.85","7","7","14.1","31","19.7","5.6","5.6","4.2","2.8","2.8","0","0","0","71","85616","  3"
"2025-26","Fall","FIN","4114","Fin Plan Technology & Modeling","Lineberry","3.24","15.6","17.8","13.3","37.8","11.1","0","4.4","0","0","0","0","0","0","45","85617","  3"
"2025-26","Fall","FIN","4134","Fin Planning Applications","Lineberry","2.55","0","18.2","0","9.1","18.2","27.3","9.1","18.2","0","0","0","0","0","11","85618","  3"
"2025-26","Fall","FIN","4144","Int Fin Mgt","Tellez Parrales","3.27","24.1","20.7","17.2","13.8","10.3","6.9","0","6.9","0","0","0","0","0","29","85620","  3"
"2025-26","Fall","FIN","4144","Int Fin Mgt","Tellez Parrales","3.22","24.3","16.2","24.3","10.8","5.4","5.4","8.1","5.4","0","0","0","0","2","37","85621","  3"
"2025-26","Fall","FIN","4144","Int Fin Mgt","Tellez Parrales","3.19","23.7","18.4","13.2","10.5","21.1","2.6","2.6","7.9","0","0","0","0","1","38","85619","  3"
"2025-26","Fall","FIN","4154","Real Estate Finance","Sheng","2.96","17.9","3.6","10.7","35.7","10.7","14.3","3.6","0","0","0","0","3.6","0","28","85622","  3"
"2025-26","Fall","FIN","4214","Financial Modeling in Excel","Coleman","2.81","25.8","3.2","12.9","19.4","3.2","12.9","6.5","0","6.5","3.2","3.2","3.2","3","31","85623","  3"
"2025-26","Fall","FIN","4214","Financial Modeling in Excel","Coleman","3.03","40.6","6.3","0","12.5","12.5","3.1","12.5","3.1","0","6.3","3.1","0","1","32","85624","  3"
"2025-26","Fall","FIN","4214","Financial Modeling in Excel","Coleman","3.24","44.1","8.8","5.9","5.9","5.9","20.6","2.9","2.9","2.9","0","0","0","1","34","91535","  3"
"2025-26","Fall","FIN","4224","Fixed Income Securities","Gallagher","2.46","8.3","11.1","8.3","11.1","11.1","11.1","8.3","16.7","0","2.8","11.1","0","1","36","85626","  3"
"2025-26","Fall","FIN","4224","Fixed Income Securities","Gallagher","3.06","17.1","14.6","17.1","22","7.3","12.2","2.4","2.4","0","2.4","2.4","0","2","41","85625","  3"
"2025-26","Fall","FIN","4234","Venture Cap & Inv Banking","Kender","3.32","47.6","14.3","9.5","4.8","4.8","4.8","9.5","0","0","0","0","4.8","1","21","85629","  3"
"2025-26","Fall","FIN","4234","Venture Cap & Inv Banking","Kender","2.89","13.9","5.6","8.3","27.8","16.7","11.1","11.1","5.6","0","0","0","0","0","36","85630","  3"
"2025-26","Fall","FIN","4244","Asset Valuation & Governance","Kennedy","3.23","5","15","40","25","15","0","0","0","0","0","0","0","0","20","85632","  3"
"2025-26","Fall","FIN","4244","Asset Valuation & Governance","Kennedy","3.47","30.8","25.6","20.5","10.3","7.7","0","5.1","0","0","0","0","0","0","39","85631","  3"
"2025-26","Fall","FIN","4255","Credit Corps Lending Practicum","Beach","4","100","0","0","0","0","0","0","0","0","0","0","0","0","7","85633","  3"
"2025-26","Fall","FIN","4264","Managing Risk with Derivatives","Spicer","2.69","16.7","0","22.2","16.7","5.6","11.1","16.7","0","0","5.6","0","5.6","0","18","85635","  3"
"2025-26","Fall","FIN","4274","Equity Securities","Billingsley","2.7","7.1","21.4","7.1","7.1","7.1","7.1","28.6","14.3","0","0","0","0","1","14","92667","  3"
"2025-26","Fall","FIN","4274","Equity Securities","Billingsley","3.09","9.3","20.9","20.9","20.9","7","9.3","9.3","2.3","0","0","0","0","2","43","91536","  3"
"2025-26","Fall","FIN","4414","FinTech Capstone","Paye","3.85","65","25","10","0","0","0","0","0","0","0","0","0","0","20","85641","  3"
"2025-26","Fall","FIN","5024","Principles of Finance","Mansi","3.39","42.9","14.3","0","28.6","0","0","14.3","0","0","0","0","0","0","7","85644","  3"
"2025-26","Fall","FIN","5194","Commercial Law","Spicer","3.74","52.1","27.1","12.5","4.2","4.2","0","0","0","0","0","0","0","0","48","85647","  3"
"2025-26","Fall","FIN","5604","Financial & Econ Environment","Livingston","3.46","22.7","31.8","13.6","22.7","9.1","0","0","0","0","0","0","0","0","22","85648","  2"
"2025-26","Fall","FIN","5674","Investments and Portfolio Mgmt","Billingsley","3.87","64.5","29","6.5","0","0","0","0","0","0","0","0","0","0","31","85649","  2"
"2025-26","Fall","FIN","6104","Financial Research Methods","Kumar","3.76","20","80","0","0","0","0","0","0","0","0","0","0","0","5","92259","  3"
"2025-26","Fall","FIW","2114","Prin Fish and Wildl","Hamed","3.35","39.4","18.9","10.6","12.1","5.3","0.8","6.8","3.8","0","0","0","2.3","1","132","85664","  3"
"2025-26","Fall","FIW","2234","Fish, Fishing, & Conservation","Bustamante","3.17","46.8","14.9","8.5","6.4","2.1","2.1","6.4","0","0","4.3","0","8.5","0","47","85665","  3"
"2025-26","Fall","FIW","2324","Wildlife Field Biology","Hamed","3.67","69.2","7.7","7.7","7.7","0","0","0","7.7","0","0","0","0","2","13","85668","  3"
"2025-26","Fall","FIW","2324","Wildlife Field Biology","Hamed","3.64","57.1","19","4.8","4.8","9.5","0","4.8","0","0","0","0","0","1","21","85667","  3"
"2025-26","Fall","FIW","2324","Wildlife Field Biology","Hamed","3.32","54.5","9.1","4.5","13.6","0","0","9.1","0","4.5","0","0","4.5","0","22","85666","  3"
"2025-26","Fall","FIW","3514","Fisheries Techniques","Castello","3.71","35.3","41.2","23.5","0","0","0","0","0","0","0","0","0","0","17","85679","  3"
"2025-26","Fall","FIW","4324","Genetics of Nat & Mngd Popns","Holliday","3.8","61.1","25.9","5.6","5.6","0","1.9","0","0","0","0","0","0","0","54","90857","  3"
"2025-26","Fall","FIW","4334","Mammalogy","Isenhour","2.42","25","0","0","16.7","16.7","0","16.7","0","0","8.3","8.3","8.3","0","12","85696","  4"
"2025-26","Fall","FIW","4334","Mammalogy","Isenhour","3.12","30","15","15","10","5","0","15","5","0","5","0","0","0","20","85693","  4"
"2025-26","Fall","FIW","4334","Mammalogy","Isenhour","3.1","25","20","15","15","5","0","5","5","5","0","5","0","0","20","85694","  4"
"2025-26","Fall","FIW","4334","Mammalogy","Isenhour","3.19","25","12.5","20.8","12.5","8.3","12.5","4.2","4.2","0","0","0","0","0","24","85695","  4"
"2025-26","Fall","FIW","4414","Pop Dynamics & Estimation","Hultin","3.38","48","12","5.3","17.3","5.3","1.3","5.3","1.3","1.3","0","0","2.7","1","75","85697","  3"
"2025-26","Fall","FIW","4464","Human Dimensions F&W","Dayer","3.41","38","24","8.3","11.6","7.4","1.7","2.5","4.1","1.7","0","0","0.8","0","121","85698","  3"
"2025-26","Fall","FIW","4534","Ecol & Mgmt of Wetland Systems","Parkhurst","2.57","0","33.3","0","16.7","0","0","16.7","16.7","16.7","0","0","0","0","6","92167","  3"
"2025-26","Fall","FIW","5124","Research Design Socio/Eco Sci","Hunter","4","100","0","0","0","0","0","0","0","0","0","0","0","0","11","85724","  3"
"2025-26","Fall","FIW","5314","Vertebrate Pop Ecology & Mgnt","Karpanty","4","100","0","0","0","0","0","0","0","0","0","0","0","0","8","91034","  3"
"2025-26","Fall","FIW","5984","SS: Conservation Data Science","Ferretti","3.87","90","0","0","0","10","0","0","0","0","0","0","0","0","10","92723","  3"
"2025-26","Fall","FIW","6004","Topics:  Fisheries & Wildlife","Ford","4","100","0","0","0","0","0","0","0","0","0","0","0","0","13","90892","  0"
"2025-26","Fall","FMD","1204","Clothing and People","Branson","3.8","65","15","15","5","0","0","0","0","0","0","0","0","0","20","85790","  3"
"2025-26","Fall","FMD","1224","Intro to the Fashion Industry","Shin","3.62","40.6","34.4","9.4","6.3","3.1","6.3","0","0","0","0","0","0","0","32","85791","  3"
"2025-26","Fall","FMD","2204","Introduction to Textiles","Chen-Yu","3.03","27.8","0","16.7","5.6","22.2","16.7","11.1","0","0","0","0","0","0","18","85792","  3"
"2025-26","Fall","FMD","2214","Apparel Textiles Laboratory","Chen-Yu","3.16","27.8","5.6","11.1","11.1","33.3","5.6","5.6","0","0","0","0","0","0","18","85793","  1"
"2025-26","Fall","FMD","2224","Fashion Presentation Technique","Chae","3.83","76.2","19","0","0","0","0","0","4.8","0","0","0","0","0","21","85794","  3"
"2025-26","Fall","FMD","3104","Fashion Retailing Concepts","Kincade","3.52","53.3","13.3","6.7","13.3","6.7","0","3.3","0","0","0","3.3","0","0","30","85797","  3"
"2025-26","Fall","FMD","3204","Textile Evaluation","Chen-Yu","2.69","17.4","0","8.7","21.7","21.7","0","13","8.7","4.3","0","0","4.3","0","23","91015","  3"
"2025-26","Fall","FMD","3224","Apparel Assembly","Chae","3.88","92.9","0","0","0","0","7.1","0","0","0","0","0","0","0","14","85798","  3"
"2025-26","Fall","FMD","4134","Fashion E-Tailing","Shin","3.63","52.2","8.7","21.7","13","4.3","0","0","0","0","0","0","0","0","23","85800","  3"
"2025-26","Fall","FMD","4224","Fashion Analysis & Comm","Chae","3.97","96.4","0","3.6","0","0","0","0","0","0","0","0","0","0","28","85801","  3"
"2025-26","Fall","FMD","4234","Apparel Quality Evaluation","Kincade","3.46","52.4","14.3","0","4.8","19","0","4.8","4.8","0","0","0","0","0","21","85802","  3"
"2025-26","Fall","FR","1105","Elementary French","Gueye","3.48","36.4","18.2","18.2","18.2","0","9.1","0","0","0","0","0","0","1","11","85819","  3"
"2025-26","Fall","FR","1105","Elementary French","Gueye","3.61","23.5","35.3","41.2","0","0","0","0","0","0","0","0","0","1","17","85820","  3"
"2025-26","Fall","FR","2105","Intermediate French","Noirot","3.1","16.7","11.1","11.1","33.3","16.7","0","5.6","5.6","0","0","0","0","0","18","85821","  3"
"2025-26","Fall","FR","2714","French Culture & Civ","Shryock","3.61","66.7","12.3","3.5","5.3","3.5","1.8","1.8","0","0","1.8","3.5","0","0","57","85824","  3"
"2025-26","Fall","FR","3105","Gram/Composition/Conversation","Johnson","3.54","17.6","52.9","11.8","11.8","0","5.9","0","0","0","0","0","0","0","17","85828","  3"
"2025-26","Fall","FR","3105","Gram/Composition/Conversation","Johnson","3.49","29.4","41.2","0","11.8","11.8","0","5.9","0","0","0","0","0","1","17","85829","  3"
"2025-26","Fall","FR","3164","Advanced Business French","Johnson","3.75","69.2","7.7","7.7","7.7","7.7","0","0","0","0","0","0","0","1","13","85831","  3"
"2025-26","Fall","FR","3304","Intro French Lit","Noirot","3.29","23.1","15.4","26.9","19.2","0","7.7","7.7","0","0","0","0","0","0","26","85832","  3"
"2025-26","Fall","FR","3314","Intro to Francophone Studies","Gueye","3.71","55.6","33.3","0","0","0","11.1","0","0","0","0","0","0","0","9","85834","  3"
"2025-26","Fall","FR","3454","WWI-Contemporary Culture","Dickow","3.37","41.7","25","8.3","16.7","0","0","0","0","0","0","0","8.3","0","12","90952","  3"
"2025-26","Fall","FR","4314","Studies in French Literature","Dickow","3.79","75","0","12.5","12.5","0","0","0","0","0","0","0","0","0","8","85836","  3"
"2025-26","Fall","FREC","1024","Intro to Env Cons and Society","Whittington","3.48","58.8","5.9","17.6","5.9","0","0","0","0","11.8","0","0","0","0","17","91214","  3"
"2025-26","Fall","FREC","1044","Intro Env Data Science","Gannon","3.56","51.5","12.1","18.2","6.1","6.1","3","0","0","3","0","0","0","0","33","85849","  3"
"2025-26","Fall","FREC","1984","SS: Disc Forest Res & Env Mgt","Sullivan","3.74","83.3","0","2.8","5.6","0","2.8","2.8","0","0","2.8","0","0","0","36","91889","  1"
"2025-26","Fall","FREC","1984","SS: First Year Success in EDS","Gannon","3.6","55.6","22.2","0","11.1","0","0","11.1","0","0","0","0","0","0","9","92194","  1"
"2025-26","Fall","FREC","2114","Ecology of Appalachian Forests","Seiler","2.7","13.3","13.3","16.7","16.7","6.7","3.3","10","6.7","0","3.3","3.3","6.7","1","30","85850","  3"
"2025-26","Fall","FREC","2134","Plants & Greenspaces Urban Com","Niemiera","3.83","75.3","17.3","2.5","2.5","0","0","0","0","1.2","0","1.2","0","0","81","85851","  3"
"2025-26","Fall","FREC","2214","Intr Land & Field Measurements","Cao","3.2","27.6","20.7","10.3","10.3","17.2","3.4","0","3.4","3.4","3.4","0","0","2","29","85853","  3"
"2025-26","Fall","FREC","2214","Intr Land & Field Measurements","Radtke","3.2","27.6","20.7","10.3","10.3","17.2","3.4","0","3.4","3.4","3.4","0","0","2","29","85853","  3"
"2025-26","Fall","FREC","2214","Intr Land & Field Measurements","Cao","3.12","29","9.7","22.6","6.5","16.1","6.5","0","3.2","0","0","3.2","3.2","0","31","85854","  3"
"2025-26","Fall","FREC","2214","Intr Land & Field Measurements","Radtke","3.12","29","9.7","22.6","6.5","16.1","6.5","0","3.2","0","0","3.2","3.2","0","31","85854","  3"
"2025-26","Fall","FREC","2214","Intr Land & Field Measurements","Cao","3.21","18.8","25","15.6","15.6","6.3","9.4","3.1","6.3","0","0","0","0","0","32","85852","  3"
"2025-26","Fall","FREC","2214","Intr Land & Field Measurements","Radtke","3.21","18.8","25","15.6","15.6","6.3","9.4","3.1","6.3","0","0","0","0","0","32","85852","  3"
"2025-26","Fall","FREC","2314","Forest Biology and Dendrology","Seiler","2.47","7.1","4.4","5.3","20.4","13.3","10.6","20.4","7.1","4.4","2.7","2.7","1.8","3","113","85855","  2"
"2025-26","Fall","FREC","2324","Dendrology Laboratory","Seiler","2.63","25.5","7.8","3.9","9.8","7.8","7.8","11.8","7.8","5.9","5.9","0","5.9","1","51","85857","  1"
"2025-26","Fall","FREC","2324","Dendrology Laboratory","Seiler","2.96","26.4","9.4","11.3","11.3","11.3","9.4","11.3","1.9","1.9","1.9","1.9","1.9","1","53","85856","  1"
"2025-26","Fall","FREC","2514","Wildland Fire: Ecol & Mgt","Coates","3.31","48.6","14.3","8.6","5.7","8.6","2.9","2.9","0","0","2.9","0","5.7","0","35","85858","  3"
"2025-26","Fall","FREC","2554","Leading Global Sustainability","Oberdoerster","3.58","68.4","8.9","3.8","5.1","3.8","0","3.8","3.8","0","0","0","2.5","0","79","85859","  3"
"2025-26","Fall","FREC","3104","Prin of Watershed Hydrology","McGuire","3.38","44.4","33.3","5.6","0","5.6","0","0","0","0","0","5.6","5.6","0","18","90869","  3"
"2025-26","Fall","FREC","3314","Forest Ecology and Silvics","Copenheaver","2.97","40","10","0","30","0","0","0","0","0","10","0","10","0","10","85866","  3"
"2025-26","Fall","FREC","3314","Forest Ecology and Silvics","Copenheaver","3.12","14.3","14.3","14.3","28.6","14.3","7.1","7.1","0","0","0","0","0","0","14","85867","  3"
"2025-26","Fall","FREC","3354","Trees in the Built Environment","Wiseman","3.02","24","0","8","32","16","4","12","4","0","0","0","0","0","25","85868","  3"
"2025-26","Fall","FREC","3454","Trees in Built Environment Lab","Wiseman","3.28","66.7","16.7","0","0","0","0","0","0","0","0","0","16.7","0","6","91952","  1"
"2025-26","Fall","FREC","3524","Environmental Interpretation","Whittington","3.78","66.7","11.1","11.1","11.1","0","0","0","0","0","0","0","0","0","9","85869","  3"
"2025-26","Fall","FREC","3574","Enviro Education Service Learn","Guerin","3.39","41.7","16.7","0","16.7","8.3","16.7","0","0","0","0","0","0","0","12","85870","  3"
"2025-26","Fall","FREC","3714","Forest Harvesting","Berry","2.68","5.9","11.8","11.8","23.5","5.9","23.5","5.9","0","0","5.9","5.9","0","3","17","85871","  3"
"2025-26","Fall","FREC","4004","Professional Skills in Nat Res","Berry","3.57","70.1","5.2","6.2","5.2","1","2.1","2.1","3.1","3.1","0","1","1","1","97","85876","  1"
"2025-26","Fall","FREC","4014","Natural Resources Economics","Schons Do Valle","3.9","76.9","15.4","7.7","0","0","0","0","0","0","0","0","0","0","13","85878","  3"
"2025-26","Fall","FREC","4014","Natural Resources Economics","Amacher","3.68","75","2.6","0","18.4","0","0","1.3","0","0","0","0","2.6","0","76","85877","  3"
"2025-26","Fall","FREC","4114","Info Tech for Natl Resrce Mgt","Gannon","3.13","50","0","20","0","10","0","10","0","0","0","0","10","0","10","85880","  3"
"2025-26","Fall","FREC","4114","Info Tech for Natl Resrce Mgt","Gannon","3.29","34.6","15.4","7.7","23.1","11.5","0","3.8","0","0","0","0","3.8","0","26","85882","  3"
"2025-26","Fall","FREC","4114","Info Tech for Natl Resrce Mgt","Gannon","3.42","27.6","27.6","13.8","13.8","6.9","10.3","0","0","0","0","0","0","0","29","85883","  3"
"2025-26","Fall","FREC","4114","Info Tech for Natl Resrce Mgt","Gannon","3.54","50","19.4","8.3","5.6","5.6","5.6","2.8","2.8","0","0","0","0","0","36","85881","  3"
"2025-26","Fall","FREC","4174","Climate Chng & Intl Policy","Franco","3.91","84.2","5.3","10.5","0","0","0","0","0","0","0","0","0","0","19","85884","  3"
"2025-26","Fall","FREC","4334","Agroforestry","Munsell","3.47","28.6","38.1","4.8","9.5","9.5","9.5","0","0","0","0","0","0","0","21","85885","  3"
"2025-26","Fall","FREC","4354","Forest Soil and Watershed Mgmt","Kirker","3.68","78.3","4.3","6.5","2.2","0","0","4.3","0","0","2.2","0","2.2","1","46","85886","  3"
"2025-26","Fall","FREC","4374","Forested Wetlands","McLaughlin","3.85","83.3","0","5.6","11.1","0","0","0","0","0","0","0","0","0","18","85887","  3"
"2025-26","Fall","FREC","4414","Advanced Wildland Fire Mgmt","Coates","3.95","85","15","0","0","0","0","0","0","0","0","0","0","0","20","90890","  3"
"2025-26","Fall","FREC","4464","Water Resources Policy & Econ","Cobourn","3.34","46.2","15.4","0","7.7","7.7","15.4","0","7.7","0","0","0","0","0","13","90872","  3"
"2025-26","Fall","FREC","4514","Forest and Tree Pests","Fearer","2.9","3.4","17.2","13.8","24.1","20.7","6.9","3.4","6.9","3.4","0","0","0","0","29","85888","  3"
"2025-26","Fall","FREC","4514","Forest and Tree Pests","Salom","2.9","3.4","17.2","13.8","24.1","20.7","6.9","3.4","6.9","3.4","0","0","0","0","29","85888","  3"
"2025-26","Fall","FREC","5014","Grad Student Success in FREC","Strahm","4","100","0","0","0","0","0","0","0","0","0","0","0","0","9","85905","  1"
"2025-26","Fall","FREC","5354","Soil Sci and Biogeochemistry","Strahm","3.81","65","15","20","0","0","0","0","0","0","0","0","0","0","20","90893","  3"
"2025-26","Fall","FREC","5464","Soc Sci Resch Methods Nat Res","Stern","3.78","47.1","41.2","5.9","5.9","0","0","0","0","0","0","0","0","0","17","91147","  3"
"2025-26","Fall","FST","2014","Introduction to Food Science","Wiersema","4","100","0","0","0","0","0","0","0","0","0","0","0","0","10","92082","  2"
"2025-26","Fall","FST","2014","Introduction to Food Science","Hurley","3.89","88.1","0","8.5","0","1.7","1.7","0","0","0","0","0","0","0","59","85997","  2"
"2025-26","Fall","FST","2024","Raw to Burnt: Exploring Foods","Bruce","3.78","85.2","0","5.6","1.9","3.7","0","0","1.9","0","0","0","1.9","3","54","85998","  3"
"2025-26","Fall","FST","2024","Raw to Burnt: Exploring Foods","Hurley","3.78","85.2","0","5.6","1.9","3.7","0","0","1.9","0","0","0","1.9","3","54","85998","  3"
"2025-26","Fall","FST","2244","Topics in FST","Wiersema","4","100","0","0","0","0","0","0","0","0","0","0","0","0","11","85999","  1"
"2025-26","Fall","FST","2424","Intro Food & Bev Fermentation","Hurley","3.71","83.3","5.6","0","5.6","0","0","0","0","0","0","0","5.6","0","18","91459","  3"
"2025-26","Fall","FST","2544","Functional Foods for Health","Stewart","3.93","84.2","10.5","5.3","0","0","0","0","0","0","0","0","0","0","38","86001","  3"
"2025-26","Fall","FST","3124","Brewing Science and Technology","O'Keefe","3.84","88.1","0","4.2","3.6","0","1.2","1.8","0","0","1.2","0","0","2","168","86004","  3"
"2025-26","Fall","FST","4004","Food Science Exp Learning","Bruce","4","100","0","0","0","0","0","0","0","0","0","0","0","0","5","91462","  1"
"2025-26","Fall","FST","4304","Food Processing","Huang","2.91","28.6","0","10.7","17.9","3.6","14.3","17.9","3.6","0","3.6","0","0","0","28","86008","  3"
"2025-26","Fall","FST","4314","Food Processing Laboratory","Wiersema","3.3","50","0","0","30","0","0","20","0","0","0","0","0","0","10","86010","  1"
"2025-26","Fall","FST","4314","Food Processing Laboratory","Wiersema","3.19","37.5","0","0","43.8","0","0","18.8","0","0","0","0","0","0","16","86009","  1"
"2025-26","Fall","FST","4504","Food Chemistry","Yin","3.58","62.9","0","2.9","25.7","2.9","2.9","2.9","0","0","0","0","0","0","35","86011","  3"
"2025-26","Fall","FST","4534","Food Chemistry Lab","Yin","3.67","66.7","0","0","33.3","0","0","0","0","0","0","0","0","0","12","86012","  1"
"2025-26","Fall","FST","4534","Food Chemistry Lab","Yin","3.85","85","0","0","15","0","0","0","0","0","0","0","0","0","20","86013","  1"
"2025-26","Fall","FST","4634","Epidemiology Foodborne Disease","Ponder","3.09","10","20","30","10","20","0","0","5","0","0","5","0","0","20","86014","  3"
"2025-26","Fall","FST","4994","Undergraduate Research","Cheng","4","100","0","0","0","0","0","0","0","0","0","0","0","0","18","86016","  2"
"2025-26","Fall","FST","4994","Undergraduate Research","Cladis","4","100","0","0","0","0","0","0","0","0","0","0","0","0","9","86016","  2"
"2025-26","Fall","FST","4994","Undergraduate Research","O'Keefe","4","100","0","0","0","0","0","0","0","0","0","0","0","0","9","86016","  2"
"2025-26","Fall","FST","4994","Undergraduate Research","Ponder","4","100","0","0","0","0","0","0","0","0","0","0","0","0","9","86016","  2"
"2025-26","Fall","FST","4994","Undergraduate Research","Strawn","4","100","0","0","0","0","0","0","0","0","0","0","0","0","9","86016","  2"
"2025-26","Fall","FST","4994","Undergraduate Research","Vieira Carneiro","4","100","0","0","0","0","0","0","0","0","0","0","0","0","9","86016","  2"
"2025-26","Fall","FST","5624","Appl Food Micro & Sanitation","Strawn","3.77","53.8","23.1","23.1","0","0","0","0","0","0","0","0","0","0","13","90958","  3"
"2025-26","Fall","FST","5734","Data Analytics for Food and Ag","Lahne","3.92","90","0","5","5","0","0","0","0","0","0","0","0","0","20","86021","  3"
"2025-26","Fall","GBCB","5004","Seminar in GBCB","Mukhopadhyay","4","100","0","0","0","0","0","0","0","0","0","0","0","0","6","86031","  1"
"2025-26","Fall","GBCB","5874","Prob Solving GBCB","Colla'kova'","4","100","0","0","0","0","0","0","0","0","0","0","0","0","7","86033","  3"
"2025-26","Fall","GEOG","1004","Intro Human Geography","Oliver","3.37","34.8","22.3","8","17.9","6.3","2.7","4.5","0","1.8","0.9","0","0.9","2","112","86036","  3"
"2025-26","Fall","GEOG","1004","Intro Human Geography","Oliver","3.3","33.3","24.6","5.8","13","10.1","4.3","2.9","0","0","1.4","4.3","0","3","69","91960","  3"
"2025-26","Fall","GEOG","1014","World Regions","Widener","3.86","92.1","0","0","4.6","0","0","2.1","0","0","0","0","1.3","1","240","86037","  3"
"2025-26","Fall","GEOG","1014","World Regions","Galappaththi","3.59","68.7","1.5","11.9","6","1.5","4.5","0","0","4.5","0","1.5","0","1","67","91943","  3"
"2025-26","Fall","GEOG","1104","Intro Environmental Geography","Kennedy","3.56","68.6","11.8","2","3.9","0","3.9","0","2","2","2","3.9","0","1","51","86038","  3"
"2025-26","Fall","GEOG","1115","Seeking Sustainability","Baird","3.44","28","32","12","16","2","8","0","0","2","0","0","0","1","50","86039","  3"
"2025-26","Fall","GEOG","1504","Survey of Meteorology","Gutter","3.86","84.8","9.1","3","0","0","0","0","0","0","3","0","0","0","33","86040","  1"
"2025-26","Fall","GEOG","1514","Introduction to Meteorology","Ramseyer","3.37","40.4","10.1","9","24.7","6.7","1.1","4.5","1.1","1.1","1.1","0","0","1","89","86041","  3"
"2025-26","Fall","GEOG","1524","Intro Earths Climate","Ellis","3.67","58.6","18.6","7.1","8.6","1.4","1.4","1.4","2.9","0","0","0","0","0","70","86042","  3"
"2025-26","Fall","GEOG","2004","Water, Environment & Society","Juran","3.61","45.5","18.2","9.1","27.3","0","0","0","0","0","0","0","0","0","22","86043","  3"
"2025-26","Fall","GEOG","2014","Health and Place: Health Geog","Kolivras","3.62","41.7","22.2","19.4","13.9","2.8","0","0","0","0","0","0","0","0","36","86044","  3"
"2025-26","Fall","GEOG","2034","Geography of Global Conflict","Stiles","3.88","85.7","0","7.1","7.1","0","0","0","0","0","0","0","0","0","14","86045","  3"
"2025-26","Fall","GEOG","2054","Introduction to World Politics","Thomas","3.5","41.7","8.3","16.7","25","8.3","0","0","0","0","0","0","0","0","12","86046","  3"
"2025-26","Fall","GEOG","2064","Global Econ and World Politics","Poets","3.51","25","50","12.5","0","0","0","12.5","0","0","0","0","0","0","8","86048","  3"
"2025-26","Fall","GEOG","2084","Principles of GIS","Lyu","3.86","72.2","16.7","5.6","5.6","0","0","0","0","0","0","0","0","1","18","86050","  3"
"2025-26","Fall","GEOG","2084","Principles of GIS","Starner","3.86","72.2","16.7","5.6","5.6","0","0","0","0","0","0","0","0","1","18","86050","  3"
"2025-26","Fall","GEOG","2084","Principles of GIS","Lyu","3.33","65","10","5","0","5","0","0","0","5","0","0","10","2","20","86056","  3"
"2025-26","Fall","GEOG","2084","Principles of GIS","Starner","3.33","65","10","5","0","5","0","0","0","5","0","0","10","2","20","86056","  3"
"2025-26","Fall","GEOG","2084","Principles of GIS","Garza","3.5","50","13.6","18.2","4.5","0","4.5","4.5","0","4.5","0","0","0","0","22","86054","  3"
"2025-26","Fall","GEOG","2084","Principles of GIS","Lyu","3.11","45.5","4.5","0","13.6","9.1","13.6","4.5","0","0","0","9.1","0","2","22","86051","  3"
"2025-26","Fall","GEOG","2084","Principles of GIS","Lyu","3.61","59.1","9.1","4.5","13.6","9.1","4.5","0","0","0","0","0","0","0","22","86052","  3"
"2025-26","Fall","GEOG","2084","Principles of GIS","Lyu","3.5","50","13.6","18.2","4.5","0","4.5","4.5","0","4.5","0","0","0","0","22","86054","  3"
"2025-26","Fall","GEOG","2084","Principles of GIS","Starner","3.11","45.5","4.5","0","13.6","9.1","13.6","4.5","0","0","0","9.1","0","2","22","86051","  3"
"2025-26","Fall","GEOG","2084","Principles of GIS","Starner","3.61","59.1","9.1","4.5","13.6","9.1","4.5","0","0","0","0","0","0","0","22","86052","  3"
"2025-26","Fall","GEOG","2084","Principles of GIS","Starner","3.5","50","13.6","18.2","4.5","0","4.5","4.5","0","4.5","0","0","0","0","22","86054","  3"
"2025-26","Fall","GEOG","2084","Principles of GIS","Garza","3.65","46.7","26.7","10","6.7","10","0","0","0","0","0","0","0","1","30","86055","  3"
"2025-26","Fall","GEOG","2084","Principles of GIS","Lyu","3.65","46.7","26.7","10","6.7","10","0","0","0","0","0","0","0","1","30","86055","  3"
"2025-26","Fall","GEOG","2084","Principles of GIS","Starner","3.65","46.7","26.7","10","6.7","10","0","0","0","0","0","0","0","1","30","86055","  3"
"2025-26","Fall","GEOG","2084","Principles of GIS","Garza","3.42","43.8","21.9","3.1","15.6","3.1","6.3","3.1","0","0","0","0","3.1","0","32","86053","  3"
"2025-26","Fall","GEOG","2084","Principles of GIS","Lyu","3.42","43.8","21.9","3.1","15.6","3.1","6.3","3.1","0","0","0","0","3.1","0","32","86053","  3"
"2025-26","Fall","GEOG","2084","Principles of GIS","Starner","3.42","43.8","21.9","3.1","15.6","3.1","6.3","3.1","0","0","0","0","3.1","0","32","86053","  3"
"2025-26","Fall","GEOG","2114","Intro to Coastal Regions","Bukvic","3.91","81","14.3","0","4.8","0","0","0","0","0","0","0","0","0","21","86057","  3"
"2025-26","Fall","GEOG","2314","Maps and Mapping","Scales","3.28","35.4","15.4","15.4","9.2","4.6","6.2","9.2","1.5","0","3.1","0","0","3","65","86058","  3"
"2025-26","Fall","GEOG","2505","Weather Analysis I","Gutter","2.84","27.8","8.3","8.3","5.6","11.1","11.1","11.1","8.3","0","5.6","0","2.8","0","36","86059","  3"
"2025-26","Fall","GEOG","3034","The CIA in Todays World","Stiles","2.75","0","12.5","37.5","12.5","12.5","0","0","12.5","0","12.5","0","0","0","8","86064","  3"
"2025-26","Fall","GEOG","3234","Geography of Virginia","Scales","3.75","72","8","4","12","0","0","4","0","0","0","0","0","0","25","90904","  3"
"2025-26","Fall","GEOG","3314","Cartography","Scales","3.11","31.8","4.5","18.2","9.1","9.1","18.2","0","4.5","4.5","0","0","0","0","22","86067","  3"
"2025-26","Fall","GEOG","3314","Cartography","Scales","3.23","33.3","11.1","22.2","14.8","3.7","3.7","3.7","0","3.7","0","0","3.7","0","27","86066","  3"
"2025-26","Fall","GEOG","3404","Mountain Geography","Resler","3.7","72.2","5.6","5.6","5.6","0","11.1","0","0","0","0","0","0","0","18","90871","  3"
"2025-26","Fall","GEOG","3515","Dynamic Meteorology","Zick","3.68","62.1","10.3","3.4","17.2","6.9","0","0","0","0","0","0","0","0","29","86069","  3"
"2025-26","Fall","GEOG","4044","Biogeography","Resler","3.9","90","0","0","10","0","0","0","0","0","0","0","0","0","10","86071","  3"
"2025-26","Fall","GEOG","4084","Modeling with GIS","Rijal","3.57","43.1","23.5","17.6","7.8","0","0","7.8","0","0","0","0","0","0","51","86072","  3"
"2025-26","Fall","GEOG","4134","Issues & Ethics in Water Res.","Juran","3.73","42.9","42.9","0","14.3","0","0","0","0","0","0","0","0","0","7","86073","  3"
"2025-26","Fall","GEOG","4304","Geospatial Anal Mobility","Kim","3.83","81.5","3.7","3.7","3.7","7.4","0","0","0","0","0","0","0","0","27","91929","  3"
"2025-26","Fall","GEOG","4354","Introduction to Remote Sensing","Rijal","3.58","53.3","13.3","13.3","0","13.3","6.7","0","0","0","0","0","0","0","15","86076","  3"
"2025-26","Fall","GEOG","4354","Introduction to Remote Sensing","Rijal","3.29","56.3","18.8","6.3","0","0","6.3","0","0","0","0","0","12.5","0","16","86077","  3"
"2025-26","Fall","GEOG","4354","Introduction to Remote Sensing","Rijal","3.77","76","4","8","8","0","0","4","0","0","0","0","0","0","25","86078","  3"
"2025-26","Fall","GEOG","4394","Introduction to Web Mapping","Starner","3.9","90","0","0","10","0","0","0","0","0","0","0","0","1","30","91957","  3"
"2025-26","Fall","GEOG","4504","Synoptic Meteorology","Ramseyer","3.42","53.1","3.1","6.3","21.9","3.1","6.3","3.1","0","0","3.1","0","0","0","32","86079","  3"
"2025-26","Fall","GEOG","4984","SS: Atmospheric Remote Sensing","Gutter","3.29","40","10","10","10","15","5","0","10","0","0","0","0","1","20","92014","  3"
"2025-26","Fall","GEOG","5014","Geographic Theory and Research","Crawford","4","100","0","0","0","0","0","0","0","0","0","0","0","0","14","86103","  3"
"2025-26","Fall","GEOG","5064","Elements of GIS","Lyu","3.84","62.5","25","12.5","0","0","0","0","0","0","0","0","0","0","8","86104","  3"
"2025-26","Fall","GEOG","5064","Elements of GIS","Starner","3.84","62.5","25","12.5","0","0","0","0","0","0","0","0","0","0","8","86104","  3"
"2025-26","Fall","GEOG","5084","Advanced Modeling with GIS","Rijal","3.94","80","20","0","0","0","0","0","0","0","0","0","0","0","5","86105","  3"
"2025-26","Fall","GEOG","5164","Adv Qual Meth & Ethics in Geog","Galappaththi","4","100","0","0","0","0","0","0","0","0","0","0","0","0","10","91938","  3"
"2025-26","Fall","GEOG","5304","Adv Geospatial Anal Mobility","Kim","3.92","75","25","0","0","0","0","0","0","0","0","0","0","0","8","91930","  3"
"2025-26","Fall","GEOS","1004","Introduction to Earth Science","Haines","2.83","13.2","12.6","15","14.4","10.8","10.8","8.4","9","2.4","1.8","0","1.8","6","167","86142","  3"
"2025-26","Fall","GEOS","1004","Introduction to Earth Science","Neser","3.85","83.2","8.1","3.7","1.3","1","0.3","0.3","0.7","0","0.3","0","1","0","298","86144","  3"
"2025-26","Fall","GEOS","1004","Introduction to Earth Science","Johnson","2.71","14.9","6.4","2.1","23.4","12.8","12.8","10.6","12.8","2.1","0","2.1","0","0","47","86143","  3"
"2025-26","Fall","GEOS","1024","Earth Resources, Soc, & Env","Neser","3.89","89.3","3","3","3","0","0","0.5","0","0","0","0","1","1","197","86147","  3"
"2025-26","Fall","GEOS","1024","Earth Resources, Soc, & Env","Chermak","3.58","46.7","16.7","13.3","16.7","3.3","0","3.3","0","0","0","0","0","2","30","86146","  3"
"2025-26","Fall","GEOS","1024","Earth Resources, Soc, & Env","Chermak","3.8","65.6","18.8","7.8","6.3","0","0","1.6","0","0","0","0","0","0","64","86145","  3"
"2025-26","Fall","GEOS","1034","Earths Natural Hazards","Johnson","2.61","10.3","6.9","0","27.6","13.8","13.8","13.8","6.9","0","3.4","0","3.4","1","29","86148","  3"
"2025-26","Fall","GEOS","1034","Earths Natural Hazards","Willis","2.95","9.2","13.2","13.2","25","11.8","17.1","9.2","0","0","0","1.3","0","1","76","86149","  3"
"2025-26","Fall","GEOS","1034","Earths Natural Hazards","Zhou","3.73","84.6","0","0","8.8","0","0","3.3","0","0","1.1","0","2.2","0","91","86150","  3"
"2025-26","Fall","GEOS","1054","Age of Dinosaurs","Stocker","3.41","17","38.3","19.1","13.8","4.3","1.1","4.3","2.1","0","0","0","0","1","94","86151","  3"
"2025-26","Fall","GEOS","1064","Climate History","Neser","3.44","37.6","21.5","16.1","12.9","4.3","2.2","2.2","0","1.1","0","0","2.2","1","93","86152","  3"
"2025-26","Fall","GEOS","1104","Intro to Earth Sciences Lab","Chermak","3.24","31.8","9.1","27.3","9.1","9.1","9.1","0","0","0","0","0","4.5","0","22","86153","  1"
"2025-26","Fall","GEOS","1104","Intro to Earth Sciences Lab","Chermak","3.47","36.4","13.6","18.2","22.7","4.5","4.5","0","0","0","0","0","0","0","22","86158","  1"
"2025-26","Fall","GEOS","1104","Intro to Earth Sciences Lab","Chermak","3.8","69.6","17.4","8.7","0","0","0","4.3","0","0","0","0","0","0","23","91248","  1"
"2025-26","Fall","GEOS","1104","Intro to Earth Sciences Lab","Chermak","3.79","50","37.5","8.3","4.2","0","0","0","0","0","0","0","0","0","24","86154","  1"
"2025-26","Fall","GEOS","1104","Intro to Earth Sciences Lab","Chermak","3.85","66.7","20.8","12.5","0","0","0","0","0","0","0","0","0","0","24","86159","  1"
"2025-26","Fall","GEOS","1104","Intro to Earth Sciences Lab","Chermak","3.87","84","4","4","4","4","0","0","0","0","0","0","0","0","25","86157","  1"
"2025-26","Fall","GEOS","1124","Earth Res, Society & Env Lab","Chermak","3.75","66.7","8.3","8.3","16.7","0","0","0","0","0","0","0","0","0","12","86161","  1"
"2025-26","Fall","GEOS","1124","Earth Res, Society & Env Lab","Chermak","3.91","87.5","0","12.5","0","0","0","0","0","0","0","0","0","0","8","86160","  1"
"2025-26","Fall","GEOS","2014","Mission to the Planets","King","3.74","60.8","20.6","5.2","7.2","4.1","1","0","1","0","0","0","0","0","97","86162","  3"
"2025-26","Fall","GEOS","2024","Earth's Dynamic Systems","Monarrez","3.35","21.4","14.3","42.9","7.1","7.1","0","7.1","0","0","0","0","0","0","14","86163","  6"
"2025-26","Fall","GEOS","2024","Earth's Dynamic Systems","Monarrez","3.22","42.9","7.1","7.1","14.3","21.4","0","0","0","0","0","0","7.1","0","14","86164","  6"
"2025-26","Fall","GEOS","2024","Earth's Dynamic Systems","Nesbitt","3.35","21.4","14.3","42.9","7.1","7.1","0","7.1","0","0","0","0","0","0","14","86163","  6"
"2025-26","Fall","GEOS","2024","Earth's Dynamic Systems","Nesbitt","3.22","42.9","7.1","7.1","14.3","21.4","0","0","0","0","0","0","7.1","0","14","86164","  6"
"2025-26","Fall","GEOS","2104","Elements of Geology","Haines","3.57","64.7","0","11.8","5.9","11.8","0","0","5.9","0","0","0","0","0","17","86171","  3"
"2025-26","Fall","GEOS","2104","Elements of Geology","Haines","3.42","40","20","15","0","20","0","0","0","0","5","0","0","0","20","86172","  3"
"2025-26","Fall","GEOS","2104","Elements of Geology","Haines","3.58","45.8","20.8","8.3","8.3","16.7","0","0","0","0","0","0","0","0","24","86166","  3"
"2025-26","Fall","GEOS","2104","Elements of Geology","Haines","3.65","62.5","0","16.7","12.5","8.3","0","0","0","0","0","0","0","0","24","86168","  3"
"2025-26","Fall","GEOS","2104","Elements of Geology","Haines","3.68","62.5","8.3","8.3","16.7","0","4.2","0","0","0","0","0","0","0","24","86173","  3"
"2025-26","Fall","GEOS","2104","Elements of Geology","Haines","3.42","44","16","12","8","16","0","0","0","0","0","0","4","0","25","86170","  3"
"2025-26","Fall","GEOS","2104","Elements of Geology","Haines","3.83","61.5","30.8","3.8","0","3.8","0","0","0","0","0","0","0","0","26","86169","  3"
"2025-26","Fall","GEOS","2964","FS: Found GeoHokie Success","Newcomer","4","100","0","0","0","0","0","0","0","0","0","0","0","0","8","91839","  1"
"2025-26","Fall","GEOS","3204","Sedimentology-Stratigraphy","Cisneros","3.06","18.2","18.2","9.1","9.1","18.2","18.2","9.1","0","0","0","0","0","0","11","86177","  3"
"2025-26","Fall","GEOS","3204","Sedimentology-Stratigraphy","Eriksson","3.57","23.1","38.5","23.1","15.4","0","0","0","0","0","0","0","0","0","13","86176","  3"
"2025-26","Fall","GEOS","3204","Sedimentology-Stratigraphy","Cisneros","2.67","6.3","25","18.8","25","0","0","6.3","0","0","0","0","18.8","1","16","86175","  3"
"2025-26","Fall","GEOS","3504","Mineralogy","Ross","3.24","25","18.8","12.5","6.3","25","6.3","6.3","0","0","0","0","0","0","16","86182","  3"
"2025-26","Fall","GEOS","3504","Mineralogy","Ross","3.21","0","30","15","45","5","5","0","0","0","0","0","0","0","20","86181","  3"
"2025-26","Fall","GEOS","3504","Mineralogy","Ross","3.13","11.1","33.3","0","22.2","22.2","0","0","11.1","0","0","0","0","0","9","86180","  3"
"2025-26","Fall","GEOS","3614","Soils","Possinger","3.95","84.6","15.4","0","0","0","0","0","0","0","0","0","0","0","13","86183","  3"
"2025-26","Fall","GEOS","4134","Issues & Ethics in Water Res.","Juran","3.94","80","20","0","0","0","0","0","0","0","0","0","0","0","5","86193","  3"
"2025-26","Fall","GEOS","4254","Earth System History","Xiao","3.73","42.9","42.9","7.1","0","7.1","0","0","0","0","0","0","0","0","14","86196","  3"
"2025-26","Fall","GEOS","4314","Coastal Hazards","Dura","3.84","73.7","10.5","10.5","5.3","0","0","0","0","0","0","0","0","0","19","86197","  3"
"2025-26","Fall","GEOS","4354","Introduction to Remote Sensing","Rijal","3.8","80","0","0","20","0","0","0","0","0","0","0","0","0","5","86198","  3"
"2025-26","Fall","GEOS","4634","Environmental Geochemistry","Gill","3.42","41.2","23.5","5.9","5.9","11.8","0","5.9","5.9","0","0","0","0","0","17","86201","  3"
"2025-26","Fall","GEOS","4714","Volcanic Processes","Moore","3.91","90.9","0","0","9.1","0","0","0","0","0","0","0","0","0","11","92065","  3"
"2025-26","Fall","GEOS","4804","Groundwater Hydrology","Schreiber","3.74","70.6","5.9","11.8","5.9","0","5.9","0","0","0","0","0","0","0","17","86202","  3"
"2025-26","Fall","GEOS","4804","Groundwater Hydrology","Schreiber","3.15","25","15","15","10","20","5","5","0","0","5","0","0","0","20","86203","  3"
"2025-26","Fall","GEOS","4944","SA: Terroir and Wine","Chermak","4","100","0","0","0","0","0","0","0","0","0","0","0","0","13","86205","  2"
"2025-26","Fall","GEOS","4944","SA: Volcanism in Europe","Stamps","4","100","0","0","0","0","0","0","0","0","0","0","0","0","13","86204","  2"
"2025-26","Fall","GEOS","4954","SA: Geoarchaeology","Ross","4","100","0","0","0","0","0","0","0","0","0","0","0","0","13","86206","  2"
"2025-26","Fall","GEOS","4964","FW: Alpine Metamorphism","Caddick","3.65","30.8","46.2","15.4","0","7.7","0","0","0","0","0","0","0","0","13","86209","  2"
"2025-26","Fall","GEOS","4964","FW: Alpine Stratigraphy","Eriksson","3.86","53.8","46.2","0","0","0","0","0","0","0","0","0","0","0","13","86207","  2"
"2025-26","Fall","GEOS","4964","FW: Alpine Structural Geology","Law","3.65","30.8","46.2","15.4","0","7.7","0","0","0","0","0","0","0","0","13","86210","  2"
"2025-26","Fall","GEOS","5014","Earth System History","Xiao","4","100","0","0","0","0","0","0","0","0","0","0","0","0","5","86227","  3"
"2025-26","Fall","GEOS","5264","Advanced Sedimentary Basins","Romans","3.97","88.9","11.1","0","0","0","0","0","0","0","0","0","0","0","9","91204","  3"
"2025-26","Fall","GEOS","5314","Advanced Coastal Hazards","Dura","4","100","0","0","0","0","0","0","0","0","0","0","0","0","7","86231","  3"
"2025-26","Fall","GEOS","5634","Adv Environmental Geochemistry","Gill","4","100","0","0","0","0","0","0","0","0","0","0","0","0","6","86234","  3"
"2025-26","Fall","GEOS","5984","SS: GEO Data Science w/Python","Werth","3.87","70","20","10","0","0","0","0","0","0","0","0","0","0","10","92003","  3"
"2025-26","Fall","GEOS","5984","SS: Statistics in Geosciences","Shirzaei","4","100","0","0","0","0","0","0","0","0","0","0","0","0","8","92067","  3"
"2025-26","Fall","GEOS","6104","TS: Geosciences and AI","Weiss","4","100","0","0","0","0","0","0","0","0","0","0","0","0","5","92211","  2"
"2025-26","Fall","GEOS","6104","TS: Remote Sensing Water Cycle","Allen","3.49","57.1","28.6","0","0","0","0","0","0","0","14.3","0","0","0","7","86240","  3"
"2025-26","Fall","GER","1105","Elementary German","Bauer","3.19","18.2","27.3","9.1","18.2","9.1","9.1","0","9.1","0","0","0","0","1","11","86250","  3"
"2025-26","Fall","GER","1105","Elementary German","Klausmeyer","2.96","50","0","0","12.5","12.5","4.2","4.2","0","0","4.2","4.2","8.3","1","24","86251","  3"
"2025-26","Fall","GER","2105","Intermediate German","Hofer","3.26","25","25","6.3","12.5","12.5","12.5","6.3","0","0","0","0","0","0","16","86252","  3"
"2025-26","Fall","GER","3105","Gram/Comp/Conv","Bauer","2.85","18.8","0","6.3","18.8","25","25","0","0","6.3","0","0","0","0","16","86258","  3"
"2025-26","Fall","GER","3204","German Culture","Hofer","3.59","50","0","28.6","21.4","0","0","0","0","0","0","0","0","0","14","86259","  3"
"2025-26","Fall","GER","3305","TS: Revolution","Klausmeyer","3.58","53.8","7.7","15.4","15.4","0","7.7","0","0","0","0","0","0","0","13","86260","  3"
"2025-26","Fall","GIA","5115","Research Methods I","Briceno Mosquera","3.3","50","25","0","12.5","0","0","0","0","0","0","0","12.5","0","8","86270","  3"
"2025-26","Fall","GIA","5374","Electronic Governance","Brantly","3.59","50","12.5","12.5","12.5","12.5","0","0","0","0","0","0","0","0","8","86275","  3"
"2025-26","Fall","GIA","5374","Electronic Governance","Brantly","3.74","55.6","22.2","11.1","11.1","0","0","0","0","0","0","0","0","0","9","86274","  3"
"2025-26","Fall","GIA","5444","International Politics","Levinson","3.3","17.6","41.2","17.6","11.8","0","5.9","0","0","0","0","0","5.9","0","17","86276","  3"
"2025-26","Fall","GIA","5464","Qual Res Meth In Glob Studies","Ahram","3.34","14.3","28.6","0","57.1","0","0","0","0","0","0","0","0","0","7","86279","  3"
"2025-26","Fall","GIA","5464","Qual Res Meth In Glob Studies","Ahram","3.41","11.1","33.3","22.2","33.3","0","0","0","0","0","0","0","0","0","9","86280","  3"
"2025-26","Fall","GIA","5504","Discourse Analysis","Toal","3.6","12.5","62.5","12.5","12.5","0","0","0","0","0","0","0","0","0","8","86282","  3"
"2025-26","Fall","GIA","5524","Internat Development","Datz","3.46","46.2","23.1","23.1","0","0","0","0","0","0","0","0","7.7","0","13","86284","  3"
"2025-26","Fall","GIA","6114","Critical Geopolitics","Toal","3.85","50","50","0","0","0","0","0","0","0","0","0","0","0","6","92053","  3"
"2025-26","Fall","GR","1105","Class and NT Greek","Becker","3.86","75","12.5","6.3","6.3","0","0","0","0","0","0","0","0","0","16","86325","  3"
"2025-26","Fall","GR","2104","Greek New Testament","Becker","4","100","0","0","0","0","0","0","0","0","0","0","0","0","7","86327","  3"
"2025-26","Fall","GRAD","5104","Preparing Future Professoriate","Surprenant","4","100","0","0","0","0","0","0","0","0","0","0","0","0","45","86341","  3"
"2025-26","Fall","GRAD","5114","Contemporary Pedagogy","Warnick","3.97","91.7","8.3","0","0","0","0","0","0","0","0","0","0","0","12","86343","  3"
"2025-26","Fall","GRAD","5114","Contemporary Pedagogy","Warnick","3.96","91.9","5.4","0","2.7","0","0","0","0","0","0","0","0","0","37","91915","  3"
"2025-26","Fall","GRAD","5124","Grad Library Research Skills","Over","3.87","66.7","25","8.3","0","0","0","0","0","0","0","0","0","0","12","86346","  1"
"2025-26","Fall","GRAD","5124","Grad Library Research Skills","Russell","4","100","0","0","0","0","0","0","0","0","0","0","0","0","5","86345","  1"
"2025-26","Fall","GRAD","5134","TS:  IGEP Remote Sensing","Wynne","4","100","0","0","0","0","0","0","0","0","0","0","0","0","10","86348","  1"
"2025-26","Fall","GRAD","5134","TS: Regen Med: Sci & Socy","Shew","4","100","0","0","0","0","0","0","0","0","0","0","0","0","6","92345","  2"
"2025-26","Fall","GRAD","5134","TS: Computational Tissue Engr","Rajagopalan","4","100","0","0","0","0","0","0","0","0","0","0","0","0","9","91257","  3"
"2025-26","Fall","GRAD","5144","Communicating Science","Kroehler","4","100","0","0","0","0","0","0","0","0","0","0","0","0","18","86354","  2"
"2025-26","Fall","GRAD","5144","Communicating Science","Kroehler","4","100","0","0","0","0","0","0","0","0","0","0","0","0","18","86355","  2"
"2025-26","Fall","GRAD","5214","Diversity for Global Society","Cotrupi","4","100","0","0","0","0","0","0","0","0","0","0","0","0","11","86356","  3"
"2025-26","Fall","HD","1004","Childhood and Adolescence","Choi","3.61","56.2","15.7","10.7","4.1","7.4","3.3","0.8","0","0","0.8","0","0.8","0","121","86386","  3"
"2025-26","Fall","HD","1004","Childhood and Adolescence","Colbert","3.58","58.6","15.7","11.4","1.4","4.3","2.9","0","1.4","0","2.9","0","1.4","1","70","86387","  3"
"2025-26","Fall","HD","1004","Childhood and Adolescence","Hornburg","3.7","65.4","14.1","6.4","5.1","2.6","2.6","2.6","1.3","0","0","0","0","0","78","86388","  3"
"2025-26","Fall","HD","1014","Intro to HDFS First Year Exp","Ballard","3.79","81","0","7.6","10.1","0","0","0","0","0","0","0","1.3","0","79","86389","  1"
"2025-26","Fall","HD","1034","The Connection Project","Driscoll","3.72","88.9","0","0","0","0","0","5.6","0","0","5.6","0","0","0","18","92165","  1"
"2025-26","Fall","HD","1034","The Connection Project","Driscoll","4","100","0","0","0","0","0","0","0","0","0","0","0","0","19","92166","  1"
"2025-26","Fall","HD","1034","The Connection Project","Driscoll","3.9","90","0","0","10","0","0","0","0","0","0","0","0","0","20","92164","  1"
"2025-26","Fall","HD","1134","Intro to Disabilities Studies","Lael","3.59","53.3","17.2","13.1","8.2","1.6","1.6","1.6","0.8","0.8","0.8","0","0.8","1","122","86390","  3"
"2025-26","Fall","HD","1134","Intro to Disabilities Studies","Toman","3.89","89.9","2.5","3.8","0","1.3","0","0","1.3","1.3","0","0","0","1","79","86391","  3"
"2025-26","Fall","HD","2004","Adulthood and Aging","Komelski","3.61","57.3","16.9","12.4","4.5","4.5","0","1.1","0","0","1.1","0","2.2","0","89","86392","  3"
"2025-26","Fall","HD","2014","Integrative Health Practices","Komelski","3.54","58.7","10.7","9.3","4","5.3","5.3","4","1.3","0","0","0","1.3","0","75","91635","  3"
"2025-26","Fall","HD","2104","Quantitative Community Researc","Stilley","3.64","60","10","0","20","10","0","0","0","0","0","0","0","0","10","86396","  3"
"2025-26","Fall","HD","2104","Quantitative Community Researc","Stilley","3.34","40","0","20","0","40","0","0","0","0","0","0","0","0","5","86395","  3"
"2025-26","Fall","HD","2104","Quantitative Community Researc","Roos","2.88","37.5","0","0","25","12.5","12.5","0","0","0","0","0","12.5","0","8","91860","  3"
"2025-26","Fall","HD","2304","Family Relationships","Sanner","3.55","44.1","21.6","15.7","8.8","3.9","2","2","0","1","0","0","1","0","102","86397","  3"
"2025-26","Fall","HD","2314","Human Sexuality","Wesche","3.33","40.9","25","0","13.6","6.8","2.3","2.3","2.3","0","2.3","2.3","2.3","0","44","86398","  3"
"2025-26","Fall","HD","2314","Human Sexuality","Wesche","3.34","47.9","11","13.7","4.1","8.2","2.7","2.7","2.7","1.4","2.7","1.4","1.4","5","73","91636","  3"
"2025-26","Fall","HD","2335","Principles of Human Services","Lael","3.75","70.3","12.6","3.6","9","1.8","0.9","0.9","0","0","0","0","0.9","1","111","86399","  3"
"2025-26","Fall","HD","2336","Principles of Human Services","Henderson","3.91","86.7","3.3","6.7","3.3","0","0","0","0","0","0","0","0","0","30","86401","  3"
"2025-26","Fall","HD","2336","Principles of Human Services","Henderson","3.74","81.8","3","3","0","3","0","6.1","3","0","0","0","0","0","33","86400","  3"
"2025-26","Fall","HD","3014","Research Methods in Human Dev","Katz","3.37","28.3","26.7","8.3","16.7","8.3","8.3","0","3.3","0","0","0","0","0","60","86403","  3"
"2025-26","Fall","HD","3144","Educ Excptnl Learners","Williams","4","100","0","0","0","0","0","0","0","0","0","0","0","0","7","86404","  3"
"2025-26","Fall","HD","3144","Educ Excptnl Learners","Williams","4","100","0","0","0","0","0","0","0","0","0","0","0","0","7","86405","  3"
"2025-26","Fall","HD","3214","Infancy and Early Childhood","Gardner","3.85","87.8","4.1","2","4.1","0","0","0","0","0","0","0","2","0","49","86406","  3"
"2025-26","Fall","HD","3964","FW: TCP Facilitators","Driscoll","4","100","0","0","0","0","0","0","0","0","0","0","0","0","13","92051","  3"
"2025-26","Fall","HD","3964","FW: The Conn. Proj. Training","Driscoll","4","100","0","0","0","0","0","0","0","0","0","0","0","0","9","86408","  3"
"2025-26","Fall","HD","4324","Advanced Family Relationships","Grafsky","3.52","41.3","28.6","7.9","9.5","6.3","1.6","1.6","1.6","0","0","0","1.6","1","63","86410","  3"
"2025-26","Fall","HD","4334","Addiction And Family","Case Pease","3.72","66.7","11.1","11.1","0","5.6","5.6","0","0","0","0","0","0","0","18","86411","  3"
"2025-26","Fall","HD","4714","Senior Capstone Seminar","Komelski","3.74","74.2","3.2","6.5","6.5","6.5","3.2","0","0","0","0","0","0","0","31","86414","  3"
"2025-26","Fall","HD","4714","Senior Capstone Seminar","Case Pease","3.82","65.9","22","4.9","4.9","2.4","0","0","0","0","0","0","0","0","41","86413","  3"
"2025-26","Fall","HD","4714","Senior Capstone Seminar","Hornburg","3.88","78.6","7.1","14.3","0","0","0","0","0","0","0","0","0","0","42","86412","  3"
"2025-26","Fall","HD","4964","Field Study","Gardner","3.4","92.3","0","0","0","0","0","0","0","0","0","0","7.7","0","13","86416","  1"
"2025-26","Fall","HD","4964","Field Study","Henderson","3.72","86.4","6.8","0","0","0","1.7","0","0","1.7","0","0","3.4","0","59","86415","  3"
"2025-26","Fall","HD","4964","Field Study","Culligan","4","100","0","0","0","0","0","0","0","0","0","0","0","0","7","86417","  3"
"2025-26","Fall","HD","4994","UR: Children & Technology","Choi","4","100","0","0","0","0","0","0","0","0","0","0","0","0","10","86424","  1"
"2025-26","Fall","HD","4994","UR: Learning & Development","Hornburg","3.94","80","20","0","0","0","0","0","0","0","0","0","0","0","10","86425","  1"
"2025-26","Fall","HD","4994","UR: Lifespan Exec. Function","Katz","4","100","0","0","0","0","0","0","0","0","0","0","0","0","11","86422","  1"
"2025-26","Fall","HD","4994","Undergraduate Research","Bradburn","4","100","0","0","0","0","0","0","0","0","0","0","0","0","6","86428","  2"
"2025-26","Fall","HD","4994","UR: Children's Emotion Lab","Smith","4","100","0","0","0","0","0","0","0","0","0","0","0","0","8","86423","  1"
"2025-26","Fall","HD","5005","Theories in HDFS","Katz","3.93","76.2","23.8","0","0","0","0","0","0","0","0","0","0","0","21","90886","  3"
"2025-26","Fall","HD","5324","Marriage & Family Relationship","Sanner","3.94","78.6","21.4","0","0","0","0","0","0","0","0","0","0","0","14","90887","  3"
"2025-26","Fall","HD","5514","Research Methods","Choi","3.95","83.3","16.7","0","0","0","0","0","0","0","0","0","0","0","6","86431","  3"
"2025-26","Fall","HD","5964","Research Team","Choi","4","100","0","0","0","0","0","0","0","0","0","0","0","0","13","86433","  1"
"2025-26","Fall","HD","5964","Research Team","Dolbin-MacNab","4","100","0","0","0","0","0","0","0","0","0","0","0","0","13","86433","  1"
"2025-26","Fall","HD","5964","Research Team","Hornburg","4","100","0","0","0","0","0","0","0","0","0","0","0","0","13","86433","  1"
"2025-26","Fall","HD","5964","Research Team","Katz","4","100","0","0","0","0","0","0","0","0","0","0","0","0","13","86433","  1"
"2025-26","Fall","HD","5964","Research Team","Russon","4","100","0","0","0","0","0","0","0","0","0","0","0","0","13","86433","  1"
"2025-26","Fall","HD","5964","Research Team","Savla","4","100","0","0","0","0","0","0","0","0","0","0","0","0","13","86433","  1"
"2025-26","Fall","HD","5964","Research Team","Smith","4","100","0","0","0","0","0","0","0","0","0","0","0","0","13","86433","  1"
"2025-26","Fall","HD","5964","Research Team","Springer","4","100","0","0","0","0","0","0","0","0","0","0","0","0","13","86433","  1"
"2025-26","Fall","HD","5964","Research Team","Teaster","4","100","0","0","0","0","0","0","0","0","0","0","0","0","13","86433","  1"
"2025-26","Fall","HD","5964","Research Team","Wallace","4","100","0","0","0","0","0","0","0","0","0","0","0","0","13","86433","  1"
"2025-26","Fall","HD","5964","Research Team","Wesche","4","100","0","0","0","0","0","0","0","0","0","0","0","0","13","86433","  1"
"2025-26","Fall","HD","5964","Practicum","Russon","3.68","71.4","0","0","28.6","0","0","0","0","0","0","0","0","0","7","86434","  1"
"2025-26","Fall","HD","6444","Adv Contemporary MFT","Benson","3.94","80","20","0","0","0","0","0","0","0","0","0","0","0","5","90891","  3"
"2025-26","Fall","HIST","1004","Introduction to History","Polanco","3.66","78.3","6.5","0","2.2","2.2","0","6.5","2.2","0","0","0","2.2","0","46","86442","  3"
"2025-26","Fall","HIST","1024","Ancient History","Freas","3.35","21.8","27.3","18.2","14.5","9.1","3.6","3.6","1.8","0","0","0","0","2","55","86445","  3"
"2025-26","Fall","HIST","1025","Intro to European History","McConnell","3.98","95.5","2.3","2.3","0","0","0","0","0","0","0","0","0","0","44","91207","  3"
"2025-26","Fall","HIST","1026","Intro to European History","Findley","3.89","92.6","1.5","1.5","0","0","0","1.5","2.9","0","0","0","0","0","68","86447","  3"
"2025-26","Fall","HIST","1115","History of the United States","Minor","3.3","8.5","35.6","23.7","13.6","11.9","1.7","3.4","1.7","0","0","0","0","2","59","86451","  3"
"2025-26","Fall","HIST","1115","History of the United States","Thorp","2.54","13.6","0","3","25.8","12.1","10.6","19.7","4.5","0","7.6","0","3","4","66","86449","  3"
"2025-26","Fall","HIST","1115","History of the United States","McKagen","3.75","80.3","8.5","1.4","4.2","1.4","0","0","0","1.4","0","0","2.8","1","71","86450","  3"
"2025-26","Fall","HIST","1116","History of the United States","Winling","2.88","17.4","17.4","8.7","13","13","0","21.7","4.3","0","0","0","4.3","3","23","86452","  3"
"2025-26","Fall","HIST","1116","History of the United States","Winling","2.52","8.3","8.3","8.3","16.7","12.5","16.7","8.3","12.5","0","0","0","8.3","1","24","91272","  3"
"2025-26","Fall","HIST","1116","History of the United States","Winling","3.23","39.3","3.6","7.1","17.9","14.3","7.1","7.1","3.6","0","0","0","0","4","28","91274","  3"
"2025-26","Fall","HIST","1215","Intro to World History","Skiles","3.37","43.8","21.9","14.1","3.1","3.1","3.1","3.1","0","1.6","1.6","0","4.7","3","64","86455","  3"
"2025-26","Fall","HIST","1216","Intro to World History","Schneider","2.99","22.4","17.2","13.8","13.8","10.3","5.2","5.2","3.4","0","0","3.4","5.2","3","58","86457","  3"
"2025-26","Fall","HIST","1744","Virginia Indigenous History","Polanco","3.31","41.7","16.7","16.7","8.3","8.3","0","0","0","0","0","0","8.3","0","12","91210","  3"
"2025-26","Fall","HIST","2004","Historical Methods","Hirsh","3.11","21.4","7.1","28.6","7.1","14.3","7.1","14.3","0","0","0","0","0","1","14","86462","  3"
"2025-26","Fall","HIST","2004","Historical Methods","Thorp","2.95","27.8","5.6","11.1","11.1","16.7","5.6","11.1","5.6","0","0","5.6","0","1","18","86461","  3"
"2025-26","Fall","HIST","2054","Engineering Cultures","Barman","4","100","0","0","0","0","0","0","0","0","0","0","0","0","13","86467","  3"
"2025-26","Fall","HIST","2054","Engineering Cultures","Hosseinpour","4","100","0","0","0","0","0","0","0","0","0","0","0","0","16","91616","  3"
"2025-26","Fall","HIST","2054","Engineering Cultures","Nguyen","3.52","33.3","22.2","22.2","16.7","0","5.6","0","0","0","0","0","0","0","18","86466","  3"
"2025-26","Fall","HIST","2054","Engineering Cultures","Lazzari","3.95","95","0","0","5","0","0","0","0","0","0","0","0","0","20","86465","  3"
"2025-26","Fall","HIST","2054","Engineering Cultures","Haines","3.68","64.5","9.7","9.7","9.7","0","3.2","0","3.2","0","0","0","0","0","31","86464","  3"
"2025-26","Fall","HIST","2104","TS: Environmental Hist of VT","Kiechle","3.51","52.9","17.6","11.8","11.8","0","0","0","0","0","0","0","5.9","2","17","86469","  3"
"2025-26","Fall","HIST","2104","TS: WWII in Postwar America","Gitre","3.49","50","6.7","13.3","20","3.3","3.3","0","0","0","3.3","0","0","0","30","86468","  3"
"2025-26","Fall","HIST","2104","TS: Race and Real Estate","Winling","3.02","0","40","0","40","0","0","0","20","0","0","0","0","0","5","91202","  3"
"2025-26","Fall","HIST","2264","America in the 1960s","Mollin","3.63","50","21.1","11.8","9.2","2.6","2.6","1.3","1.3","0","0","0","0","0","76","86472","  3"
"2025-26","Fall","HIST","2276","African-American History","Halpin","3.59","57.1","28.6","0","0","0","0","0","14.3","0","0","0","0","1","7","91199","  3"
"2025-26","Fall","HIST","2494","Cities in History","Firouzi","3.48","36","28","4","12","12","8","0","0","0","0","0","0","0","25","91197","  3"
"2025-26","Fall","HIST","2604","Intro Data in Social Context","Chambers","3.81","36.4","63.6","0","0","0","0","0","0","0","0","0","0","0","11","92135","  3"
"2025-26","Fall","HIST","2604","Intro Data in Social Context","Steinhauer","3.84","81.3","12.5","0","0","0","0","6.3","0","0","0","0","0","0","16","86480","  3"
"2025-26","Fall","HIST","2604","Intro Data in Social Context","Mandel","3.9","85","5","5","5","0","0","0","0","0","0","0","0","0","20","86479","  3"
"2025-26","Fall","HIST","2604","Intro Data in Social Context","Davitt","3.91","86.4","9.1","0","0","4.5","0","0","0","0","0","0","0","2","22","86477","  3"
"2025-26","Fall","HIST","2604","Intro Data in Social Context","Mandel","3.96","87","13","0","0","0","0","0","0","0","0","0","0","0","23","86482","  3"
"2025-26","Fall","HIST","2604","Intro Data in Social Context","Davitt","3.73","87.5","4.2","0","0","0","0","0","4.2","0","0","0","4.2","2","24","86478","  3"
"2025-26","Fall","HIST","2604","Intro Data in Social Context","Nazemi","3.85","54.2","41.7","4.2","0","0","0","0","0","0","0","0","0","0","24","86481","  3"
"2025-26","Fall","HIST","2624","Topics Hist Data Soc Context","Ewing","3.92","85.7","7.1","3.6","3.6","0","0","0","0","0","0","0","0","1","28","86483","  3"
"2025-26","Fall","HIST","2716","History of Technology","Hirsh","3.2","19","35.7","0","14.3","16.7","7.1","2.4","0","2.4","0","0","2.4","0","42","91192","  3"
"2025-26","Fall","HIST","3054","The American Civil War","Marshall","3.61","47.5","17.5","15","12.5","5","2.5","0","0","0","0","0","0","0","40","91956","  3"
"2025-26","Fall","HIST","3144","American Environmental History","Barrow","3.32","40","16","8","16","8","4","4","0","0","0","0","4","0","25","86490","  3"
"2025-26","Fall","HIST","3214","History of Appalachia","Cook","4","100","0","0","0","0","0","0","0","0","0","0","0","1","20","91189","  3"
"2025-26","Fall","HIST","3224","History of Virginia","Wallenstein","3.62","38.9","38.9","0","16.7","0","5.6","0","0","0","0","0","0","0","18","86491","  3"
"2025-26","Fall","HIST","3284","The Roman Revolution","Bugh","2.72","7.7","15.4","15.4","7.7","15.4","23.1","7.7","0","0","0","0","7.7","1","13","86493","  3"
"2025-26","Fall","HIST","3334","Renaissance World 1300-1500","Midura","2.92","22.2","11.1","5.6","22.2","16.7","0","5.6","5.6","0","11.1","0","0","1","18","91196","  3"
"2025-26","Fall","HIST","3494","The Holocaust","Sidky","3.83","92.3","0","0","0","3.8","0","0","0","0","3.8","0","0","0","26","86496","  3"
"2025-26","Fall","HIST","3534","Modern Military History","McDonough","3.03","11.4","22.9","17.1","14.3","11.4","0","11.4","11.4","0","0","0","0","0","35","91174","  3"
"2025-26","Fall","HIST","3544","World War II","McDonough","3.07","9.6","20.5","20.5","21.7","10.8","4.8","4.8","4.8","1.2","0","0","1.2","1","83","91175","  3"
"2025-26","Fall","HIST","3554","Age of Globalization","Heaton","3.21","46.9","12.5","3.1","12.5","3.1","6.3","3.1","6.3","0","0","0","6.3","1","32","86499","  3"
"2025-26","Fall","HIST","3564","The Cold War","McDonough","3.05","16.7","8.3","5.6","36.1","27.8","0","2.8","0","0","0","0","2.8","1","36","91176","  3"
"2025-26","Fall","HIST","3664","Revolutionary China","Schneider","3","34.6","7.7","7.7","11.5","11.5","7.7","7.7","0","3.8","3.8","0","3.8","0","26","91173","  3"
"2025-26","Fall","HIST","3724","Disease, Med, & Health","Heaton","3.51","58.3","13.9","0","13.9","2.8","2.8","5.6","0","0","0","0","2.8","1","36","86501","  3"
"2025-26","Fall","HIST","3914","Crit Reading/Analysis in Hist","Halpin","2.88","17.6","17.6","5.9","17.6","5.9","17.6","11.8","0","0","0","0","5.9","0","17","86503","  3"
"2025-26","Fall","HIST","4914","History Research Seminar","Bugh","3.16","23.5","17.6","17.6","11.8","23.5","0","0","0","0","0","0","5.9","1","17","86504","  3"
"2025-26","Fall","HIST","5104","Historical Methods","Midura","3.84","87.5","0","0","0","12.5","0","0","0","0","0","0","0","0","8","86512","  3"
"2025-26","Fall","HIST","5154","Writing Skills for Prof Hist I","Zeide","4","100","0","0","0","0","0","0","0","0","0","0","0","0","8","86514","  2"
"2025-26","Fall","HIST","5164","Writing Skills Prof Hist II","Mollin","3.96","85.7","14.3","0","0","0","0","0","0","0","0","0","0","0","7","86515","  3"
"2025-26","Fall","HIST","5224","Readings in African History","Heaton","3.92","75","25","0","0","0","0","0","0","0","0","0","0","0","8","86517","  3"
"2025-26","Fall","HIST","5434","Oral History Methods","Higgins","4","100","0","0","0","0","0","0","0","0","0","0","0","0","9","91205","  3"
"2025-26","Fall","HIST","5694","Amer Environ Hist","Barrow","3.96","85.7","14.3","0","0","0","0","0","0","0","0","0","0","0","7","91169","  3"
"2025-26","Fall","HNFE","1004","Foods, Nutrition And Exercise","Parker","3.44","35.5","21","17.3","13.6","5.2","2.8","1.9","0.6","0.6","0.6","0","0.9","1","324","86526","  3"
"2025-26","Fall","HNFE","1114","Orientation to HNFE","Dempsey","3.91","85","10","0","0","5","0","0","0","0","0","0","0","0","20","91512","  1"
"2025-26","Fall","HNFE","1114","Orientation to HNFE","Dempsey","3.94","90.5","4.8","2.4","0","2.4","0","0","0","0","0","0","0","0","42","86530","  1"
"2025-26","Fall","HNFE","1114","Orientation to HNFE","Engel","3.9","93.8","2.1","2.1","0","0","0","0","0","0","0","0","2.1","0","48","86528","  1"
"2025-26","Fall","HNFE","1114","Orientation to HNFE","Dempsey","3.62","64.3","7.1","7.1","10.7","3.6","0","5.4","0","1.8","0","0","0","0","56","86529","  1"
"2025-26","Fall","HNFE","1114","Orientation to HNFE","Engel","3.87","85.2","8.2","3.3","0","1.6","0","0","0","0","0","0","1.6","0","61","86527","  1"
"2025-26","Fall","HNFE","1215","Meraki Personal Well-being","Wogenrich","3.94","97","0","0","0","0","0","3","0","0","0","0","0","0","33","86539","  1"
"2025-26","Fall","HNFE","1215","Meraki Personal Well-being","Wogenrich","3.99","97.3","2.7","0","0","0","0","0","0","0","0","0","0","0","37","86540","  1"
"2025-26","Fall","HNFE","1215","Meraki Personal Well-being","Wogenrich","3.96","95.1","2.4","0","0","2.4","0","0","0","0","0","0","0","0","41","86538","  1"
"2025-26","Fall","HNFE","1215","Meraki Personal Well-being","Wogenrich","3.95","93.2","2.3","2.3","0","2.3","0","0","0","0","0","0","0","0","44","86537","  1"
"2025-26","Fall","HNFE","1804","Principles of Sport Science","Gaines","3.85","79.5","2.6","12.8","5.1","0","0","0","0","0","0","0","0","0","39","91515","  3"
"2025-26","Fall","HNFE","2014","Nutrition Across the Life Span","Girmes-Grieco","3.74","68.5","7.7","10.5","9.8","0.7","1.4","1.4","0","0","0","0","0","0","143","86542","  3"
"2025-26","Fall","HNFE","2014","Nutrition Across the Life Span","Girmes-Grieco","4","100","0","0","0","0","0","0","0","0","0","0","0","0","6","91513","  3"
"2025-26","Fall","HNFE","2014","Nutrition Across the Life Span","Larson-Meyer","3.96","87.5","12.5","0","0","0","0","0","0","0","0","0","0","2","8","92087","  3"
"2025-26","Fall","HNFE","2104","Moving Body, Moving Mind","Basso","3.69","46.2","23.1","23.1","7.7","0","0","0","0","0","0","0","0","0","13","86543","  3"
"2025-26","Fall","HNFE","2204","Medical Terminology","Eaton","3.84","83.1","6.8","4.9","1.6","1.3","0","0.7","0.3","0","0","0","1.3","3","307","86544","  3"
"2025-26","Fall","HNFE","2334","Intro to Integrative Health","Ju","3.6","59.1","9.1","13.6","4.5","4.5","4.5","4.5","0","0","0","0","0","0","22","86547","  3"
"2025-26","Fall","HNFE","2484","Evi-Based Practice Health Sci","Eaton","3.9","88.9","4.2","1.4","1.4","2.8","0","1.4","0","0","0","0","0","0","72","86548","  1"
"2025-26","Fall","HNFE","2484","Evi-Based Practice Health Sci","Eaton","3.76","73.5","15.7","0","6","0","1.2","1.2","0","0","0","1.2","1.2","0","83","86549","  1"
"2025-26","Fall","HNFE","2544","Functional Foods for Health","Stewart","3.83","83.1","6.8","3.4","3.4","1.7","0","0","0","0","0","0","1.7","0","59","86550","  3"
"2025-26","Fall","HNFE","2664","Behav Theory in Hlth Promotion","Kraak","3.88","77.7","13.7","5.8","0.7","2.2","0","0","0","0","0","0","0","0","139","86551","  3"
"2025-26","Fall","HNFE","2804","Exercise and Health","Anderson","2.92","25.6","5.1","9","19.2","9","15.4","7.7","2.6","1.3","1.3","1.3","2.6","0","78","86554","  3"
"2025-26","Fall","HNFE","2824","Athletic Injuries","Dobscha","3.86","82.7","3.7","8.6","1.2","2.5","1.2","0","0","0","0","0","0","0","81","86555","  2"
"2025-26","Fall","HNFE","3024","Science of Food Prep Lab","Girmes-Grieco","3.95","83.3","16.7","0","0","0","0","0","0","0","0","0","0","0","12","91517","  2"
"2025-26","Fall","HNFE","3024","Science of Food Prep Lab","Girmes-Grieco","3.89","82.4","11.8","0","0","5.9","0","0","0","0","0","0","0","0","17","91478","  2"
"2025-26","Fall","HNFE","3024","Science of Food Prep Lab","Girmes-Grieco","3.88","75","12.5","12.5","0","0","0","0","0","0","0","0","0","0","8","91518","  2"
"2025-26","Fall","HNFE","3034","Methods Human Hlth Assessment","Davy","3.57","61.5","23.1","7.7","0","0","0","0","0","0","0","0","7.7","0","13","86559","  2"
"2025-26","Fall","HNFE","3034","Methods Human Hlth Assessment","Davy","3.55","57.9","15.8","5.3","15.8","0","0","0","0","0","0","0","5.3","0","19","86558","  2"
"2025-26","Fall","HNFE","3034","Methods Human Hlth Assessment","Davy","3.82","78.9","0","15.8","0","5.3","0","0","0","0","0","0","0","0","19","86560","  2"
"2025-26","Fall","HNFE","3034","Methods Human Hlth Assessment","Davy","3.87","80","10","5","0","5","0","0","0","0","0","0","0","0","20","86561","  2"
"2025-26","Fall","HNFE","3034","Methods Human Hlth Assessment","Davy","3.86","80","5","10","5","0","0","0","0","0","0","0","0","0","20","86562","  2"
"2025-26","Fall","HNFE","3034","Methods Human Hlth Assessment","Davy","3.76","45","40","10","5","0","0","0","0","0","0","0","0","0","20","86563","  2"
"2025-26","Fall","HNFE","3114","Foodservice and Meal Mgt","Cox","3.72","53.8","30.8","7.7","0","0","7.7","0","0","0","0","0","0","0","13","86564","  4"
"2025-26","Fall","HNFE","3634","Epi Hlth and Disease","Ruktanonchai","3.96","96.7","0","0","1.7","1.7","0","0","0","0","0","0","0","1","60","86565","  3"
"2025-26","Fall","HNFE","3804","Exercise Physiology","Grange","3.5","35.3","21.6","15.7","11.8","15.7","0","0","0","0","0","0","0","4","51","86566","  3"
"2025-26","Fall","HNFE","3824","Kinesiology","Williams","3.9","87.4","5.9","5.2","0","0","0","0.7","0","0","0","0","0.7","0","135","86567","  3"
"2025-26","Fall","HNFE","3984","SS: Strength & Conditioning","Gaines","3.87","80","10","0","10","0","0","0","0","0","0","0","0","0","10","92015","  3"
"2025-26","Fall","HNFE","4025","Metabolic Nutrition","Anderson","3.13","29","9.9","13","14.5","13","6.9","5.3","6.1","1.5","0","0","0.8","0","131","86570","  3"
"2025-26","Fall","HNFE","4125","Medical Nutrition Therapy","Hedrick","3.29","12.5","12.5","37.5","25","12.5","0","0","0","0","0","0","0","0","8","86572","  3"
"2025-26","Fall","HNFE","4624","Community Nutrition","Misyak","4","100","0","0","0","0","0","0","0","0","0","0","0","0","16","86574","  3"
"2025-26","Fall","HNFE","4644","Health Counseling","Foster","3.84","78.2","11.5","5.1","1.3","1.3","1.3","0","0","0","1.3","0","0","0","78","86575","  3"
"2025-26","Fall","HNFE","4754","Adv Human Anatomy & Pathophys","Crawford","3.8","95","0","0","0","0","0","0","0","0","0","0","5","0","20","92221","  3"
"2025-26","Fall","HNFE","4774","TS: Dietary Supplements","Liu","3.55","29.4","23.5","29.4","17.6","0","0","0","0","0","0","0","0","0","17","91838","  3"
"2025-26","Fall","HNFE","4774","TS: Eating for Your Genes","Good","3.78","75","5","10","5","0","5","0","0","0","0","0","0","0","20","91619","  3"
"2025-26","Fall","HNFE","4774","TS: Sports Nutrition","Ehsani","3.81","75","12.5","8.3","0","0","0","0","4.2","0","0","0","0","0","24","86578","  3"
"2025-26","Fall","HNFE","4804","Exercise Metabolism & Disease","Anderson","3.57","16.7","50","25","0","8.3","0","0","0","0","0","0","0","0","12","91525","  3"
"2025-26","Fall","HNFE","4814","Advanced Athletic Injuries","Bryan","4","100","0","0","0","0","0","0","0","0","0","0","0","0","10","86579","  2"
"2025-26","Fall","HNFE","4814","Advanced Athletic Injuries","Matthis","4","100","0","0","0","0","0","0","0","0","0","0","0","0","10","86579","  2"
"2025-26","Fall","HNFE","4824","Advanced Kinesiology","Williams","4","100","0","0","0","0","0","0","0","0","0","0","0","0","19","92247","  3"
"2025-26","Fall","HNFE","4974"," IS: NALS Teach Asst","Girmes-Grieco","3.95","83.3","16.7","0","0","0","0","0","0","0","0","0","0","0","6","91621","  1"
"2025-26","Fall","HNFE","4994","Undergraduate Research","Volpe","4","100","0","0","0","0","0","0","0","0","0","0","0","0","8","86587","  2"
"2025-26","Fall","HNFE","5034","Found in Nutr Counsel & Comm","Chang","3.92","89.5","5.3","0","0","5.3","0","0","0","0","0","0","0","0","19","86589","  2"
"2025-26","Fall","HNFE","5125","Adv Medical Nutrition Therapy","Hedrick","3.83","58.8","29.4","11.8","0","0","0","0","0","0","0","0","0","0","17","86591","  3"
"2025-26","Fall","HNFE","5154","Res Meth Nutr and Phy Activity","Davy","4","100","0","0","0","0","0","0","0","0","0","0","0","0","21","86592","  3"
"2025-26","Fall","HNFE","5174","Adv Nutrition and Phys Perform","Zabinsky","3.87","81","4.8","9.5","4.8","0","0","0","0","0","0","0","0","0","21","86593","  3"
"2025-26","Fall","HNFE","5184","Adv Macronutrient Metabolism","Anderson","3.76","41.7","41.7","16.7","0","0","0","0","0","0","0","0","0","0","24","86594","  3"
"2025-26","Fall","HNFE","5204","Translational Science in HNFE","Volpe","4","100","0","0","0","0","0","0","0","0","0","0","0","0","13","86595","  4"
"2025-26","Fall","HNFE","5304","Princ Dietetics Nutr Practice","Parker","3.99","96.6","3.4","0","0","0","0","0","0","0","0","0","0","0","29","86596","  2"
"2025-26","Fall","HNFE","5394","Prof Pract Nutrition Dietetics","Larson-Meyer","3.83","75","0","25","0","0","0","0","0","0","0","0","0","0","8","86598","  1"
"2025-26","Fall","HNFE","5984","SS: Clin Practice in Dietet","LaFalce","3.83","83.3","0","0","16.7","0","0","0","0","0","0","0","0","0","6","92239","  4"
"2025-26","Fall","HNFE","5984","SS: Crit Analysis of Sci Lit","Craige","3.96","85.7","14.3","0","0","0","0","0","0","0","0","0","0","0","7","92785","  1"
"2025-26","Fall","HORT","2134","Plants & Greenspaces Urban Com","Niemiera","3.85","80.5","14.3","2.3","0","0","0","0","0.8","1.5","0","0","0.8","0","133","86615","  3"
"2025-26","Fall","HORT","2144","Indoor Plants","Kardos","3.85","78.7","11.5","4","4","0","1.1","0","0","0","0","0","0.6","0","174","86617","  3"
"2025-26","Fall","HORT","2144","Indoor Plants","Kardos","3.71","70.3","13.5","8.1","0","2.7","2.7","0","0","0","0","0","2.7","0","37","86616","  3"
"2025-26","Fall","HORT","2164","Floral Design","Leshyn","3.95","93.6","0","4.3","2.1","0","0","0","0","0","0","0","0","0","47","86618","  3"
"2025-26","Fall","HORT","2164","Floral Design","Leshyn","3.91","89.6","4.2","2.1","2.1","0","0","2.1","0","0","0","0","0","0","48","86619","  3"
"2025-26","Fall","HORT","2224","Horticulture Science & Industr","Niemiera","3.74","67.4","23.3","2.3","2.3","0","0","0","2.3","0","0","0","2.3","0","43","86620","  2"
"2025-26","Fall","HORT","2304","Plant Biology","Tholl","2.75","18.2","18.2","4.5","22.7","4.5","4.5","9.1","4.5","0","0","4.5","9.1","0","22","86621","  3"
"2025-26","Fall","HORT","2834","Sustainable Ag Practicum","Jernigan","3.29","42.9","0","0","42.9","0","0","14.3","0","0","0","0","0","0","7","86622","  3"
"2025-26","Fall","HORT","3324","Herbaceous Landscape Plants","Kardos","3.55","47.4","15.8","5.3","15.8","15.8","0","0","0","0","0","0","0","0","19","86623","  3"
"2025-26","Fall","HORT","3325","Woody Landscape Plants","Niemiera","3.4","38.5","15.4","19.2","7.7","0","15.4","3.8","0","0","0","0","0","0","26","86625","  3"
"2025-26","Fall","HORT","3325","Woody Landscape Plants","Niemiera","1.88","20","20","0","0","0","0","0","20","0","0","0","40","0","5","86624","  3"
"2025-26","Fall","HORT","4334","Greenhouse & CEA Management","Kardos","3.57","38.5","38.5","7.7","3.8","3.8","3.8","0","0","3.8","0","0","0","0","26","86629","  3"
"2025-26","Fall","HORT","4654","Viticulture","Acimovic","3.19","11.1","19.4","19.4","27.8","11.1","8.3","2.8","0","0","0","0","0","4","36","86632","  3"
"2025-26","Fall","HORT","4794","Medicinal Plants and Herbs","Zhao","3.6","34.8","30.4","17.4","13","4.3","0","0","0","0","0","0","0","1","23","86633","  3"
"2025-26","Fall","HTM","1414","Intro to HTM","Duetsch","3.78","67.9","16.1","7.1","3.6","1.8","1.8","1.8","0","0","0","0","0","0","56","86634","  3"
"2025-26","Fall","HTM","2314","Intro International Business","Feigenbaum","3.19","35.7","21.4","14.3","0","7.1","7.1","7.1","0","0","0","0","7.1","2","14","86637","  3"
"2025-26","Fall","HTM","2314","Intro International Business","Mer","3.27","11.1","38.9","5.6","22.2","11.1","5.6","5.6","0","0","0","0","0","0","18","86640","  3"
"2025-26","Fall","HTM","2314","Intro International Business","Tseng","3.9","73.3","23.3","0","3.3","0","0","0","0","0","0","0","0","0","30","86639","  3"
"2025-26","Fall","HTM","2314","Intro International Business","Tseng","3.89","77.4","16.1","0","6.5","0","0","0","0","0","0","0","0","0","31","86641","  3"
"2025-26","Fall","HTM","2314","Intro International Business","Feigenbaum","2.84","18.8","12.5","18.8","6.3","9.4","9.4","9.4","6.3","0","6.3","0","3.1","0","32","86638","  3"
"2025-26","Fall","HTM","2314","Intro International Business","Khot","3.55","44.7","23.7","7.9","13.2","2.6","2.6","2.6","2.6","0","0","0","0","0","38","86644","  3"
"2025-26","Fall","HTM","2314","Intro International Business","Feigenbaum","3.2","16.1","16.1","26.8","16.1","12.5","3.6","8.9","0","0","0","0","0","1","56","86636","  3"
"2025-26","Fall","HTM","2314","Intro International Business","Singal","2.71","0","25","12.5","12.5","0","12.5","25","12.5","0","0","0","0","0","8","86643","  3"
"2025-26","Fall","HTM","2314","Intro International Business","Singal","2.34","0","0","11.1","11.1","22.2","11.1","11.1","33.3","0","0","0","0","1","9","86642","  3"
"2025-26","Fall","HTM","2434","Hospitality Sales","Laughon","3.77","25","75","0","0","0","0","0","0","0","0","0","0","1","12","86646","  3"
"2025-26","Fall","HTM","2454","Global Trav & Tourism Mgt","Laughon","3.4","35.3","25","14.7","11.8","2.9","2.9","1.5","1.5","1.5","0","0","2.9","3","68","86648","  3"
"2025-26","Fall","HTM","2464","Designing the Service Exp","Feigenbaum","3.9","95","0","0","0","0","0","5","0","0","0","0","0","0","20","86649","  3"
"2025-26","Fall","HTM","2474","Intro Mtgs Mgt","Warner","3.88","87.5","0","0","12.5","0","0","0","0","0","0","0","0","0","8","91552","  3"
"2025-26","Fall","HTM","2514","Catering Management","Yanisko","3.76","20","80","0","0","0","0","0","0","0","0","0","0","0","5","86651","  3"
"2025-26","Fall","HTM","3414","Chef Lab: Culinary Ops Mgt","Yanisko","3.76","50","33.3","8.3","8.3","0","0","0","0","0","0","0","0","0","12","86653","  4"
"2025-26","Fall","HTM","3414","Chef Lab: Culinary Ops Mgt","Yanisko","3.68","41.7","50","0","0","0","0","8.3","0","0","0","0","0","1","12","86656","  4"
"2025-26","Fall","HTM","3424","Event Management","Warner","3.27","31.9","19.1","6.4","8.5","25.5","2.1","2.1","2.1","0","0","0","2.1","0","47","86659","  3"
"2025-26","Fall","HTM","3424","Event Management","Warner","3.36","31.1","23","14.9","13.5","6.8","1.4","4.1","2.7","0","2.7","0","0","0","74","86658","  3"
"2025-26","Fall","HTM","3444","Hospitality Financial Mgt","Duetsch","3.23","28","8","16","16","28","0","0","0","4","0","0","0","1","25","86661","  3"
"2025-26","Fall","HTM","3484","Socio-Cult Impacts of Tourism","Hajarrahmah","3.75","74.2","6.5","9.7","0","3.2","3.2","3.2","0","0","0","0","0","0","31","86662","  3"
"2025-26","Fall","HTM","3484","Socio-Cult Impacts of Tourism","Coffey","3.9","86.4","6.8","3.4","1.7","0","0","0","1.7","0","0","0","0","0","59","86663","  3"
"2025-26","Fall","HTM","3524","Lodging Management","Bernard Simpson","3.72","47.8","30.4","13","4.3","4.3","0","0","0","0","0","0","0","0","23","86664","  3"
"2025-26","Fall","HTM","4354","IT & Social Media in HTM","Kniola","2.89","37","0","3.7","22.2","11.1","7.4","3.7","0","3.7","0","3.7","7.4","1","27","86668","  3"
"2025-26","Fall","HTM","4354","IT & Social Media in HTM","Han","3.89","79.4","11.8","5.9","2.9","0","0","0","0","0","0","0","0","0","68","86667","  3"
"2025-26","Fall","HTM","4414","Restaurant Mgt Design & Innov","Kim","3.59","50","15","5","20","10","0","0","0","0","0","0","0","0","20","86669","  3"
"2025-26","Fall","HTM","4434","Event & Experience Workshop","Fitch","3.93","92.3","3.8","1.9","0","0","0","0","1.9","0","0","0","0","0","52","86670","  3"
"2025-26","Fall","HTM","4444","Winery Tourism","Foster","3.52","42.9","21.4","21.4","0","0","7.1","7.1","0","0","0","0","0","0","14","86671","  3"
"2025-26","Fall","HTM","4454","Hospitality Revenue Management","Kim","3.62","65.2","8.7","8.7","4.3","0","8.7","0","4.3","0","0","0","0","0","23","86673","  3"
"2025-26","Fall","HTM","4464","Human Res Mgt HRIM","Fitch","3.39","60.9","8.7","13","0","0","0","0","0","13","0","4.3","0","0","23","86674","  3"
"2025-26","Fall","HTM","4514","Hospitality Market Data Analys","Bernard Simpson","4","100","0","0","0","0","0","0","0","0","0","0","0","0","7","86676","  3"
"2025-26","Fall","HTM","5574","Revenue Mgt Hospitality Servcs","Nicolau Gonzalbez","3.94","80","20","0","0","0","0","0","0","0","0","0","0","0","5","91951","  3"
"2025-26","Fall","HUM","1074","Ghosts","Patel","3.39","43.3","19.4","11.9","10.4","3","3","3","0","0","1.5","1.5","3","1","67","92131","  3"
"2025-26","Fall","HUM","1604","Intro Hum and Arts","Polanco","3.38","44.4","7.4","22.2","11.1","3.7","3.7","3.7","0","0","0","0","3.7","0","27","91944","  3"
"2025-26","Fall","HUM","1704","Intro to Appalachian Studies","McDaniel","3.37","10","30","40","0","20","0","0","0","0","0","0","0","0","10","86712","  3"
"2025-26","Fall","HUM","1704","Intro to Appalachian Studies","Plummer","3.67","75","16.7","0","0","0","0","0","0","0","0","8.3","0","0","12","91420","  3"
"2025-26","Fall","HUM","1704","Intro to Appalachian Studies","Salmons","3.58","50","16.7","16.7","8.3","0","0","8.3","0","0","0","0","0","1","12","86711","  3"
"2025-26","Fall","HUM","1704","Intro to Appalachian Studies","McDaniel","3.47","7.1","35.7","50","7.1","0","0","0","0","0","0","0","0","0","14","86714","  3"
"2025-26","Fall","HUM","1704","Intro to Appalachian Studies","McDaniel","3.51","12.5","50","12.5","25","0","0","0","0","0","0","0","0","0","8","86715","  3"
"2025-26","Fall","HUM","1704","Intro to Appalachian Studies","Higgs","4","100","0","0","0","0","0","0","0","0","0","0","0","0","9","91422","  3"
"2025-26","Fall","HUM","2204","The Creative Process","Perez Vera","3.95","88.1","9.5","2.4","0","0","0","0","0","0","0","0","0","0","42","92139","  3"
"2025-26","Fall","HUM","2404","Folk Cultures in Appalachia","Plummer","3.81","87.5","8.3","0","0","0","0","0","0","0","0","0","4.2","0","24","91415","  3"
"2025-26","Fall","HUM","2404","Folk Cultures in Appalachia","Christensen","2.66","40","0","20","0","0","0","20","0","0","0","0","20","1","5","91414","  3"
"2025-26","Fall","HUM","2504","Intro Amer Studies","Seniors","3.91","96.9","0","0","0","0","0","0","0","0","3.1","0","0","1","32","86717","  3"
"2025-26","Fall","HUM","3034","Theories of Popular Culture","Christensen","3.28","31.6","26.3","15.8","5.3","5.3","5.3","5.3","0","0","0","0","5.3","0","19","91829","  3"
"2025-26","Fall","HUM","3204","Multicultural Communication","Ansell","3.54","20","40","20","20","0","0","0","0","0","0","0","0","0","5","92705","  3"
"2025-26","Fall","IDS","1114","Play to Make","Prochner","3.76","78.3","13","4.3","0","0","0","0","0","0","0","0","4.3","1","23","86729","  3"
"2025-26","Fall","IDS","2015","Industrial Design Lab II","Hauptman","3.22","31.6","31.6","10.5","10.5","0","5.3","0","0","0","0","0","10.5","0","19","86731","  5"
"2025-26","Fall","IDS","2015","Industrial Design Lab II","Cusack","3.3","26.1","30.4","8.7","17.4","4.3","8.7","0","0","0","0","0","4.3","0","23","86730","  5"
"2025-26","Fall","IDS","2034","Design Visualization","Kirkland","3.23","24.4","24.4","17.1","14.6","4.9","4.9","2.4","0","2.4","2.4","0","2.4","2","41","86732","  3"
"2025-26","Fall","IDS","2114","History of Industrial Design","Prochner","3.56","53.6","18.6","8.2","5.2","6.2","4.1","1","1","0","0.5","0","1.5","2","194","86733","  3"
"2025-26","Fall","IDS","3015","Industrial Design Lab III","Choi","3.37","20","20","20","30","10","0","0","0","0","0","0","0","0","10","86734","  6"
"2025-26","Fall","IDS","3015","Industrial Design Lab III","Kirkland","3.4","30","40","0","15","5","0","5","0","0","0","5","0","0","20","86735","  6"
"2025-26","Fall","IDS","3124","Materials and Processes","Hauptman","3.37","41.5","15.4","21.5","10.8","0","0","4.6","0","0","1.5","0","4.6","3","65","86737","  3"
"2025-26","Fall","IDS","3204","TS: Portfolio","Cusack","3.77","85","10","0","0","0","0","0","0","0","0","0","5","0","20","86739","  2"
"2025-26","Fall","IDS","3224","TS: AI Tools for Designers","Pfeiffer","4","100","0","0","0","0","0","0","0","0","0","0","0","0","11","86743","  1"
"2025-26","Fall","IDS","3224","TS: Workshop","Sullivan","3.23","22.5","20","17.5","17.5","12.5","2.5","2.5","2.5","0","0","0","2.5","0","40","86742","  1"
"2025-26","Fall","IDS","3234","TS: Packaging Design","Choi","3.53","68.4","5.3","10.5","0","5.3","0","5.3","0","0","0","0","5.3","1","19","91195","  1"
"2025-26","Fall","IDS","3514","Design Research","Walker","3.26","17.2","27.6","20.7","6.9","20.7","0","3.4","0","0","3.4","0","0","0","29","86747","  3"
"2025-26","Fall","IDS","4015","Industrial Design Lab IV","Kennedy","3.45","0","60","20","10","10","0","0","0","0","0","0","0","0","10","86749","  6"
"2025-26","Fall","IDS","4015","Industrial Design Lab IV","Rabago","3.86","85.7","0","7.1","0","7.1","0","0","0","0","0","0","0","0","14","86748","  6"
"2025-26","Fall","IDS","4044","ProPrac & Entrepreneurship","Kennedy","3.6","23.1","46.2","15.4","15.4","0","0","0","0","0","0","0","0","0","26","86751","  2"
"2025-26","Fall","IS","1004","Nations and Nationalities","Frost","3.27","5.1","41.8","24.1","12.7","7.6","1.3","2.5","2.5","1.3","0","0","1.3","2","79","86762","  3"
"2025-26","Fall","IS","1024","Comp Gov & Politics","Binev","3.11","0","35.7","21.4","7.1","21.4","7.1","0","7.1","0","0","0","0","1","14","86763","  3"
"2025-26","Fall","IS","1024","Comp Gov & Politics","Davila Saad","3.48","20","40","0","40","0","0","0","0","0","0","0","0","0","5","91453","  3"
"2025-26","Fall","IS","1024","Comp Gov & Politics","Milly","3.43","42.9","0","0","57.1","0","0","0","0","0","0","0","0","0","7","86764","  3"
"2025-26","Fall","IS","1034","Intro to Intl Studies & PSCI","Faulkner","3.54","62.3","7.5","9.4","10.4","1.9","0","1.9","0.9","2.8","0.9","0","1.9","0","106","86765","  3"
"2025-26","Fall","IS","1034","Intro to Intl Studies & PSCI","Hanratty","3.54","62.3","7.5","9.4","10.4","1.9","0","1.9","0.9","2.8","0.9","0","1.9","0","106","86765","  3"
"2025-26","Fall","IS","1034","Intro to Intl Studies & PSCI","Thomas","3.54","62.3","7.5","9.4","10.4","1.9","0","1.9","0.9","2.8","0.9","0","1.9","0","106","86765","  3"
"2025-26","Fall","IS","2004","Res & Writing in Intl Studies","Alphin","3.69","65","5","10","10","10","0","0","0","0","0","0","0","0","20","86768","  3"
"2025-26","Fall","IS","2004","Res & Writing in Intl Studies","Hammond","3.08","17.4","17.4","34.8","8.7","4.3","0","4.3","4.3","4.3","0","0","4.3","0","23","86769","  3"
"2025-26","Fall","IS","2004","Res & Writing in Intl Studies","Ward","3.54","75","7.1","3.6","0","0","3.6","3.6","0","0","0","0","7.1","2","28","86767","  3"
"2025-26","Fall","IS","2034","Geography of Global Conflict","Stiles","3.91","82.4","11.8","0","5.9","0","0","0","0","0","0","0","0","0","17","86770","  3"
"2025-26","Fall","IS","2054","Introduction to World Politics","Gosink","3.6","60","20","0","0","0","20","0","0","0","0","0","0","0","10","86771","  3"
"2025-26","Fall","IS","2054","Introduction to World Politics","Thomas","3.05","27","12","12","14","10","8","9","2","2","2","0","2","3","100","86772","  3"
"2025-26","Fall","IS","2064","Global Econ and World Politics","Smith","3.79","63.6","18.2","9.1","9.1","0","0","0","0","0","0","0","0","2","11","86774","  3"
"2025-26","Fall","IS","2064","Global Econ and World Politics","Poets","3.29","32","14","22","10","14","4","0","0","0","0","0","4","1","50","86773","  3"
"2025-26","Fall","IS","2084","The Evolution of World Order","Gill","3.86","71.4","14.3","14.3","0","0","0","0","0","0","0","0","0","0","14","86775","  3"
"2025-26","Fall","IS","2084","The Evolution of World Order","Ward","3.64","57.9","21.1","0","10.5","5.3","0","0","5.3","0","0","0","0","0","19","86776","  3"
"2025-26","Fall","IS","2484","Religion and Politics","Abeysekara","1.6","0","0","16.7","16.7","0","0","16.7","0","16.7","0","0","33.3","0","6","92708","  3"
"2025-26","Fall","IS","3004","Prof & Careers in PSCI & IS","Hanratty","3.92","75","25","0","0","0","0","0","0","0","0","0","0","0","8","86780","  3"
"2025-26","Fall","IS","3034","The CIA in Todays World","Stiles","3.13","0","31.3","31.3","6.3","18.8","6.3","0","6.3","0","0","0","0","0","16","86781","  3"
"2025-26","Fall","IS","3054","Dark Web Analytics","Brantly","3.85","86.7","6.7","0","0","0","0","6.7","0","0","0","0","0","0","15","91455","  3"
"2025-26","Fall","IS","3104","Security Stud: Theor & Concpts","Brantly","3.67","75.8","9.1","3","0","0","3","3","3","0","0","3","0","0","33","86782","  3"
"2025-26","Fall","IS","3114","Global Security","Casler","3.2","13.6","31.8","22.7","13.6","0","9.1","0","0","4.5","4.5","0","0","0","22","86783","  3"
"2025-26","Fall","IS","3115","Selected World Problems","Caraccioli","3.52","21.2","39.4","12.1","24.2","3","0","0","0","0","0","0","0","0","33","86786","  3"
"2025-26","Fall","IS","3116","Selected World Problems","Nelson","3.54","60","0","0","20","20","0","0","0","0","0","0","0","0","5","86787","  3"
"2025-26","Fall","IS","3125","Intelligence & Natl Security","Hodges","3.78","86.4","4.5","0","0","0","0","0","9.1","0","0","0","0","0","22","86788","  3"
"2025-26","Fall","IS","3134","Global Conflict and War","Bohland","3.52","27.3","36.4","18.2","9.1","0","9.1","0","0","0","0","0","0","0","11","86790","  3"
"2025-26","Fall","IS","3134","Global Conflict and War","Burkette","3.8","50","42.9","0","7.1","0","0","0","0","0","0","0","0","0","14","86789","  3"
"2025-26","Fall","IS","3154","Topics Global Public Policies","Tsarouhas","3.23","11.1","44.4","11.1","0","11.1","11.1","11.1","0","0","0","0","0","1","9","91451","  3"
"2025-26","Fall","IS","3164","Global Trade Strc & Pol","Koo","3.39","33.3","16.7","22.2","5.6","16.7","0","0","5.6","0","0","0","0","0","18","92293","  3"
"2025-26","Fall","IS","3184","Human Security","Reeves","3.75","76.5","11.8","0","5.9","0","0","0","0","5.9","0","0","0","0","17","86793","  3"
"2025-26","Fall","IS","3344","Global Environmental Issues","Alphin","3.93","90","0","10","0","0","0","0","0","0","0","0","0","0","10","86795","  3"
"2025-26","Fall","IS","3594","Topics Mid East Pol & Intl Rel","Frost","3.68","22.2","55.6","22.2","0","0","0","0","0","0","0","0","0","0","9","91358","  3"
"2025-26","Fall","IS","3615","International Relations","Gignoux","3.66","33.3","44.4","14.8","3.7","0","3.7","0","0","0","0","0","0","0","27","86798","  3"
"2025-26","Fall","IS","3616","International Relations","Stivachtis","3.16","31.3","9.4","18.8","15.6","3.1","6.3","9.4","0","0","6.3","0","0","0","32","86799","  3"
"2025-26","Fall","IS","3624","Foreign Policy and Diplomacy","Hodges","3.94","92.6","0","3.7","3.7","0","0","0","0","0","0","0","0","0","27","86800","  3"
"2025-26","Fall","IS","3734","National Security","Zikusoka","3.74","45.2","33.3","16.7","4.8","0","0","0","0","0","0","0","0","1","42","86802","  3"
"2025-26","Fall","IS","3795","Global Terrorism & Counterter","Hodges","3.87","68.2","22.7","9.1","0","0","0","0","0","0","0","0","0","0","22","86803","  3"
"2025-26","Fall","IS","3854","European Political Economy","Nelson","3.8","60","20","20","0","0","0","0","0","0","0","0","0","0","5","86806","  3"
"2025-26","Fall","IS","4024","Seminar Diplomacy & Security","Avey","3.38","23.1","23.1","30.8","7.7","7.7","0","7.7","0","0","0","0","0","0","13","86807","  3"
"2025-26","Fall","IS","4024","Seminar Diplomacy & Security","Zikusoka","3.34","28.6","42.9","14.3","0","0","0","0","0","0","14.3","0","0","0","7","91117","  3"
"2025-26","Fall","IS","4034","Topics in Diplomacy Lab","Hodges","4","100","0","0","0","0","0","0","0","0","0","0","0","0","40","86808","  3"
"2025-26","Fall","IS","4104","Topics in European Studies","Plotica","3.86","80","0","20","0","0","0","0","0","0","0","0","0","0","5","86809","  3"
"2025-26","Fall","IS","4614","Sr Sem Intl Relations","Stivachtis","3.73","45.5","27.3","27.3","0","0","0","0","0","0","0","0","0","0","11","86811","  3"
"2025-26","Fall","ISC","1004","ISC First-Year Experience","Bechtel","3.82","88.4","7","0","0","0","0","0","0","2.3","0","0","2.3","0","43","86823","  2"
"2025-26","Fall","ISC","1005","Integrated Sci Reasoning","Banerjee","3.8","86.7","0","0","10","0","0","0","0","0","3.3","0","0","1","30","86824","  3"
"2025-26","Fall","ISC","1005","Integrated Sci Reasoning","Tollin","3.8","86.7","0","0","10","0","0","0","0","0","3.3","0","0","1","30","86824","  3"
"2025-26","Fall","ISC","1005","Integrated Sci Reasoning","Williams","3.8","86.7","0","0","10","0","0","0","0","0","3.3","0","0","1","30","86824","  3"
"2025-26","Fall","ISC","1105","Integrated Science I","Long","3.78","69.4","14.5","8.1","1.6","3.2","1.6","1.6","0","0","0","0","0","0","62","86825","  6"
"2025-26","Fall","ISC","1105","Integrated Science I","Lucero","3.78","69.4","14.5","8.1","1.6","3.2","1.6","1.6","0","0","0","0","0","0","62","86825","  6"
"2025-26","Fall","ISC","1105","Integrated Science I","Williams","3.78","69.4","14.5","8.1","1.6","3.2","1.6","1.6","0","0","0","0","0","0","62","86825","  6"
"2025-26","Fall","ISC","1115","Integrated Science Lab I","Williams","3.78","76.7","10","0","10","0","0","0","0","3.3","0","0","0","0","30","86827","  2"
"2025-26","Fall","ISC","1115","Integrated Science Lab I","Williams","3.9","87.9","6.1","0","3","0","3","0","0","0","0","0","0","0","33","86826","  2"
"2025-26","Fall","ISC","1984","SS: Integrated Computations","Banerjee","4","100","0","0","0","0","0","0","0","0","0","0","0","0","13","92609","  1"
"2025-26","Fall","ISC","2105","Integrated Science II","Long","3.82","71.4","14.3","9.5","1.6","1.6","0","1.6","0","0","0","0","0","0","63","86829","  6"
"2025-26","Fall","ISC","2105","Integrated Science II","Williams","3.82","71.4","14.3","9.5","1.6","1.6","0","1.6","0","0","0","0","0","0","63","86829","  6"
"2025-26","Fall","ISC","2115","Integrated Science Lab II","Long","3.96","89.7","6.9","3.4","0","0","0","0","0","0","0","0","0","0","29","86830","  1"
"2025-26","Fall","ISC","2115","Integrated Science Lab II","Long","3.98","94.1","5.9","0","0","0","0","0","0","0","0","0","0","0","34","86831","  1"
"2025-26","Fall","ISE","2004","Introduction to ISE","Coleman","3.6","77.4","0","0","11.3","0","0","7.5","0","0","1.3","0","2.5","0","159","86832","  1"
"2025-26","Fall","ISE","2014","Engineering Economy","Nguyen","3.57","49.6","18.8","13.5","8.3","5.3","0.8","1.5","0","0","0","0.8","1.5","1","133","86833","  2"
"2025-26","Fall","ISE","2014","Engineering Economy","Nguyen","3.55","52.8","16.7","9","11.1","2.8","1.4","2.8","1.4","0","0.7","0","1.4","1","144","86835","  2"
"2025-26","Fall","ISE","2024","Prob Foundations for ISEs","Khodadadian","2.82","20.9","20.9","9.3","2.3","18.6","7","2.3","0","0","7","7","4.7","2","43","91490","  3"
"2025-26","Fall","ISE","2044","Careers in ISE","Muscatello","3.84","94.3","0","1.9","0","0","0","0","0","0","0","0","3.8","1","53","86836","  1"
"2025-26","Fall","ISE","2044","Careers in ISE","Van Aken","3.84","94.3","0","1.9","0","0","0","0","0","0","0","0","3.8","1","53","86836","  1"
"2025-26","Fall","ISE","2214","Manufacturing Processes Lab","Kong","3.85","85.7","3.6","3.6","3.6","0","0","0","3.6","0","0","0","0","0","28","86840","  1"
"2025-26","Fall","ISE","2214","Manufacturing Processes Lab","Kong","3.76","71.4","7.1","7.1","7.1","7.1","0","0","0","0","0","0","0","0","28","86849","  1"
"2025-26","Fall","ISE","2214","Manufacturing Processes Lab","Kong","3.87","85.7","10.7","0","0","0","0","0","0","3.6","0","0","0","0","28","86850","  1"
"2025-26","Fall","ISE","2214","Manufacturing Processes Lab","Kong","3.99","96.6","3.4","0","0","0","0","0","0","0","0","0","0","0","29","86842","  1"
"2025-26","Fall","ISE","2214","Manufacturing Processes Lab","Kong","3.99","96.6","3.4","0","0","0","0","0","0","0","0","0","0","0","29","86847","  1"
"2025-26","Fall","ISE","2214","Manufacturing Processes Lab","Kong","3.89","86.2","0","10.3","3.4","0","0","0","0","0","0","0","0","0","29","86851","  1"
"2025-26","Fall","ISE","2214","Manufacturing Processes Lab","Kong","3.63","66.7","10","6.7","3.3","3.3","3.3","3.3","0","3.3","0","0","0","0","30","86837","  1"
"2025-26","Fall","ISE","2214","Manufacturing Processes Lab","Kong","3.84","80","6.7","0","10","3.3","0","0","0","0","0","0","0","0","30","86838","  1"
"2025-26","Fall","ISE","2214","Manufacturing Processes Lab","Kong","3.99","96.7","3.3","0","0","0","0","0","0","0","0","0","0","0","30","86839","  1"
"2025-26","Fall","ISE","2214","Manufacturing Processes Lab","Kong","3.97","96.7","0","0","3.3","0","0","0","0","0","0","0","0","0","30","86841","  1"
"2025-26","Fall","ISE","2214","Manufacturing Processes Lab","Kong","3.88","86.7","6.7","0","3.3","0","0","3.3","0","0","0","0","0","0","30","86843","  1"
"2025-26","Fall","ISE","2214","Manufacturing Processes Lab","Kong","3.9","86.7","3.3","3.3","6.7","0","0","0","0","0","0","0","0","0","30","86844","  1"
"2025-26","Fall","ISE","2214","Manufacturing Processes Lab","Kong","4","100","0","0","0","0","0","0","0","0","0","0","0","0","30","86845","  1"
"2025-26","Fall","ISE","2214","Manufacturing Processes Lab","Kong","3.83","73.3","20","0","3.3","0","0","0","3.3","0","0","0","0","0","30","86846","  1"
"2025-26","Fall","ISE","2214","Manufacturing Processes Lab","Kong","3.91","93.3","0","0","3.3","0","3.3","0","0","0","0","0","0","0","30","86848","  1"
"2025-26","Fall","ISE","2804","Foundations of Systems Eng","Topcu","3.41","43.3","21.7","6.7","8.3","3.3","3.3","10","1.7","0","0","1.7","0","1","60","91492","  3"
"2025-26","Fall","ISE","2804","Foundations of Systems Eng","Topcu","3.45","44.3","18.6","8.2","10.3","7.2","1","8.2","0","2.1","0","0","0","2","97","91491","  3"
"2025-26","Fall","ISE","3034","Tech Comm for Engineers","Carper","3.74","39.1","44.9","11.6","4.3","0","0","0","0","0","0","0","0","1","69","86865","  3"
"2025-26","Fall","ISE","3034","Tech Comm for Engineers","Carper","3.77","55.7","35.7","2.9","2.9","0","0","1.4","0","0","0","1.4","0","0","70","86864","  3"
"2025-26","Fall","ISE","3204","Manufacturing Processes","Zhong","3.23","44.4","6.7","8.9","8.9","6.7","11.1","6.7","0","4.4","0","2.2","0","1","45","86866","  3"
"2025-26","Fall","ISE","3204","Manufacturing Processes","Zhong","3.37","66.7","0","0","11.1","0","11.1","0","0","0","11.1","0","0","0","9","86867","  3"
"2025-26","Fall","ISE","3214","Facilities and Logistics","Savage","3.77","68.9","14.2","8.5","3.8","1.9","0","0.9","1.9","0","0","0","0","1","106","86869","  3"
"2025-26","Fall","ISE","3214","Facilities and Logistics","Savage","3.51","50","13.2","10.5","14.5","5.3","2.6","1.3","0","0","1.3","0","1.3","1","76","86868","  3"
"2025-26","Fall","ISE","3414","Prob Operations Research","Savage","3.63","57.7","16.7","11.5","5.1","1.3","1.3","3.8","1.3","0","0","1.3","0","0","78","86871","  3"
"2025-26","Fall","ISE","3414","Prob Operations Research","Savage","3.64","59.3","12.3","7.4","9.9","6.2","3.7","0","1.2","0","0","0","0","0","81","86870","  3"
"2025-26","Fall","ISE","3614","Human Factors Ergon Engr","Jeon","3.39","19","28.6","24.8","15.2","8.6","1.9","1","0","0","0","0","1","0","105","86873","  3"
"2025-26","Fall","ISE","4004","Theory of Organization","Hosseinichimeh","3.6","42.9","25","10.7","14.3","3.6","3.6","0","0","0","0","0","0","0","28","86875","  3"
"2025-26","Fall","ISE","4004","Theory of Organization","Hosseinichimeh","3.73","61.9","16.5","10.3","6.2","1","2.1","2.1","0","0","0","0","0","0","97","86874","  3"
"2025-26","Fall","ISE","4005","Project Mgt System Design","Cherbaka","3.51","25","39.1","17.9","9.2","4.9","0.5","0","2.7","0","0","0","0.5","0","184","86876","  2"
"2025-26","Fall","ISE","4214","Lean Manufacturing","Shewchuk","3.06","27.6","10.3","12.1","19","1.7","6.9","13.8","3.4","3.4","1.7","0","0","0","58","86877","  3"
"2025-26","Fall","ISE","4404","Statistical Quality Control","Rao","3.4","40.2","19.6","8.7","15.2","6.5","1.1","2.2","2.2","2.2","0","2.2","0","3","92","86879","  3"
"2025-26","Fall","ISE","4404","Statistical Quality Control","Rao","3.66","62.4","9.7","9.7","8.6","3.2","4.3","2.2","0","0","0","0","0","2","93","86878","  3"
"2025-26","Fall","ISE","4624","Physical Work Assessment","Lim","3.29","50","0","11.1","16.7","11.1","0","0","0","5.6","5.6","0","0","0","18","86880","  3"
"2025-26","Fall","ISE","4644","Risk and Hazard Control","Dickerson","3.74","55.6","26.7","6.7","8.9","0","0","2.2","0","0","0","0","0","0","45","86881","  3"
"2025-26","Fall","ISE","4984","SS: AI for Systems Engrg","Brubaker","3.72","50","37.5","0","6.3","0","6.3","0","0","0","0","0","0","1","16","92300","  3"
"2025-26","Fall","ISE","4994","Undergraduate Research","L'Afflitto","4","100","0","0","0","0","0","0","0","0","0","0","0","0","5","86894","  3"
"2025-26","Fall","ISE","4994","Undergraduate Research","Madigan","4","100","0","0","0","0","0","0","0","0","0","0","0","0","6","86886","  3"
"2025-26","Fall","ISE","4994","Undergraduate Research","Nguyen","4","100","0","0","0","0","0","0","0","0","0","0","0","0","6","86892","  3"
"2025-26","Fall","ISE","5015","Mgt Organizational Systems","Hosseinichimeh","3.89","80","10","6.7","3.3","0","0","0","0","0","0","0","0","0","30","86904","  3"
"2025-26","Fall","ISE","5034","Math Prob & Stat for ISEs","Zhong","3.19","40","0","33.3","6.7","0","0","6.7","6.7","0","0","6.7","0","0","15","86907","  3"
"2025-26","Fall","ISE","5044","Production Systems Analysis","Ellis","3.78","58.3","25","8.3","8.3","0","0","0","0","0","0","0","0","0","12","91493","  3"
"2025-26","Fall","ISE","5054","Engineering Discourse","Carper","3.8","60.9","17.4","21.7","0","0","0","0","0","0","0","0","0","0","23","86908","  3"
"2025-26","Fall","ISE","5164","Trans and Appl of Emerg Tech","Geraghty","4","100","0","0","0","0","0","0","0","0","0","0","0","0","10","86919","  3"
"2025-26","Fall","ISE","5164","Trans and Appl of Emerg Tech","Geraghty","4","100","0","0","0","0","0","0","0","0","0","0","0","0","12","86918","  3"
"2025-26","Fall","ISE","5204","Manuf Systems Eng","Jin","3.89","71.4","21.4","7.1","0","0","0","0","0","0","0","0","0","0","14","86921","  3"
"2025-26","Fall","ISE","5314","Industrial Robotics","L'Afflitto","3.76","50","37.5","0","12.5","0","0","0","0","0","0","0","0","0","8","91498","  4"
"2025-26","Fall","ISE","5405","Optimization","Hildebrand","3.51","60","10","0","10","10","0","0","10","0","0","0","0","0","10","86925","  3"
"2025-26","Fall","ISE","5405","Optimization","Hildebrand","2.86","20","15","10","15","10","0","10","10","0","5","5","0","0","20","86924","  3"
"2025-26","Fall","ISE","5424","Simulation I","Chen","3.53","26.7","26.7","26.7","20","0","0","0","0","0","0","0","0","0","15","86926","  3"
"2025-26","Fall","ISE","5434","Economic Project Evaluation","Godfrey","3.9","76.9","15.4","7.7","0","0","0","0","0","0","0","0","0","0","13","86928","  3"
"2025-26","Fall","ISE","5434","Economic Project Evaluation","Godfrey","3.83","72.7","9.1","13.6","4.5","0","0","0","0","0","0","0","0","0","22","86929","  3"
"2025-26","Fall","ISE","5604","Human Information Processing","Patrick","3.86","78.6","7.1","7.1","7.1","0","0","0","0","0","0","0","0","0","14","86932","  3"
"2025-26","Fall","ISE","5614","Human Physical Capabilities","Madigan","3.18","12.5","25","0","50","0","0","12.5","0","0","0","0","0","0","8","86933","  3"
"2025-26","Fall","ISE","5654","Human Factors System Design","Dickerson","4","100","0","0","0","0","0","0","0","0","0","0","0","0","22","86934","  3"
"2025-26","Fall","ISE","5714","Usability Engineering","Gabbard","4","100","0","0","0","0","0","0","0","0","0","0","0","0","14","86935","  3"
"2025-26","Fall","ISE","5734","Occup Health Safety Practicum","Nussbaum","4","100","0","0","0","0","0","0","0","0","0","0","0","0","5","86936","  3"
"2025-26","Fall","ISE","5804","Fundamentals of SE","Avsar","3.86","75","12.5","6.3","6.3","0","0","0","0","0","0","0","0","0","16","91499","  3"
"2025-26","Fall","ISE","5804","Fundamentals of SE","Avsar","3.92","79.3","17.2","3.4","0","0","0","0","0","0","0","0","0","0","29","86937","  3"
"2025-26","Fall","ISE","5814","System Dynamics Model Soc-Tech","Ghaffarzadegan","3.83","66.7","22.2","2.2","8.9","0","0","0","0","0","0","0","0","0","45","86938","  3"
"2025-26","Fall","ISE","5984","SS: AI for Systems Engrg","Brubaker","3.98","94.7","5.3","0","0","0","0","0","0","0","0","0","0","0","19","92306","  3"
"2025-26","Fall","ISE","5984","SS: AI for Systems Engrg","Brubaker","3.91","71.4","28.6","0","0","0","0","0","0","0","0","0","0","0","7","92303","  3"
"2025-26","Fall","ISE","6414","Integer Programming","Hildebrand","3.34","30","20","20","10","10","0","0","10","0","0","0","0","0","10","91506","  3"
"2025-26","Fall","ISE","6424","Dynamic Programming","Sarin","3.59","22.2","33.3","44.4","0","0","0","0","0","0","0","0","0","0","9","91507","  3"
"2025-26","Fall","ITAL","1105","Elementary Italian","Sguerri","3.5","58.3","16.7","16.7","0","0","0","0","0","0","0","0","8.3","1","12","90902","  3"
"2025-26","Fall","ITAL","1105","Elementary Italian","Dodi","3.85","82.4","5.9","0","5.9","5.9","0","0","0","0","0","0","0","0","17","87051","  3"
"2025-26","Fall","ITAL","1105","Elementary Italian","Coburn","3.51","31.8","31.8","0","27.3","9.1","0","0","0","0","0","0","0","0","22","87050","  3"
"2025-26","Fall","ITAL","1105","Elementary Italian","Sguerri","3.78","70.4","11.1","11.1","3.7","0","0","3.7","0","0","0","0","0","0","27","87049","  3"
"2025-26","Fall","ITAL","1106","Elementary Italian","Sguerri","3.25","37.5","12.5","18.8","12.5","6.3","0","6.3","0","0","0","0","6.3","2","16","87053","  3"
"2025-26","Fall","ITAL","2105","Intermediate Italian","Sguerri","3.24","35","25","10","5","5","5","5","5","0","0","0","5","0","20","87055","  3"
"2025-26","Fall","ITAL","2404","European Food Practices","Steinert Borella","3.91","69.2","30.8","0","0","0","0","0","0","0","0","0","0","0","13","92134","  3"
"2025-26","Fall","ITAL","3106","Italian Culture Comp and Conv","Coburn","3.67","50","16.7","16.7","16.7","0","0","0","0","0","0","0","0","0","12","90903","  3"
"2025-26","Fall","ITDS","1114","Design Appreciation","Tew","3.76","78.1","6.1","5.2","4.3","1.9","0.9","1","0.4","0.3","0.3","0.3","1","14","1830","87066","  3"
"2025-26","Fall","ITDS","2044","Interior Design I","Dieudonne","3.4","13","26.1","34.8","21.7","4.3","0","0","0","0","0","0","0","1","23","87068","  6"
"2025-26","Fall","ITDS","2044","Interior Design I","Elgewely","3.3","21.7","26.1","21.7","8.7","13","0","0","4.3","4.3","0","0","0","0","23","87067","  6"
"2025-26","Fall","ITDS","3044","Interior Design III","Huh","3.12","30","0","40","0","0","0","30","0","0","0","0","0","0","10","87070","  6"
"2025-26","Fall","ITDS","3044","Interior Design III","Tural","3.34","15","15","45","20","0","0","5","0","0","0","0","0","0","20","87069","  6"
"2025-26","Fall","ITDS","3125","History of Interiors","Kucukarslan Emiroglu","3.94","87.5","8.3","2.1","2.1","0","0","0","0","0","0","0","0","0","48","87071","  3"
"2025-26","Fall","ITDS","3175","Building Systems for ID","Regan","3.54","48.9","8.5","21.3","6.4","8.5","6.4","0","0","0","0","0","0","0","47","87072","  3"
"2025-26","Fall","ITDS","4044","Interior Design V","Kucukarslan Emiroglu","3.67","52.9","23.5","11.8","0","5.9","5.9","0","0","0","0","0","0","0","17","87074","  6"
"2025-26","Fall","ITDS","4044","Interior Design V","Tural","3.65","38.9","27.8","22.2","11.1","0","0","0","0","0","0","0","0","0","18","87073","  6"
"2025-26","Fall","ITDS","4224","Design Research for Interiors","Huh","3.71","25.7","57.1","17.1","0","0","0","0","0","0","0","0","0","0","35","87075","  3"
"2025-26","Fall","ITDS","4554","Contemporary ITDS Practice","Muscatello","3.91","79.3","13.8","6.9","0","0","0","0","0","0","0","0","0","0","29","87076","  3"
"2025-26","Fall","ITDS","4984","SS: Health and Interiors","Tural","4","100","0","0","0","0","0","0","0","0","0","0","0","0","10","92110","  3"
"2025-26","Fall","ITDS","5124","Preserv of Historic Interiors","Tucker","3.96","87.5","12.5","0","0","0","0","0","0","0","0","0","0","0","8","91895","  3"
"2025-26","Fall","JMC","2034","Visual News Reporting","Robinson","2.56","11.1","0","0","50","0","0","22.2","0","0","16.7","0","0","1","18","87084","  3"
"2025-26","Fall","JMC","2034","Visual News Reporting","Robinson","2.61","16.7","0","0","44.4","0","0","27.8","0","0","5.6","0","5.6","1","18","87085","  3"
"2025-26","Fall","JMC","2034","Visual News Reporting","Woolly","3.98","95","5","0","0","0","0","0","0","0","0","0","0","0","20","87086","  3"
"2025-26","Fall","JMC","2074","Introduction to Sports Media","Roth","3.76","81.4","0","0","15.3","0","0","1.7","0","0","1.7","0","0","0","59","87089","  3"
"2025-26","Fall","JMC","3114","Video Production:  Studio","Woolly","3.95","84.6","15.4","0","0","0","0","0","0","0","0","0","0","0","13","91045","  3"
"2025-26","Fall","JMC","3154","Multimedia Reporting","Robinson","2.05","14.3","0","0","28.6","0","0","14.3","0","0","28.6","7.1","7.1","2","14","87090","  3"
"2025-26","Fall","JMC","3154","Multimedia Reporting","Jefferies","2.63","25","0","6.3","18.8","18.8","0","0","0","12.5","18.8","0","0","2","16","92288","  3"
"2025-26","Fall","JMC","3154","Multimedia Reporting","Mielczarek","3.67","72.2","16.7","0","5.6","0","0","0","0","0","0","0","5.6","0","18","92077","  3"
"2025-26","Fall","JMC","3174","Advanced Multimedia Reporting","Woolly","3.66","38.9","33.3","11.1","16.7","0","0","0","0","0","0","0","0","0","18","91604","  3"
"2025-26","Fall","JMC","3174","Advanced Multimedia Reporting","Johnson","3.85","73.7","15.8","0","10.5","0","0","0","0","0","0","0","0","0","19","87093","  3"
"2025-26","Fall","JMC","3184","Media Weather Reporting","Reed","3.98","93.8","6.3","0","0","0","0","0","0","0","0","0","0","0","16","91044","  3"
"2025-26","Fall","JMC","3314","Sports Journalism","Bitter","3.56","57.9","15.8","5.3","10.5","0","5.3","0","0","0","5.3","0","0","0","19","87098","  3"
"2025-26","Fall","JMC","3314","Sports Journalism","Johnson","3.2","35","5","20","15","15","0","5","0","0","0","0","5","0","20","87097","  3"
"2025-26","Fall","JMC","3324","Sports Play-by-Play Reporting","Roth","3.79","78.6","0","0","21.4","0","0","0","0","0","0","0","0","1","14","87099","  3"
"2025-26","Fall","JMC","3334","Sports as Entertainment","Roth","3.74","82.4","0","0","8.8","0","0","8.8","0","0","0","0","0","0","34","87100","  3"
"2025-26","Fall","JMC","4064","Social Media Analytics","Duncan","3.52","57.9","7.9","7.9","7.9","7.9","2.6","2.6","5.3","0","0","0","0","0","38","87101","  3"
"2025-26","Fall","JMC","4254","Topics Multimedia Journalism","Duncan","3.31","69.2","7.7","0","0","0","0","7.7","0","7.7","0","0","7.7","1","13","92080","  3"
"2025-26","Fall","JMC","4254","Topics Multimedia Journalism","Bennett","4","100","0","0","0","0","0","0","0","0","0","0","0","0","9","92081","  3"
"2025-26","Fall","JMC","4264","Social Media Theory & Practice","Smith","3.74","33.3","51.3","15.4","0","0","0","0","0","0","0","0","0","0","39","87103","  3"
"2025-26","Fall","JMC","4274","Broadcasting Performance","Reed","3.98","94.1","5.9","0","0","0","0","0","0","0","0","0","0","0","17","87105","  3"
"2025-26","Fall","JMC","4274","Broadcasting Performance","Marasco","3.54","45","25","10","5","5","5","0","5","0","0","0","0","0","20","92277","  3"
"2025-26","Fall","JMC","4334","Communication Ethics","Reed","3.99","95.8","4.2","0","0","0","0","0","0","0","0","0","0","0","48","87106","  3"
"2025-26","Fall","JMC","4814","Digital Newsroom: Online","Woolly","3.9","66.7","33.3","0","0","0","0","0","0","0","0","0","0","0","9","87107","  3"
"2025-26","Fall","JMC","4834","Sportscenter","Zimmerman","3.93","93.3","0","0","6.7","0","0","0","0","0","0","0","0","0","15","87108","  3"
"2025-26","Fall","JMC","4834","Sportscenter","Zimmerman","3.88","87.5","0","0","12.5","0","0","0","0","0","0","0","0","0","8","87109","  3"
"2025-26","Fall","JPN","1105","Elementary Japanese","Simmerman","3.93","76.5","23.5","0","0","0","0","0","0","0","0","0","0","0","17","87113","  3"
"2025-26","Fall","JPN","1105","Elementary Japanese","Mercer","3.4","38.1","23.8","9.5","0","14.3","9.5","0","4.8","0","0","0","0","0","21","87112","  3"
"2025-26","Fall","JPN","1105","Elementary Japanese","Simmerman","3.57","60.9","4.3","4.3","13","13","0","4.3","0","0","0","0","0","0","23","90950","  3"
"2025-26","Fall","JPN","1105","Elementary Japanese","Simmerman","3.64","60.7","7.1","14.3","7.1","7.1","0","3.6","0","0","0","0","0","0","28","87111","  3"
"2025-26","Fall","JPN","2105","Intermediate Japanese","Sather","3.34","36.8","15.8","5.3","15.8","10.5","10.5","5.3","0","0","0","0","0","0","19","87117","  3"
"2025-26","Fall","JPN","2105","Intermediate Japanese","Simmerman","3.78","64.3","21.4","3.6","7.1","0","3.6","0","0","0","0","0","0","0","28","87116","  3"
"2025-26","Fall","JPN","2744","Japanese Pop Culture","Sather","3.29","45.5","21.2","1.5","12.1","3","3","4.5","0","0","3","0","6.1","2","66","90951","  3"
"2025-26","Fall","JPN","3105","Advanced Japanese","Kumazawa","3.73","50","33.3","8.3","0","8.3","0","0","0","0","0","0","0","0","12","87121","  3"
"2025-26","Fall","JPN","3105","Advanced Japanese","Kumazawa","3.54","45","30","5","0","10","5","0","5","0","0","0","0","0","20","87122","  3"
"2025-26","Fall","JPN","3125","Japanese for Oral Proficiency","Kumazawa","3.97","90.9","9.1","0","0","0","0","0","0","0","0","0","0","1","22","87123","  3"
"2025-26","Fall","JPN","4104","Japanese Advanced Grammar","Kumazawa","3.84","77.8","0","22.2","0","0","0","0","0","0","0","0","0","1","9","87124","  3"
"2025-26","Fall","LAHS","1004","Intro to Lib Arts & Hum Sci","Ryan","3.81","80","0","5","15","0","0","0","0","0","0","0","0","0","20","91433","  1"
"2025-26","Fall","LAHS","2104","Intro to Hip Hop Studies","Arthur","3.84","82.5","7.8","4.8","1.2","0.6","0","0.6","0.6","0.6","0","0.6","0.6","0","166","91430","  3"
"2025-26","Fall","LAR","1264","Understand Represent Landscape","Rosier","3.46","28","32","28","4","4","0","0","0","0","0","0","4","1","25","87139","  3"
"2025-26","Fall","LAR","1264","Understand Represent Landscape","Rosier","3.53","20","40","23.3","10","6.7","0","0","0","0","0","0","0","0","30","87138","  3"
"2025-26","Fall","LAR","2025","LAR Studio Place Process&Peopl","Thomas","3.28","26.1","17.4","13","21.7","8.7","4.3","8.7","0","0","0","0","0","0","23","87141","  6"
"2025-26","Fall","LAR","2154","Landscape Architecture History","Curulli","3.75","63.3","20","10","3.3","0","0","0","0","3.3","0","0","0","1","30","87142","  3"
"2025-26","Fall","LAR","2164","Landform Function & Aesthetics","Rosier","3.06","4","40","20","8","8","4","4","8","0","0","0","4","0","25","87143","  4"
"2025-26","Fall","LAR","2254","Social and Cultural Landscapes","Thomas","3.22","7.7","38.5","0","38.5","0","7.7","7.7","0","0","0","0","0","0","13","87144","  3"
"2025-26","Fall","LAR","2554","Leading Global Sustainability","Oberdoerster","3.97","88.9","11.1","0","0","0","0","0","0","0","0","0","0","1","9","87145","  3"
"2025-26","Fall","LAR","3044","Land Analysis & Site Planning","Cribari","3.68","55.2","10.3","17.2","17.2","0","0","0","0","0","0","0","0","1","29","91177","  3"
"2025-26","Fall","LAR","3264","People Community and Place","Clements","3.81","68.4","15.8","5.3","10.5","0","0","0","0","0","0","0","0","1","19","92018","  3"
"2025-26","Fall","LAR","4014","Design and Construct Documents","Engelke","3.05","13.3","26.7","13.3","26.7","0","6.7","0","0","6.7","0","6.7","0","0","15","92049","  6"
"2025-26","Fall","LAR","4084","Land Design & Planning Studio","Cribari","3.49","26.3","10.5","52.6","10.5","0","0","0","0","0","0","0","0","0","19","87149","  6"
"2025-26","Fall","LAR","4084","Land Design & Planning Studio","Curulli","3.49","26.3","10.5","52.6","10.5","0","0","0","0","0","0","0","0","0","19","87149","  6"
"2025-26","Fall","LAR","4244","Professional Practice LAR","Hill","3.82","77.3","4.5","4.5","13.6","0","0","0","0","0","0","0","0","0","22","87160","  3"
"2025-26","Fall","LAR","4254","Landscape Arch Theories","Ha","3.53","30.8","23.1","34.6","3.8","3.8","3.8","0","0","0","0","0","0","0","26","87161","  3"
"2025-26","Fall","LAR","5044","Land Analysis","Cribari","3.8","62.5","25","0","12.5","0","0","0","0","0","0","0","0","0","8","91181","  3"
"2025-26","Fall","LAT","1106","Elementary Latin","Phillips","3.78","55.6","22.2","22.2","0","0","0","0","0","0","0","0","0","0","9","90954","  3"
"2025-26","Fall","LAT","2124","Catullus and Horace","Mandolia","3.37","28.6","14.3","42.9","0","0","0","14.3","0","0","0","0","0","0","7","90955","  3"
"2025-26","Fall","LAT","3004","Readings in Latin Literature","Phillips","3.7","66.7","0","11.1","22.2","0","0","0","0","0","0","0","0","0","9","87202","  3"
"2025-26","Fall","LDRS","1414","Citizen Leadership","Council","3.24","50","0","14.3","7.1","7.1","0","7.1","7.1","7.1","0","0","0","0","14","87211","  3"
"2025-26","Fall","LDRS","1414","Citizen Leadership","Council","3.31","57.1","7.1","14.3","0","7.1","0","0","0","7.1","0","0","7.1","0","14","87212","  3"
"2025-26","Fall","LDRS","1414","Citizen Leadership","Council","3.33","50","6.3","6.3","25","0","6.3","0","0","0","0","0","6.3","0","16","87210","  3"
"2025-26","Fall","LDRS","1414","Citizen Leadership","Council","3.31","40","24","12","4","0","8","0","4","4","0","0","4","0","25","87213","  3"
"2025-26","Fall","LDRS","1414","Citizen Leadership","Olowoyo","3.37","62.5","7.5","0","7.5","7.5","0","5","0","5","0","0","5","1","40","87214","  3"
"2025-26","Fall","LDRS","2014","Principles of Peer Leadership","McCain","3.93","88.1","6.8","0","5.1","0","0","0","0","0","0","0","0","0","59","87216","  3"
"2025-26","Fall","LDRS","2964","Field Study","Council","4","100","0","0","0","0","0","0","0","0","0","0","0","0","15","87217","  3"
"2025-26","Fall","LDRS","2964","Field Study","McCain","4","100","0","0","0","0","0","0","0","0","0","0","0","0","15","87217","  3"
"2025-26","Fall","LDRS","3104","The Dynamics of Leadership","Walz","3.74","63.6","18.2","0","9.1","9.1","0","0","0","0","0","0","0","0","11","87219","  3"
"2025-26","Fall","LDRS","4044","Leadership Studies Capstone","Council","3.76","72.7","9.1","0","9.1","9.1","0","0","0","0","0","0","0","0","11","87220","  1"
"2025-26","Fall","LDRS","5454","Leadership Diverse Contexts","Walz","3.89","79.2","8.3","12.5","0","0","0","0","0","0","0","0","0","0","24","87226","  3"
"2025-26","Fall","LDRS","5534","Leading with Cognitive Diversi","Walz","3.85","76.9","7.7","7.7","7.7","0","0","0","0","0","0","0","0","0","13","87227","  3"
"2025-26","Fall","LDRS","5544","Leading Teams through Change","Friedel","3.94","79.2","20.8","0","0","0","0","0","0","0","0","0","0","0","24","87228","  3"
"2025-26","Fall","MACR","5015","MACR Fundament Lab I and II","Bortner","3.67","42.9","28.6","14.3","14.3","0","0","0","0","0","0","0","0","0","7","87250","  3"
"2025-26","Fall","MATH","1014","Precalc with Transcendental","Thompson","2.62","20.3","7.8","15.6","5.5","7.8","9.4","11.7","2.3","4.7","5.5","3.9","5.5","14","128","87258","  3"
"2025-26","Fall","MATH","1014","Precalc with Transcendental","Thompson","2.69","17.6","15.3","12.2","6.1","6.9","10.7","9.2","6.9","3.1","4.6","2.3","5.3","11","131","91229","  3"
"2025-26","Fall","MATH","1014","Precalc with Transcendental","Thompson","2.75","18.1","10.1","16.1","12.8","6.7","12.1","7.4","2.7","3.4","2.7","2.7","5.4","11","149","87257","  3"
"2025-26","Fall","MATH","1025","Elementary Calculus","England","2.73","18.3","7.2","11.8","13.7","14.4","6.5","10.5","3.9","2.6","4.6","5.2","1.3","3","153","91232","  3"
"2025-26","Fall","MATH","1025","Elementary Calculus","Caruso","2.76","11.7","13.5","16.6","13.5","9.2","11","9.8","4.3","2.5","2.5","2.5","3.1","5","163","87263","  3"
"2025-26","Fall","MATH","1025","Elementary Calculus","Caruso","2.76","12.2","12.2","12.2","19.2","12.8","6.4","11","4.1","1.7","2.9","1.2","4.1","6","172","87264","  3"
"2025-26","Fall","MATH","1025","Elementary Calculus","Sharpe","2.5","12.2","8.8","9.9","19.3","7.2","6.6","8.3","7.7","5.5","5.5","1.7","7.2","15","181","87261","  3"
"2025-26","Fall","MATH","1025","Elementary Calculus","Sharpe","2.53","11.3","8.6","12.4","15.6","7.5","6.5","10.8","9.7","7","4.3","3.2","3.2","16","186","87262","  3"
"2025-26","Fall","MATH","1026","Elementary Calculus","Caruso","2.31","8.8","10","15","11.3","7.5","5","10","6.3","2.5","10","0","13.8","3","80","87269","  3"
"2025-26","Fall","MATH","1026","Elementary Calculus","Rappold","2.57","8.7","15.2","13","12","9.8","9.8","7.6","5.4","4.3","6.5","2.2","5.4","5","92","91234","  3"
"2025-26","Fall","MATH","1214","Preparation for Calculus","Silber","2.53","0","0","21.1","26.3","15.8","5.3","0","21.1","10.5","0","0","0","5","19","87282","  3"
"2025-26","Fall","MATH","1214","Preparation for Calculus","Chow","2.23","5","5","5","20","15","15","5","5","5","5","5","10","3","20","87286","  3"
"2025-26","Fall","MATH","1214","Preparation for Calculus","Nakaj","2.11","5","10","0","20","20","0","5","5","0","15","10","10","2","20","87276","  3"
"2025-26","Fall","MATH","1214","Preparation for Calculus","Liu","2.05","3.7","7.4","0","14.8","14.8","7.4","14.8","7.4","14.8","0","0","14.8","8","27","87280","  3"
"2025-26","Fall","MATH","1214","Preparation for Calculus","Downs","2.64","10.3","6.9","10.3","27.6","3.4","10.3","13.8","6.9","3.4","3.4","0","3.4","8","29","87272","  3"
"2025-26","Fall","MATH","1214","Preparation for Calculus","Liao","2.44","3.2","6.5","9.7","29","6.5","12.9","9.7","9.7","0","3.2","3.2","6.5","7","31","87271","  3"
"2025-26","Fall","MATH","1214","Preparation for Calculus","Quinlan","2.55","6.5","3.2","12.9","19.4","3.2","29","16.1","3.2","0","3.2","0","3.2","6","31","87279","  3"
"2025-26","Fall","MATH","1214","Preparation for Calculus","Giannitsi","2.55","9.4","9.4","9.4","21.9","6.3","12.5","15.6","3.1","3.1","0","0","9.4","5","32","87287","  3"
"2025-26","Fall","MATH","1214","Preparation for Calculus","Elsrrawi","2.36","9.1","15.2","3","12.1","18.2","3","6.1","12.1","0","6.1","3","12.1","3","33","87277","  3"
"2025-26","Fall","MATH","1214","Preparation for Calculus","Rivera","2.58","15.2","9.1","6.1","12.1","24.2","6.1","3","6.1","3","6.1","3","6.1","4","33","87274","  3"
"2025-26","Fall","MATH","1214","Preparation for Calculus","Wan","2.47","3","3","6.1","18.2","30.3","15.2","3","9.1","6.1","3","0","3","5","33","87278","  3"
"2025-26","Fall","MATH","1214","Preparation for Calculus","Daly","2.28","2.9","5.9","14.7","26.5","2.9","5.9","11.8","5.9","5.9","0","5.9","11.8","3","34","87289","  3"
"2025-26","Fall","MATH","1214","Preparation for Calculus","Elsrrawi","2.23","8.8","5.9","8.8","14.7","11.8","8.8","8.8","8.8","0","5.9","2.9","14.7","1","34","87288","  3"
"2025-26","Fall","MATH","1214","Preparation for Calculus","LaTona-Tequida","2.71","8.8","14.7","17.6","11.8","11.8","2.9","11.8","5.9","5.9","5.9","2.9","0","4","34","87283","  3"
"2025-26","Fall","MATH","1214","Preparation for Calculus","Quinlan","2.2","5.9","0","14.7","8.8","8.8","17.6","2.9","14.7","17.6","2.9","0","5.9","4","34","87284","  3"
"2025-26","Fall","MATH","1214","Preparation for Calculus","Woosley","2.11","5.9","0","5.9","11.8","8.8","5.9","11.8","32.4","8.8","2.9","2.9","2.9","4","34","87285","  3"
"2025-26","Fall","MATH","1214","Preparation for Calculus","Tarasenkov","2.42","5.7","0","14.3","11.4","8.6","14.3","28.6","8.6","5.7","2.9","0","0","3","35","87281","  3"
"2025-26","Fall","MATH","1214","Preparation for Calculus","Amini","2.41","13.9","8.3","5.6","22.2","5.6","11.1","5.6","2.8","5.6","5.6","0","13.9","3","36","87273","  3"
"2025-26","Fall","MATH","1214","Preparation for Calculus","Quinlan","2.39","2.8","11.1","11.1","16.7","2.8","8.3","16.7","16.7","2.8","2.8","8.3","0","2","36","87275","  3"
"2025-26","Fall","MATH","1225","Calculus of a Single Variable","Dao","2.67","27.3","9.1","0","0","18.2","0","18.2","9.1","18.2","0","0","0","8","11","87304","  4"
"2025-26","Fall","MATH","1225","Calculus of a Single Variable","Schmale","2.73","18.2","18.2","18.2","0","9.1","9.1","0","9.1","9.1","0","0","9.1","0","11","87314","  4"
"2025-26","Fall","MATH","1225","Calculus of a Single Variable","Jones","2.25","0","6.7","13.3","20","0","6.7","20","20","0","6.7","0","6.7","3","15","87306","  4"
"2025-26","Fall","MATH","1225","Calculus of a Single Variable","Jones","2.18","5","10","0","10","5","10","25","20","0","10","0","5","3","20","87301","  4"
"2025-26","Fall","MATH","1225","Calculus of a Single Variable","Hartman","2.07","8.7","4.3","4.3","4.3","13","8.7","21.7","0","13","13","0","8.7","13","23","87290","  4"
"2025-26","Fall","MATH","1225","Calculus of a Single Variable","Soomro","2.44","8.7","4.3","4.3","26.1","4.3","4.3","8.7","26.1","13","0","0","0","13","23","87295","  4"
"2025-26","Fall","MATH","1225","Calculus of a Single Variable","Dao","2.63","4.2","12.5","12.5","8.3","20.8","16.7","8.3","4.2","8.3","4.2","0","0","10","24","87313","  4"
"2025-26","Fall","MATH","1225","Calculus of a Single Variable","Jones","2.46","0","12","8","28","8","20","8","0","0","8","0","8","7","25","87302","  4"
"2025-26","Fall","MATH","1225","Calculus of a Single Variable","Arenas Mata","2.51","11.5","15.4","3.8","19.2","0","11.5","15.4","0","7.7","7.7","3.8","3.8","12","26","87296","  4"
"2025-26","Fall","MATH","1225","Calculus of a Single Variable","Dao","2.44","11.5","3.8","7.7","11.5","19.2","11.5","11.5","3.8","3.8","7.7","3.8","3.8","11","26","87293","  4"
"2025-26","Fall","MATH","1225","Calculus of a Single Variable","Gourley","2.1","15.4","0","7.7","11.5","3.8","7.7","11.5","11.5","3.8","7.7","7.7","11.5","6","26","87312","  4"
"2025-26","Fall","MATH","1225","Calculus of a Single Variable","Scarlett","2.65","7.7","11.5","11.5","23.1","0","23.1","3.8","7.7","7.7","0","0","3.8","9","26","87292","  4"
"2025-26","Fall","MATH","1225","Calculus of a Single Variable","Evans","2.25","0","3.7","18.5","18.5","7.4","3.7","14.8","18.5","3.7","0","0","11.1","10","27","87298","  4"
"2025-26","Fall","MATH","1225","Calculus of a Single Variable","Mozaffarikhah","2.26","10.7","3.6","7.1","10.7","7.1","7.1","25","3.6","7.1","10.7","3.6","3.6","8","28","87303","  4"
"2025-26","Fall","MATH","1225","Calculus of a Single Variable","Quinton","2.56","10.7","10.7","10.7","10.7","10.7","7.1","17.9","10.7","3.6","0","3.6","3.6","10","28","87297","  4"
"2025-26","Fall","MATH","1225","Calculus of a Single Variable","Jackson","2.61","13.8","6.9","10.3","10.3","17.2","6.9","17.2","3.4","6.9","3.4","0","3.4","7","29","87305","  4"
"2025-26","Fall","MATH","1225","Calculus of a Single Variable","Benbourenane","2.21","3.3","6.7","0","23.3","13.3","10","10","6.7","13.3","3.3","3.3","6.7","7","30","87310","  4"
"2025-26","Fall","MATH","1225","Calculus of a Single Variable","Buttemere","2.86","13.3","16.7","3.3","20","20","3.3","13.3","3.3","0","3.3","3.3","0","5","30","87311","  4"
"2025-26","Fall","MATH","1225","Calculus of a Single Variable","Biswas","2.67","6.5","9.7","19.4","19.4","3.2","16.1","9.7","3.2","9.7","0","0","3.2","7","31","87291","  4"
"2025-26","Fall","MATH","1225","Calculus of a Single Variable","Biswas","2.37","3.2","3.2","9.7","25.8","3.2","22.6","16.1","3.2","3.2","0","0","9.7","5","31","87299","  4"
"2025-26","Fall","MATH","1225","Calculus of a Single Variable","Mozaffarikhah","2.74","9.7","16.1","9.7","19.4","16.1","9.7","9.7","0","0","0","0","9.7","4","31","87317","  4"
"2025-26","Fall","MATH","1225","Calculus of a Single Variable","Biswas","2.5","0","15.6","18.8","6.3","21.9","12.5","6.3","3.1","3.1","0","3.1","9.4","6","32","87294","  4"
"2025-26","Fall","MATH","1225","Calculus of a Single Variable","Lichtenwalner","3.03","40.6","15.6","3.1","9.4","3.1","6.3","3.1","3.1","3.1","3.1","3.1","6.3","7","32","87307","  4"
"2025-26","Fall","MATH","1225","Calculus of a Single Variable","Mozaffarikhah","2.75","18.8","0","9.4","25","9.4","15.6","9.4","3.1","0","6.3","3.1","0","3","32","87309","  4"
"2025-26","Fall","MATH","1225","Calculus of a Single Variable","Buttemere","2.68","12.1","6.1","3","21.2","30.3","3","9.1","3","6.1","3","0","3","3","33","87308","  4"
"2025-26","Fall","MATH","1226","Calculus of a Single Variable","Pidaparthi","1.28","0","10","0","0","10","0","20","10","0","0","10","40","10","10","92699","  4"
"2025-26","Fall","MATH","1226","Calculus of a Single Variable","Chenicheri Chathoth","1.89","0","5.9","0","5.9","29.4","11.8","5.9","11.8","5.9","0","5.9","17.6","3","17","87341","  4"
"2025-26","Fall","MATH","1226","Calculus of a Single Variable","Nguyen","1.94","5.6","5.6","0","0","11.1","5.6","33.3","22.2","0","0","5.6","11.1","18","18","87328","  4"
"2025-26","Fall","MATH","1226","Calculus of a Single Variable","Walker","1.71","10","0","5","10","10","5","5","15","5","0","5","30","12","20","92700","  4"
"2025-26","Fall","MATH","1226","Calculus of a Single Variable","Ouliaei-Nia","2.3","8.7","4.3","13","8.7","17.4","0","0","21.7","13","8.7","0","4.3","5","23","87320","  4"
"2025-26","Fall","MATH","1226","Calculus of a Single Variable","Pidaparthi","2.03","0","4.2","8.3","16.7","16.7","8.3","4.2","16.7","4.2","4.2","0","16.7","13","24","87331","  4"
"2025-26","Fall","MATH","1226","Calculus of a Single Variable","Shaplin","2.21","8.3","8.3","4.2","4.2","4.2","8.3","33.3","8.3","12.5","0","4.2","4.2","10","24","87323","  4"
"2025-26","Fall","MATH","1226","Calculus of a Single Variable","Evans","1.87","7.7","3.8","3.8","7.7","11.5","7.7","7.7","11.5","7.7","3.8","11.5","15.4","15","26","87322","  4"
"2025-26","Fall","MATH","1226","Calculus of a Single Variable","Shalqini","2.29","7.7","11.5","3.8","3.8","15.4","7.7","19.2","15.4","3.8","0","3.8","7.7","11","26","87333","  4"
"2025-26","Fall","MATH","1226","Calculus of a Single Variable","Shaplin","2.6","11.5","11.5","7.7","7.7","0","11.5","38.5","11.5","0","0","0","0","12","26","87336","  4"
"2025-26","Fall","MATH","1226","Calculus of a Single Variable","Park","1.7","3.7","3.7","3.7","3.7","3.7","11.1","22.2","3.7","7.4","22.2","0","14.8","3","27","87321","  4"
"2025-26","Fall","MATH","1226","Calculus of a Single Variable","Grey","2.68","7.1","10.7","21.4","10.7","17.9","10.7","0","14.3","0","0","0","7.1","5","28","87338","  4"
"2025-26","Fall","MATH","1226","Calculus of a Single Variable","Garcia Hilares","2.24","13.8","0","3.4","17.2","6.9","10.3","20.7","0","3.4","17.2","0","6.9","8","29","87327","  4"
"2025-26","Fall","MATH","1226","Calculus of a Single Variable","Garcia Hilares","2.37","10.3","10.3","13.8","13.8","6.9","0","13.8","3.4","0","13.8","6.9","6.9","6","29","87340","  4"
"2025-26","Fall","MATH","1226","Calculus of a Single Variable","Pidaparthi","2.04","0","13.3","0","6.7","13.3","3.3","36.7","0","0","13.3","6.7","6.7","9","30","87330","  4"
"2025-26","Fall","MATH","1226","Calculus of a Single Variable","Yang","1.84","9.4","0","3.1","9.4","6.3","9.4","6.3","12.5","9.4","21.9","3.1","9.4","4","32","87342","  4"
"2025-26","Fall","MATH","1226","Calculus of a Single Variable","Burleson","2.2","6.1","3","12.1","6.1","24.2","6.1","6.1","12.1","3","6.1","6.1","9.1","7","33","87324","  4"
"2025-26","Fall","MATH","1226","Calculus of a Single Variable","England","2.88","27.3","3","9.1","18.2","9.1","9.1","12.1","3","0","6.1","3","0","2","33","87319","  4"
"2025-26","Fall","MATH","1226","Calculus of a Single Variable","Pei","2.91","14.7","5.9","17.6","17.6","17.6","5.9","8.8","11.8","0","0","0","0","1","34","87339","  4"
"2025-26","Fall","MATH","1226","Calculus of a Single Variable","Yang","2.15","5.9","2.9","2.9","26.5","8.8","8.8","0","23.5","0","2.9","5.9","11.8","5","34","87318","  4"
"2025-26","Fall","MATH","1226","Calculus of a Single Variable","Yang","2.84","23.5","11.8","5.9","17.6","2.9","2.9","20.6","5.9","5.9","0","0","2.9","6","34","87329","  4"
"2025-26","Fall","MATH","1226","Calculus of a Single Variable","Evans","3.09","11.4","22.9","14.3","22.9","14.3","0","5.7","5.7","2.9","0","0","0","3","35","87332","  4"
"2025-26","Fall","MATH","1226","Calculus of a Single Variable","Chenicheri Chathoth","2.59","13.9","16.7","5.6","11.1","11.1","13.9","8.3","2.8","5.6","0","0","11.1","2","36","87334","  4"
"2025-26","Fall","MATH","1226","Calculus of a Single Variable","England","2.86","16.7","19.4","5.6","19.4","2.8","8.3","16.7","2.8","2.8","2.8","0","2.8","0","36","87337","  4"
"2025-26","Fall","MATH","1226","Calculus of a Single Variable","Garcia Hilares","2.31","11.1","13.9","5.6","16.7","0","5.6","16.7","0","5.6","13.9","0","11.1","5","36","87325","  4"
"2025-26","Fall","MATH","1226","Calculus of a Single Variable","Pei","2.86","8.3","13.9","11.1","25","13.9","13.9","2.8","8.3","0","0","0","2.8","2","36","87335","  4"
"2025-26","Fall","MATH","1226","Calculus of a Single Variable","Pei","2.56","2.6","21.1","5.3","18.4","13.2","5.3","10.5","10.5","2.6","2.6","2.6","5.3","1","38","87326","  4"
"2025-26","Fall","MATH","1454","Intro to Math Programming","Lin","2.88","17.6","14.7","14.7","11.8","11.8","8.8","11.8","0","2.9","0","0","5.9","1","34","87343","  3"
"2025-26","Fall","MATH","1524","Business Calculus","Agud","3.3","30","20","10","10","10","20","0","0","0","0","0","0","0","10","87375","  4"
"2025-26","Fall","MATH","1524","Business Calculus","Agud","2.54","18.8","6.3","12.5","12.5","0","0","31.3","6.3","0","0","6.3","6.3","6","16","91391","  4"
"2025-26","Fall","MATH","1524","Business Calculus","Agud","2.51","15.8","0","10.5","26.3","5.3","5.3","15.8","5.3","5.3","0","0","10.5","9","19","91402","  4"
"2025-26","Fall","MATH","1524","Business Calculus","Agud","2.86","35","5","15","0","5","10","10","10","0","5","0","5","9","20","91398","  4"
"2025-26","Fall","MATH","1524","Business Calculus","Hulko","2.24","20","0","10","10","5","5","10","15","0","10","0","15","6","20","87365","  4"
"2025-26","Fall","MATH","1524","Business Calculus","Hulko","2.73","20","5","20","15","5","0","10","5","10","5","5","0","8","20","87368","  4"
"2025-26","Fall","MATH","1524","Business Calculus","Agud","2.51","18.2","13.6","0","9.1","0","22.7","18.2","0","9.1","0","0","9.1","5","22","91389","  4"
"2025-26","Fall","MATH","1524","Business Calculus","Agud","2.77","30.4","4.3","17.4","0","4.3","13","17.4","0","4.3","0","0","8.7","11","23","91390","  4"
"2025-26","Fall","MATH","1524","Business Calculus","Agud","2.96","33.3","8.3","0","8.3","12.5","12.5","16.7","0","8.3","0","0","0","6","24","91396","  4"
"2025-26","Fall","MATH","1524","Business Calculus","Agud","2.62","12.5","12.5","12.5","20.8","8.3","8.3","8.3","0","0","4.2","0","12.5","8","24","91405","  4"
"2025-26","Fall","MATH","1524","Business Calculus","Juste","2.68","8","12","4","16","8","20","28","4","0","0","0","0","8","25","87357","  4"
"2025-26","Fall","MATH","1524","Business Calculus","Juste","2.83","12","12","12","24","12","4","8","8","0","8","0","0","9","25","91244","  4"
"2025-26","Fall","MATH","1524","Business Calculus","Hulko","2.85","26.9","7.7","7.7","7.7","11.5","3.8","19.2","7.7","3.8","3.8","0","0","10","26","87345","  4"
"2025-26","Fall","MATH","1524","Business Calculus","Hulko","2.91","26.9","11.5","11.5","11.5","3.8","7.7","7.7","11.5","3.8","0","0","3.8","10","26","87348","  4"
"2025-26","Fall","MATH","1524","Business Calculus","Hulko","2.85","15.4","11.5","3.8","23.1","11.5","11.5","11.5","7.7","3.8","0","0","0","3","26","87361","  4"
"2025-26","Fall","MATH","1524","Business Calculus","Hulko","2.87","26.9","7.7","7.7","11.5","15.4","7.7","11.5","0","3.8","3.8","0","3.8","5","26","87367","  4"
"2025-26","Fall","MATH","1524","Business Calculus","Agud","2.33","11.1","14.8","3.7","22.2","11.1","3.7","3.7","3.7","0","0","3.7","22.2","3","27","91395","  4"
"2025-26","Fall","MATH","1524","Business Calculus","Hulko","2.9","18.5","18.5","11.1","14.8","0","7.4","18.5","7.4","0","0","0","3.7","6","27","87366","  4"
"2025-26","Fall","MATH","1524","Business Calculus","Hulko","2.65","21.4","7.1","3.6","7.1","10.7","25","3.6","10.7","3.6","3.6","0","3.6","7","28","87374","  4"
"2025-26","Fall","MATH","1524","Business Calculus","Juste","2.79","14.3","14.3","7.1","14.3","10.7","10.7","14.3","3.6","10.7","0","0","0","9","28","91238","  4"
"2025-26","Fall","MATH","1524","Business Calculus","Hulko","2.52","24.1","6.9","3.4","13.8","6.9","0","17.2","6.9","6.9","3.4","0","10.3","7","29","87360","  4"
"2025-26","Fall","MATH","1524","Business Calculus","Hulko","2.82","17.2","6.9","13.8","13.8","6.9","17.2","17.2","3.4","0","0","3.4","0","2","29","87373","  4"
"2025-26","Fall","MATH","1524","Business Calculus","Juste","2.61","6.9","17.2","10.3","10.3","13.8","17.2","3.4","6.9","6.9","0","0","6.9","9","29","87353","  4"
"2025-26","Fall","MATH","1524","Business Calculus","Juste","2.76","17.2","10.3","3.4","17.2","10.3","10.3","13.8","13.8","0","0","3.4","0","8","29","91240","  4"
"2025-26","Fall","MATH","1524","Business Calculus","Hulko","2.82","26.7","3.3","13.3","6.7","6.7","10","23.3","6.7","0","0","0","3.3","6","30","87346","  4"
"2025-26","Fall","MATH","1524","Business Calculus","Hulko","2.85","26.7","3.3","13.3","3.3","10","13.3","20","6.7","0","3.3","0","0","3","30","87347","  4"
"2025-26","Fall","MATH","1524","Business Calculus","Hulko","2.64","16.7","6.7","10","13.3","3.3","16.7","13.3","10","6.7","0","0","3.3","4","30","87359","  4"
"2025-26","Fall","MATH","1524","Business Calculus","Juste","2.98","20","13.3","6.7","23.3","6.7","13.3","3.3","10","3.3","0","0","0","3","30","87370","  4"
"2025-26","Fall","MATH","1524","Business Calculus","Juste","2.79","10","3.3","20","20","16.7","6.7","6.7","13.3","3.3","0","0","0","7","30","91237","  4"
"2025-26","Fall","MATH","1524","Business Calculus","Hulko","2.52","19.4","9.7","3.2","6.5","12.9","3.2","19.4","12.9","0","3.2","3.2","6.5","5","31","87344","  4"
"2025-26","Fall","MATH","1524","Business Calculus","Hulko","2.8","19.4","3.2","22.6","16.1","3.2","6.5","12.9","3.2","9.7","0","0","3.2","7","31","87358","  4"
"2025-26","Fall","MATH","1524","Business Calculus","Juste","2.87","0","16.1","22.6","19.4","22.6","6.5","9.7","0","0","0","0","3.2","5","31","87369","  4"
"2025-26","Fall","MATH","1524","Business Calculus","Juste","2.54","12.5","12.5","9.4","6.3","18.8","3.1","15.6","6.3","0","6.3","3.1","6.3","7","32","87352","  4"
"2025-26","Fall","MATH","1524","Business Calculus","Juste","2.82","31.3","0","3.1","15.6","15.6","3.1","12.5","12.5","3.1","0","0","3.1","3","32","87371","  4"
"2025-26","Fall","MATH","1524","Business Calculus","Juste","2.63","9.4","3.1","15.6","15.6","6.3","15.6","15.6","18.8","0","0","0","0","6","32","91242","  4"
"2025-26","Fall","MATH","1524","Business Calculus","Juste","2.36","9.1","3","12.1","18.2","6.1","9.1","15.2","6.1","6.1","6.1","3","6.1","6","33","87372","  4"
"2025-26","Fall","MATH","1535","Geometry Mathematics of Design","Parija","3.06","17.2","20.7","20.7","17.2","3.4","3.4","3.4","3.4","3.4","3.4","3.4","0","1","29","87378","  3"
"2025-26","Fall","MATH","1535","Geometry Mathematics of Design","Parija","3.25","23.3","26.7","13.3","20","6.7","0","3.3","0","3.3","0","0","3.3","4","30","87376","  3"
"2025-26","Fall","MATH","1535","Geometry Mathematics of Design","Parija","3.27","25","21.4","14.3","17.9","8.9","3.6","5.4","0","1.8","1.8","0","0","1","56","87377","  3"
"2025-26","Fall","MATH","1614","Numbers and Operations","Silber","3.33","34.8","13","17.4","17.4","4.3","4.3","4.3","0","4.3","0","0","0","0","23","87380","  3"
"2025-26","Fall","MATH","1614","Numbers and Operations","Silber","3.21","37.5","8.3","25","0","16.7","0","4.2","0","0","4.2","0","4.2","0","24","87379","  3"
"2025-26","Fall","MATH","1624","Geometry for Teachers","Mitchell","2.64","36.4","0","9.1","18.2","9.1","0","0","0","0","9.1","0","18.2","0","11","87381","  3"
"2025-26","Fall","MATH","2114","Introduction to Linear Algebra","Smits","2.28","5","10","15","5","15","15","5","5","10","0","0","15","11","20","87414","  3"
"2025-26","Fall","MATH","2114","Introduction to Linear Algebra","Smits","2.66","30.4","4.3","4.3","8.7","21.7","4.3","0","8.7","0","4.3","0","13","6","23","87410","  3"
"2025-26","Fall","MATH","2114","Introduction to Linear Algebra","Dahlin","2.45","8.3","4.2","4.2","8.3","37.5","16.7","0","4.2","0","8.3","4.2","4.2","9","24","87408","  3"
"2025-26","Fall","MATH","2114","Introduction to Linear Algebra","Gugercin","2.36","4","20","0","8","12","8","20","16","0","4","0","8","0","25","87406","  3"
"2025-26","Fall","MATH","2114","Introduction to Linear Algebra","Chung","3.07","29.6","18.5","3.7","18.5","7.4","3.7","7.4","3.7","0","0","3.7","3.7","8","27","87393","  3"
"2025-26","Fall","MATH","2114","Introduction to Linear Algebra","Smits","2.16","25.9","3.7","0","0","11.1","11.1","3.7","7.4","14.8","3.7","0","18.5","8","27","87402","  3"
"2025-26","Fall","MATH","2114","Introduction to Linear Algebra","Wilson","3.33","39.3","7.1","14.3","17.9","14.3","0","0","3.6","0","3.6","0","0","1","28","87415","  3"
"2025-26","Fall","MATH","2114","Introduction to Linear Algebra","Elgart","2.72","6.9","6.9","24.1","20.7","6.9","6.9","17.2","0","3.4","3.4","0","3.4","0","29","92068","  3"
"2025-26","Fall","MATH","2114","Introduction to Linear Algebra","Smucker","2.51","23.3","6.7","0","13.3","6.7","13.3","10","10","3.3","3.3","0","10","5","30","87392","  3"
"2025-26","Fall","MATH","2114","Introduction to Linear Algebra","Cvitanov","2.63","32.3","3.2","3.2","12.9","9.7","3.2","9.7","3.2","3.2","9.7","0","9.7","5","31","87385","  3"
"2025-26","Fall","MATH","2114","Introduction to Linear Algebra","Adjerid","2.29","18.8","3.1","3.1","12.5","6.3","9.4","12.5","6.3","12.5","0","6.3","9.4","6","32","87382","  3"
"2025-26","Fall","MATH","2114","Introduction to Linear Algebra","Camps Moreno","2.6","31.3","0","3.1","18.8","3.1","6.3","12.5","0","6.3","12.5","0","6.3","4","32","87396","  3"
"2025-26","Fall","MATH","2114","Introduction to Linear Algebra","Elgart","2.78","6.3","12.5","6.3","34.4","15.6","3.1","6.3","9.4","0","3.1","3.1","0","2","32","92069","  3"
"2025-26","Fall","MATH","2114","Introduction to Linear Algebra","San Jose Rubio","2.68","15.6","9.4","6.3","28.1","9.4","3.1","6.3","9.4","0","3.1","3.1","6.3","4","32","87394","  3"
"2025-26","Fall","MATH","2114","Introduction to Linear Algebra","Tsai","2.55","18.8","9.4","0","21.9","12.5","6.3","9.4","3.1","3.1","3.1","0","12.5","3","32","87388","  3"
"2025-26","Fall","MATH","2114","Introduction to Linear Algebra","Barreto","3.07","27.3","18.2","12.1","12.1","6.1","6.1","0","12.1","0","3","0","3","8","33","87407","  3"
"2025-26","Fall","MATH","2114","Introduction to Linear Algebra","Carracedo Rodriguez","2.54","21.2","3","18.2","9.1","3","12.1","9.1","3","6.1","3","0","12.1","7","33","87404","  3"
"2025-26","Fall","MATH","2114","Introduction to Linear Algebra","Fowler","2.57","12.1","15.2","18.2","3","12.1","6.1","0","15.2","6.1","3","0","9.1","1","33","87409","  3"
"2025-26","Fall","MATH","2114","Introduction to Linear Algebra","Moore","2.23","15.2","6.1","0","6.1","18.2","3","12.1","18.2","6.1","3","0","12.1","6","33","92712","  3"
"2025-26","Fall","MATH","2114","Introduction to Linear Algebra","Morris","2.72","24.2","3","12.1","18.2","6.1","9.1","6.1","3","9.1","3","0","6.1","4","33","87386","  3"
"2025-26","Fall","MATH","2114","Introduction to Linear Algebra","Yang","2.55","18.2","6.1","9.1","6.1","9.1","12.1","12.1","12.1","3","6.1","6.1","0","5","33","87401","  3"
"2025-26","Fall","MATH","2114","Introduction to Linear Algebra","Barreto","2.35","14.7","2.9","5.9","11.8","14.7","11.8","5.9","11.8","2.9","5.9","2.9","8.8","4","34","92713","  3"
"2025-26","Fall","MATH","2114","Introduction to Linear Algebra","Summers","2.61","17.6","5.9","5.9","17.6","8.8","5.9","23.5","0","0","11.8","0","2.9","4","34","87390","  3"
"2025-26","Fall","MATH","2114","Introduction to Linear Algebra","Cvitanov","2.43","25.7","2.9","5.7","5.7","11.4","8.6","8.6","5.7","0","14.3","2.9","8.6","5","35","87399","  3"
"2025-26","Fall","MATH","2114","Introduction to Linear Algebra","Flanagan","2.47","22.9","8.6","5.7","5.7","8.6","8.6","5.7","14.3","0","2.9","8.6","8.6","7","35","87405","  3"
"2025-26","Fall","MATH","2114","Introduction to Linear Algebra","Bechtloff Weising","2.64","2.8","16.7","11.1","11.1","19.4","8.3","11.1","11.1","2.8","2.8","2.8","0","4","36","92747","  3"
"2025-26","Fall","MATH","2114","Introduction to Linear Algebra","Cvitanov","2.1","13.9","2.8","8.3","11.1","2.8","16.7","11.1","0","8.3","2.8","2.8","19.4","5","36","87389","  3"
"2025-26","Fall","MATH","2114","Introduction to Linear Algebra","Fowler","2.57","22.2","11.1","5.6","8.3","11.1","2.8","5.6","13.9","5.6","5.6","0","8.3","4","36","87395","  3"
"2025-26","Fall","MATH","2114","Introduction to Linear Algebra","Robbins","2.38","13.9","2.8","8.3","8.3","11.1","16.7","8.3","11.1","2.8","8.3","5.6","2.8","3","36","87383","  3"
"2025-26","Fall","MATH","2114","Introduction to Linear Algebra","Robbins","2.74","22.2","5.6","13.9","11.1","5.6","11.1","5.6","13.9","5.6","2.8","0","2.8","3","36","87412","  3"
"2025-26","Fall","MATH","2114","Introduction to Linear Algebra","Flanagan","2.54","16.2","10.8","8.1","10.8","5.4","5.4","18.9","8.1","5.4","2.7","2.7","5.4","6","37","87413","  3"
"2025-26","Fall","MATH","2114","Introduction to Linear Algebra","Gugercin","2.68","18.9","5.4","13.5","18.9","10.8","5.4","8.1","2.7","2.7","2.7","2.7","8.1","4","37","87391","  3"
"2025-26","Fall","MATH","2114","Introduction to Linear Algebra","Yang","2.53","8.1","10.8","5.4","8.1","16.2","16.2","16.2","10.8","2.7","2.7","0","2.7","4","37","87398","  3"
"2025-26","Fall","MATH","2114","Introduction to Linear Algebra","Flanagan","2.41","5.3","2.6","13.2","10.5","15.8","7.9","21.1","13.2","5.3","2.6","0","2.6","3","38","87403","  3"
"2025-26","Fall","MATH","2114","Introduction to Linear Algebra","Ackermann","2.47","17.9","0","5.1","12.8","15.4","10.3","7.7","15.4","2.6","7.7","2.6","2.6","1","39","91333","  3"
"2025-26","Fall","MATH","2114","Introduction to Linear Algebra","Bechtloff Weising","3","12.8","25.6","12.8","10.3","15.4","5.1","0","12.8","2.6","2.6","0","0","0","39","92748","  3"
"2025-26","Fall","MATH","2114","Introduction to Linear Algebra","Hart","2.77","10.3","17.9","0","17.9","20.5","12.8","10.3","2.6","2.6","2.6","0","2.6","1","39","87397","  3"
"2025-26","Fall","MATH","2114","Introduction to Linear Algebra","Hart","2.96","20","7.5","5","35","10","0","10","10","0","2.5","0","0","1","40","87411","  3"
"2025-26","Fall","MATH","2114","Introduction to Linear Algebra","Robbins","2.68","15","7.5","20","12.5","5","12.5","2.5","10","5","2.5","5","2.5","1","40","87384","  3"
"2025-26","Fall","MATH","2204","Intro Multivariable Calculus","Topcu","2.23","20","0","6.7","13.3","6.7","6.7","0","20","6.7","0","6.7","13.3","8","15","87428","  3"
"2025-26","Fall","MATH","2204","Intro Multivariable Calculus","Loehr","3","12.5","6.3","25","18.8","25","0","6.3","0","6.3","0","0","0","3","16","87447","  3"
"2025-26","Fall","MATH","2204","Intro Multivariable Calculus","Robert","2.81","15.8","5.3","10.5","15.8","21.1","5.3","21.1","0","0","5.3","0","0","2","19","87437","  3"
"2025-26","Fall","MATH","2204","Intro Multivariable Calculus","Topcu","1.56","0","0","5.3","0","21.1","15.8","0","5.3","15.8","15.8","0","21.1","9","19","92715","  3"
"2025-26","Fall","MATH","2204","Intro Multivariable Calculus","Wapperom","2.13","10.5","0","15.8","0","15.8","5.3","10.5","15.8","0","15.8","0","10.5","7","19","87441","  3"
"2025-26","Fall","MATH","2204","Intro Multivariable Calculus","Wapperom","1.94","0","8.7","13","4.3","4.3","17.4","8.7","8.7","4.3","13","4.3","13","7","23","87435","  3"
"2025-26","Fall","MATH","2204","Intro Multivariable Calculus","Soomro","1.64","11.5","0","3.8","0","3.8","7.7","11.5","15.4","3.8","23.1","0","19.2","6","26","92714","  3"
"2025-26","Fall","MATH","2204","Intro Multivariable Calculus","Jasso-Hernandez","2.27","21.4","10.7","7.1","3.6","7.1","3.6","0","17.9","7.1","0","0","21.4","9","28","87417","  3"
"2025-26","Fall","MATH","2204","Intro Multivariable Calculus","Saenz Maldonado","2.06","7.1","7.1","10.7","14.3","0","17.9","3.6","0","3.6","17.9","3.6","14.3","6","28","87430","  3"
"2025-26","Fall","MATH","2204","Intro Multivariable Calculus","Kasebian","2.53","17.2","17.2","10.3","6.9","3.4","10.3","10.3","6.9","0","0","0","17.2","8","29","91340","  3"
"2025-26","Fall","MATH","2204","Intro Multivariable Calculus","Saenz Maldonado","2.81","26.7","13.3","0","20","3.3","3.3","20","3.3","0","0","3.3","6.7","7","30","87434","  3"
"2025-26","Fall","MATH","2204","Intro Multivariable Calculus","Gaitan Montejo","2.64","12.5","12.5","6.3","12.5","18.8","6.3","12.5","6.3","0","9.4","0","3.1","4","32","87427","  3"
"2025-26","Fall","MATH","2204","Intro Multivariable Calculus","Soomro","2.24","6.3","3.1","6.3","15.6","9.4","12.5","18.8","9.4","0","12.5","0","6.3","7","32","87432","  3"
"2025-26","Fall","MATH","2204","Intro Multivariable Calculus","Topcu","2.5","12.5","9.4","21.9","6.3","9.4","9.4","3.1","3.1","12.5","0","0","12.5","5","32","87439","  3"
"2025-26","Fall","MATH","2204","Intro Multivariable Calculus","Benbourenane","2.49","17.6","2.9","2.9","17.6","14.7","2.9","17.6","5.9","0","8.8","5.9","2.9","3","34","87418","  3"
"2025-26","Fall","MATH","2204","Intro Multivariable Calculus","Kasebian","2.22","8.8","11.8","2.9","11.8","8.8","14.7","11.8","8.8","0","0","2.9","17.6","6","34","87420","  3"
"2025-26","Fall","MATH","2204","Intro Multivariable Calculus","Saenz Maldonado","2.4","11.8","11.8","2.9","17.6","0","8.8","23.5","0","0","17.6","2.9","2.9","4","34","87425","  3"
"2025-26","Fall","MATH","2204","Intro Multivariable Calculus","Pratt","2.4","14.3","14.3","2.9","8.6","5.7","14.3","11.4","8.6","5.7","0","2.9","11.4","5","35","87426","  3"
"2025-26","Fall","MATH","2204","Intro Multivariable Calculus","Pratt","3.04","20","22.9","11.4","17.1","2.9","5.7","8.6","2.9","0","5.7","2.9","0","0","35","87445","  3"
"2025-26","Fall","MATH","2204","Intro Multivariable Calculus","Reyes","2.61","11.4","5.7","17.1","17.1","8.6","5.7","17.1","0","5.7","5.7","2.9","2.9","6","35","87446","  3"
"2025-26","Fall","MATH","2204","Intro Multivariable Calculus","Jasso-Hernandez","2.86","36.1","2.8","8.3","5.6","5.6","13.9","8.3","13.9","0","0","0","5.6","2","36","87433","  3"
"2025-26","Fall","MATH","2204","Intro Multivariable Calculus","Perera","2.82","13.9","19.4","13.9","13.9","8.3","2.8","8.3","5.6","2.8","8.3","0","2.8","3","36","87422","  3"
"2025-26","Fall","MATH","2204","Intro Multivariable Calculus","Perera","2.97","22.2","13.9","13.9","13.9","8.3","8.3","5.6","2.8","5.6","2.8","2.8","0","3","36","87429","  3"
"2025-26","Fall","MATH","2204","Intro Multivariable Calculus","Kasebian","2.27","16.2","13.5","2.7","5.4","0","5.4","27","8.1","0","2.7","5.4","13.5","5","37","87438","  3"
"2025-26","Fall","MATH","2204","Intro Multivariable Calculus","Seebohm","2.36","16.2","5.4","2.7","10.8","2.7","10.8","24.3","16.2","0","0","2.7","8.1","3","37","87436","  3"
"2025-26","Fall","MATH","2204","Intro Multivariable Calculus","Seebohm","3.22","29.7","16.2","13.5","18.9","5.4","5.4","0","2.7","5.4","2.7","0","0","2","37","87444","  3"
"2025-26","Fall","MATH","2204","Intro Multivariable Calculus","Sinha","3.23","5.4","32.4","21.6","18.9","13.5","2.7","5.4","0","0","0","0","0","0","37","91335","  3"
"2025-26","Fall","MATH","2204","Intro Multivariable Calculus","Benbourenane","2.58","10.5","5.3","5.3","13.2","21.1","10.5","15.8","10.5","5.3","2.6","0","0","2","38","91341","  3"
"2025-26","Fall","MATH","2204","Intro Multivariable Calculus","Letona Bolivar","2.87","28.9","13.2","7.9","7.9","10.5","0","13.2","5.3","5.3","0","2.6","5.3","3","38","87443","  3"
"2025-26","Fall","MATH","2204","Intro Multivariable Calculus","Seebohm","2.51","15.8","13.2","5.3","18.4","2.6","7.9","10.5","5.3","2.6","7.9","0","10.5","1","38","87416","  3"
"2025-26","Fall","MATH","2204","Intro Multivariable Calculus","Perera","2.86","14.6","19.5","4.9","19.5","9.8","7.3","12.2","4.9","2.4","0","2.4","2.4","2","41","87419","  3"
"2025-26","Fall","MATH","2204","Intro Multivariable Calculus","Perera","2.87","22","12.2","17.1","12.2","7.3","2.4","9.8","4.9","2.4","4.9","0","4.9","0","41","91336","  3"
"2025-26","Fall","MATH","2204","Intro Multivariable Calculus","Brooker","2.7","7.1","2.4","21.4","21.4","19","0","16.7","2.4","7.1","0","0","2.4","0","42","87442","  3"
"2025-26","Fall","MATH","2204","Intro Multivariable Calculus","Seebohm","2.98","28.6","7.1","11.9","21.4","0","4.8","11.9","7.1","2.4","0","4.8","0","1","42","87440","  3"
"2025-26","Fall","MATH","2214","Intro Diff Equations","Lin","2.6","24","0","20","4","4","16","8","8","4","4","0","8","2","25","92758","  3"
"2025-26","Fall","MATH","2214","Intro Diff Equations","Ouliaei-Nia","2.03","3.8","15.4","7.7","0","23.1","3.8","7.7","0","11.5","3.8","0","23.1","8","26","92716","  3"
"2025-26","Fall","MATH","2214","Intro Diff Equations","Ouliaei-Nia","2.19","15.4","3.8","7.7","3.8","3.8","11.5","19.2","11.5","0","11.5","0","11.5","5","26","92717","  3"
"2025-26","Fall","MATH","2214","Intro Diff Equations","Hu","2.61","33.3","11.1","0","3.7","7.4","3.7","3.7","11.1","7.4","11.1","0","7.4","1","27","87462","  3"
"2025-26","Fall","MATH","2214","Intro Diff Equations","Abaid","2.91","25","6.3","12.5","15.6","12.5","6.3","9.4","3.1","3.1","3.1","0","3.1","5","32","91345","  3"
"2025-26","Fall","MATH","2214","Intro Diff Equations","Chung","2.35","12.5","9.4","0","25","15.6","6.3","0","3.1","0","9.4","6.3","12.5","6","32","87454","  3"
"2025-26","Fall","MATH","2214","Intro Diff Equations","Abaid","2.3","3","9.1","9.1","15.2","6.1","9.1","15.2","15.2","6.1","3","6.1","3","8","33","87464","  3"
"2025-26","Fall","MATH","2214","Intro Diff Equations","LeJeune","2.64","18.2","18.2","6.1","9.1","3","9.1","15.2","3","3","6.1","3","6.1","4","33","87461","  3"
"2025-26","Fall","MATH","2214","Intro Diff Equations","Zietsman","3.16","18.2","21.2","12.1","12.1","24.2","6.1","0","3","3","0","0","0","2","33","87467","  3"
"2025-26","Fall","MATH","2214","Intro Diff Equations","Yan","2.6","2.9","23.5","5.9","14.7","5.9","8.8","17.6","11.8","0","5.9","0","2.9","4","34","87459","  3"
"2025-26","Fall","MATH","2214","Intro Diff Equations","Alam","3.26","22.9","17.1","28.6","11.4","8.6","8.6","0","0","0","0","0","2.9","2","35","87448","  3"
"2025-26","Fall","MATH","2214","Intro Diff Equations","Elsrrawi","2.31","8.3","5.6","8.3","16.7","13.9","5.6","13.9","8.3","0","5.6","2.8","11.1","2","36","87453","  3"
"2025-26","Fall","MATH","2214","Intro Diff Equations","Chowdhury","2.71","24.3","13.5","5.4","13.5","10.8","2.7","5.4","2.7","2.7","5.4","8.1","5.4","1","37","87465","  3"
"2025-26","Fall","MATH","2214","Intro Diff Equations","Saucedo","3.39","51.4","8.1","10.8","13.5","2.7","2.7","2.7","2.7","2.7","0","0","2.7","1","37","87463","  3"
"2025-26","Fall","MATH","2214","Intro Diff Equations","Tabassum","2.38","5.4","13.5","5.4","13.5","18.9","13.5","2.7","5.4","5.4","0","5.4","10.8","0","37","87456","  3"
"2025-26","Fall","MATH","2214","Intro Diff Equations","Letona Bolivar","2.79","28.9","7.9","10.5","10.5","5.3","7.9","5.3","2.6","10.5","2.6","5.3","2.6","2","38","91343","  3"
"2025-26","Fall","MATH","2214","Intro Diff Equations","Chowdhury","3.23","30.8","17.9","12.8","12.8","10.3","2.6","5.1","2.6","0","2.6","2.6","0","0","39","87460","  3"
"2025-26","Fall","MATH","2214","Intro Diff Equations","Elsrrawi","2.64","20.5","17.9","5.1","10.3","7.7","5.1","2.6","15.4","0","2.6","2.6","10.3","0","39","87452","  3"
"2025-26","Fall","MATH","2214","Intro Diff Equations","Letona Bolivar","2.92","17.9","17.9","10.3","17.9","5.1","12.8","5.1","2.6","2.6","5.1","0","2.6","4","39","87458","  3"
"2025-26","Fall","MATH","2214","Intro Diff Equations","Saucedo","3.48","56.4","7.7","5.1","12.8","2.6","7.7","2.6","5.1","0","0","0","0","0","39","87457","  3"
"2025-26","Fall","MATH","2214","Intro Diff Equations","Chung","3.01","20","22.5","15","7.5","7.5","2.5","12.5","7.5","0","0","2.5","2.5","4","40","92150","  3"
"2025-26","Fall","MATH","2214","Intro Diff Equations","Hridoy","2.77","30","0","5","32.5","0","0","7.5","7.5","2.5","10","2.5","2.5","0","40","87466","  3"
"2025-26","Fall","MATH","2214","Intro Diff Equations","Letona Bolivar","2.88","17.5","17.5","15","12.5","12.5","2.5","5","7.5","0","2.5","2.5","5","0","40","87455","  3"
"2025-26","Fall","MATH","2214","Intro Diff Equations","Alam","2.88","14","11.6","14","20.9","2.3","18.6","4.7","9.3","4.7","0","0","0","0","43","87450","  3"
"2025-26","Fall","MATH","2214","Intro Diff Equations","Chung","2.97","23.3","11.6","7","18.6","14","7","7","7","0","2.3","0","2.3","2","43","92149","  3"
"2025-26","Fall","MATH","2405","Math in Computational Context","Carracedo Rodriguez","3.25","18.2","22.7","13.6","27.3","13.6","0","0","0","0","4.5","0","0","3","22","87468","  5"
"2025-26","Fall","MATH","2534","Intro Discrete Math","Quinlan","2.83","16.7","44.4","0","0","5.6","0","11.1","0","11.1","0","0","11.1","0","18","87474","  3"
"2025-26","Fall","MATH","2534","Intro Discrete Math","Khanna","2.84","11.1","18.5","22.2","14.8","7.4","3.7","7.4","3.7","0","3.7","0","7.4","1","27","87471","  3"
"2025-26","Fall","MATH","2534","Intro Discrete Math","Shaplin","2.38","13.2","0","5.3","23.7","0","13.2","10.5","18.4","2.6","10.5","0","2.6","4","38","87476","  3"
"2025-26","Fall","MATH","2534","Intro Discrete Math","Fowler","2.61","10.6","14.9","19.1","4.3","6.4","17","4.3","6.4","6.4","2.1","2.1","6.4","12","47","87469","  3"
"2025-26","Fall","MATH","2534","Intro Discrete Math","Fowler","2.34","12","4","12","10","12","12","0","10","10","10","2","6","8","50","87470","  3"
"2025-26","Fall","MATH","2534","Intro Discrete Math","Cvitanov","2.96","30.9","9.1","5.5","10.9","10.9","7.3","10.9","5.5","7.3","0","1.8","0","2","55","87473","  3"
"2025-26","Fall","MATH","2534","Intro Discrete Math","Juste","2.4","5.5","10.9","9.1","14.5","10.9","5.5","12.7","12.7","5.5","5.5","3.6","3.6","6","55","87472","  3"
"2025-26","Fall","MATH","2534","Intro Discrete Math","Flanagan","2.58","17.2","8.6","12.1","6.9","10.3","10.3","6.9","10.3","5.2","6.9","0","5.2","4","58","87475","  3"
"2025-26","Fall","MATH","2534","Intro Discrete Math","Valvo","2.81","32.8","8.2","8.2","6.6","8.2","6.6","6.6","1.6","9.8","4.9","3.3","3.3","1","61","87478","  3"
"2025-26","Fall","MATH","2534","Intro Discrete Math","Valvo","2.94","30.8","9.2","9.2","7.7","6.2","7.7","18.5","1.5","4.6","3.1","0","1.5","0","65","87477","  3"
"2025-26","Fall","MATH","3034","Introduction to Proofs","Robbins","3.02","12.5","16.7","20.8","12.5","16.7","4.2","12.5","0","0","4.2","0","0","1","24","87483","  3"
"2025-26","Fall","MATH","3034","Introduction to Proofs","Barreto","2.79","14.8","11.1","25.9","14.8","3.7","0","7.4","11.1","3.7","0","0","7.4","0","27","87482","  3"
"2025-26","Fall","MATH","3034","Introduction to Proofs","Arnold","3.2","28.6","10.7","17.9","21.4","0","7.1","7.1","7.1","0","0","0","0","0","28","87484","  3"
"2025-26","Fall","MATH","3124","Modern Algebra","Orr","3.45","46.2","19.2","11.5","3.8","7.7","3.8","0","3.8","0","3.8","0","0","0","26","87485","  3"
"2025-26","Fall","MATH","3124","Modern Algebra","Orr","2.99","42.3","7.7","7.7","0","15.4","3.8","7.7","3.8","0","3.8","0","7.7","1","26","87486","  3"
"2025-26","Fall","MATH","3134","Applied Combinatorics","Shimozono","2.69","25","0","15","10","10","5","10","15","0","5","0","5","4","20","87491","  3"
"2025-26","Fall","MATH","3134","Applied Combinatorics","Hammer","2.52","19","4.8","4.8","19","4.8","19","14.3","0","0","0","0","14.3","7","21","87487","  3"
"2025-26","Fall","MATH","3134","Applied Combinatorics","Hammer","2.53","7.1","17.9","10.7","0","17.9","14.3","14.3","3.6","3.6","0","3.6","7.1","7","28","87490","  3"
"2025-26","Fall","MATH","3134","Applied Combinatorics","Cotardo","2.31","20.7","3.4","10.3","6.9","6.9","6.9","10.3","3.4","10.3","3.4","3.4","13.8","6","29","91347","  3"
"2025-26","Fall","MATH","3134","Applied Combinatorics","Hammer","2.85","12.5","6.3","21.9","15.6","18.8","6.3","12.5","0","0","3.1","0","3.1","5","32","87493","  3"
"2025-26","Fall","MATH","3134","Applied Combinatorics","Karcher","3.27","47.1","17.6","0","11.8","0","5.9","5.9","2.9","2.9","0","5.9","0","1","34","87497","  3"
"2025-26","Fall","MATH","3134","Applied Combinatorics","Clemons","2.99","22.9","14.3","14.3","8.6","20","0","8.6","2.9","0","5.7","0","2.9","3","35","87494","  3"
"2025-26","Fall","MATH","3134","Applied Combinatorics","Clemons","3.04","27","13.5","2.7","21.6","10.8","13.5","2.7","0","2.7","2.7","0","2.7","1","37","87495","  3"
"2025-26","Fall","MATH","3134","Applied Combinatorics","Hart","2.85","13.5","13.5","16.2","13.5","13.5","5.4","16.2","0","0","5.4","0","2.7","1","37","92718","  3"
"2025-26","Fall","MATH","3134","Applied Combinatorics","Valvo","2.94","15.8","10.5","18.4","10.5","10.5","15.8","10.5","7.9","0","0","0","0","0","38","87489","  3"
"2025-26","Fall","MATH","3134","Applied Combinatorics","Valvo","2.94","7.5","5","30","20","10","17.5","7.5","2.5","0","0","0","0","0","40","87488","  3"
"2025-26","Fall","MATH","3144","Linear Algebra I","Rabby","2.94","18.2","9.1","27.3","9.1","0","9.1","9.1","18.2","0","0","0","0","0","11","87499","  3"
"2025-26","Fall","MATH","3144","Linear Algebra I","Hammer","2.63","12.5","12.5","25","12.5","0","4.2","12.5","0","0","12.5","0","8.3","3","24","87498","  3"
"2025-26","Fall","MATH","3214","Calculus of Several Variables","Borggaard","3.06","11.1","29.6","11.1","18.5","11.1","7.4","3.7","0","3.7","0","0","3.7","4","27","87500","  3"
"2025-26","Fall","MATH","3214","Calculus of Several Variables","Pratt","2.37","7.4","3.7","14.8","7.4","18.5","3.7","18.5","11.1","3.7","3.7","0","7.4","2","27","87502","  3"
"2025-26","Fall","MATH","3214","Calculus of Several Variables","Kasebian","2.94","21.4","21.4","10.7","10.7","7.1","3.6","7.1","7.1","3.6","0","3.6","3.6","2","28","87501","  3"
"2025-26","Fall","MATH","3224","Advanced Calculus","Liu","3.84","87","0","0","4.3","8.7","0","0","0","0","0","0","0","0","23","87503","  3"
"2025-26","Fall","MATH","3224","Advanced Calculus","Douglas","2.71","16","8","0","32","8","8","16","4","0","0","4","4","0","25","87504","  3"
"2025-26","Fall","MATH","4044","History of Mathematics","Norton","3.47","37.5","25","6.3","12.5","12.5","0","6.3","0","0","0","0","0","0","16","87506","  3"
"2025-26","Fall","MATH","4124","Intr Abstract Algebra","Herr","3","23.1","15.4","15.4","15.4","7.7","7.7","7.7","0","0","0","0","7.7","1","13","87507","  3"
"2025-26","Fall","MATH","4175","Cryptography","Lopez Valdez","3.22","34.4","15.6","9.4","15.6","6.3","9.4","3.1","0","3.1","0","0","3.1","0","32","87511","  3"
"2025-26","Fall","MATH","4175","Cryptography","Manoharan","2.77","35.3","2.9","8.8","8.8","5.9","5.9","5.9","11.8","0","5.9","2.9","5.9","3","34","92704","  3"
"2025-26","Fall","MATH","4175","Cryptography","Manoharan","3.43","37.1","17.1","17.1","8.6","11.4","2.9","5.7","0","0","0","0","0","1","35","87510","  3"
"2025-26","Fall","MATH","4175","Cryptography","Manoharan","3.22","22.2","25","16.7","11.1","8.3","2.8","8.3","2.8","0","0","2.8","0","2","36","87509","  3"
"2025-26","Fall","MATH","4175","Cryptography","Lopez Valdez","3.03","25.6","12.8","17.9","7.7","5.1","12.8","10.3","2.6","0","2.6","0","2.6","0","39","87508","  3"
"2025-26","Fall","MATH","4176","Cryptography","Arpin","2.56","20.6","5.9","0","17.6","11.8","2.9","14.7","11.8","5.9","2.9","0","5.9","3","34","87512","  3"
"2025-26","Fall","MATH","4176","Cryptography","LeGrow","2.56","20.6","5.9","0","17.6","11.8","2.9","14.7","11.8","5.9","2.9","0","5.9","3","34","87512","  3"
"2025-26","Fall","MATH","4225","Elementary Real Analysis","Arnold","3.27","50","0","12.5","18.8","6.3","0","6.3","0","0","0","0","6.3","1","16","87513","  3"
"2025-26","Fall","MATH","4225","Elementary Real Analysis","Schultz","2.84","22.2","0","22.2","22.2","11.1","11.1","0","0","0","0","0","11.1","3","9","87514","  3"
"2025-26","Fall","MATH","4425","Fourier Series PDE","Camliyurt","2.95","23.1","11.5","15.4","11.5","7.7","15.4","0","7.7","3.8","0","0","3.8","2","26","87516","  3"
"2025-26","Fall","MATH","4445","Intro to Numer Analysis","Yue","2.63","38.5","7.7","0","7.7","0","7.7","0","0","30.8","0","0","7.7","0","13","87518","  3"
"2025-26","Fall","MATH","4445","Intro to Numer Analysis","Adjerid","2.77","17.6","11.8","5.9","23.5","5.9","0","23.5","5.9","0","0","0","5.9","3","17","87517","  3"
"2025-26","Fall","MATH","4564","Operational Methods","Topcu","2.38","11.1","5.6","22.2","5.6","11.1","11.1","11.1","0","0","5.6","0","16.7","3","18","91227","  3"
"2025-26","Fall","MATH","4564","Operational Methods","Burleson","2.92","6.8","11.4","22.7","13.6","18.2","15.9","6.8","4.5","0","0","0","0","0","44","87520","  3"
"2025-26","Fall","MATH","4564","Operational Methods","Burleson","2.73","15.9","18.2","9.1","11.4","11.4","2.3","11.4","4.5","2.3","9.1","0","4.5","0","44","91226","  3"
"2025-26","Fall","MATH","4564","Operational Methods","Alam","2.75","10.4","16.7","20.8","14.6","6.3","4.2","2.1","6.3","6.3","8.3","2.1","2.1","0","48","87519","  3"
"2025-26","Fall","MATH","4574","Vector/Complex Analysis","Rabby","2.65","26.7","0","0","13.3","13.3","13.3","20","6.7","0","0","0","6.7","2","15","87524","  3"
"2025-26","Fall","MATH","4574","Vector/Complex Analysis","Rabby","2.93","25","18.8","6.3","12.5","6.3","6.3","6.3","12.5","0","0","0","6.3","5","16","87525","  3"
"2025-26","Fall","MATH","4574","Vector/Complex Analysis","Saenz Maldonado","2.53","16.7","5.6","11.1","5.6","5.6","22.2","5.6","5.6","11.1","11.1","0","0","5","18","87523","  3"
"2025-26","Fall","MATH","4625","Math for Secondary Teachers","Johnson","3.96","87.5","12.5","0","0","0","0","0","0","0","0","0","0","0","8","87526","  3"
"2025-26","Fall","MATH","4994","Undergraduate Research","De Sturler","4","100","0","0","0","0","0","0","0","0","0","0","0","1","5","87530","  3"
"2025-26","Fall","MATH","4994","Undergraduate Research","Farcas","4","100","0","0","0","0","0","0","0","0","0","0","0","1","5","87530","  3"
"2025-26","Fall","MATH","4994","Undergraduate Research","Robert","4","100","0","0","0","0","0","0","0","0","0","0","0","1","5","87530","  3"
"2025-26","Fall","MATH","4994","Undergraduate Research","Saenz Maldonado","4","100","0","0","0","0","0","0","0","0","0","0","0","1","5","87530","  3"
"2025-26","Fall","MATH","4994","Undergraduate Research","Topcu","4","100","0","0","0","0","0","0","0","0","0","0","0","1","5","87530","  3"
"2025-26","Fall","MATH","5125","Abstract Algebra","Morrison","3.66","60","0","20","20","0","0","0","0","0","0","0","0","0","10","87532","  3"
"2025-26","Fall","MATH","5214","Topics in Analysis","MADRID PADILLA","3.54","20","40","20","20","0","0","0","0","0","0","0","0","0","5","87534","  3"
"2025-26","Fall","MATH","5225","Real Analysis","Sun","3.45","47.1","5.9","17.6","11.8","5.9","5.9","5.9","0","0","0","0","0","0","17","87535","  3"
"2025-26","Fall","MATH","5245","Differential Eqns","Sun","3.82","50","42.9","7.1","0","0","0","0","0","0","0","0","0","0","14","87536","  3"
"2025-26","Fall","MATH","5344","Topics in Topology & Geometry","Mihalcea","3.95","83.3","16.7","0","0","0","0","0","0","0","0","0","0","0","12","87537","  3"
"2025-26","Fall","MATH","5414","Topics in Applied Mathematics","Liu","4","100","0","0","0","0","0","0","0","0","0","0","0","0","16","92057","  3"
"2025-26","Fall","MATH","5414","Topics in Applied Mathematics","Iliescu","3.95","84.2","15.8","0","0","0","0","0","0","0","0","0","0","0","19","92029","  3"
"2025-26","Fall","MATH","5424","Numerical Linear Algebra","Borggaard","3.57","26.7","20","53.3","0","0","0","0","0","0","0","0","0","0","15","87538","  3"
"2025-26","Fall","MATH","5454","Graph Theory","Shimozono","3.74","80","0","0","0","20","0","0","0","0","0","0","0","0","5","87539","  3"
"2025-26","Fall","MATH","5515","Model and Sim of Bio Systems","Ciupe","3.95","83.3","16.7","0","0","0","0","0","0","0","0","0","0","0","6","87541","  3"
"2025-26","Fall","MATH","5544","Optimization, Machine Learning","De Sturler","3.87","85.7","0","9.5","0","4.8","0","0","0","0","0","0","0","0","21","87542","  3"
"2025-26","Fall","MATH","6255","Functional Analysis","Deuchert","3.34","50","0","12.5","12.5","12.5","0","0","12.5","0","0","0","0","0","8","91228","  3"
"2025-26","Fall","ME","2004","Eng Analysis Numerical Methods","Galitz","3.29","31.3","12.5","31.3","12.5","6.3","0","0","0","0","0","0","6.3","0","16","92763","  3"
"2025-26","Fall","ME","2004","Eng Analysis Numerical Methods","Nowinski","2.54","34.4","6.3","3.1","12.5","0","6.3","6.3","3.1","0","9.4","6.3","12.5","2","32","87554","  3"
"2025-26","Fall","ME","2004","Eng Analysis Numerical Methods","Nowinski","3.02","42.9","0","8.6","8.6","14.3","5.7","5.7","2.9","0","2.9","8.6","0","1","35","87557","  3"
"2025-26","Fall","ME","2004","Eng Analysis Numerical Methods","Nowinski","2.42","20","2.9","2.9","8.6","17.1","5.7","11.4","11.4","2.9","8.6","2.9","5.7","3","35","87558","  3"
"2025-26","Fall","ME","2004","Eng Analysis Numerical Methods","Nowinski","1.93","5.7","2.9","8.6","2.9","14.3","5.7","11.4","20","5.7","2.9","5.7","14.3","2","35","90962","  3"
"2025-26","Fall","ME","2004","Eng Analysis Numerical Methods","Galitz","3.19","27.8","22.2","5.6","22.2","5.6","5.6","2.8","0","2.8","0","5.6","0","0","36","92757","  3"
"2025-26","Fall","ME","2004","Eng Analysis Numerical Methods","Nowinski","2.7","24.3","5.4","8.1","10.8","5.4","13.5","8.1","13.5","2.7","5.4","0","2.7","2","37","87550","  3"
"2025-26","Fall","ME","2004","Eng Analysis Numerical Methods","Nowinski","3.31","56.8","2.7","2.7","10.8","5.4","2.7","10.8","2.7","0","5.4","0","0","1","37","87553","  3"
"2025-26","Fall","ME","2004","Eng Analysis Numerical Methods","Nowinski","2.97","37.8","5.4","13.5","5.4","10.8","2.7","5.4","2.7","2.7","10.8","0","2.7","0","37","87555","  3"
"2025-26","Fall","ME","2004","Eng Analysis Numerical Methods","Nowinski","3.12","35.1","8.1","8.1","16.2","8.1","10.8","2.7","2.7","5.4","2.7","0","0","1","37","87556","  3"
"2025-26","Fall","ME","2004","Eng Analysis Numerical Methods","Nowinski","2.79","36.8","2.6","7.9","10.5","2.6","2.6","5.3","13.2","7.9","7.9","0","2.6","1","38","87551","  3"
"2025-26","Fall","ME","2004","Eng Analysis Numerical Methods","Nowinski","3.35","43.6","12.8","15.4","7.7","7.7","2.6","5.1","0","0","2.6","0","2.6","0","39","87552","  3"
"2025-26","Fall","ME","2134","Thermodynamics","Meadows","2.74","18.9","11.3","13.2","17","7.5","3.8","5.7","5.7","5.7","1.9","3.8","5.7","4","53","87562","  4"
"2025-26","Fall","ME","2134","Thermodynamics","Davison","2.43","22.2","5.6","13","9.3","1.9","7.4","13","0","5.6","5.6","3.7","13","9","54","87560","  4"
"2025-26","Fall","ME","2134","Thermodynamics","Dubik","2.77","22.2","7.9","9.5","20.6","9.5","3.2","1.6","11.1","1.6","6.3","3.2","3.2","0","63","90971","  4"
"2025-26","Fall","ME","2134","Thermodynamics","Dubik","2.86","19.7","10.6","18.2","18.2","6.1","3","7.6","3","4.5","1.5","3","4.5","1","66","87561","  4"
"2025-26","Fall","ME","3024","Engineering Design & Econ","Bohn","2.03","3.1","0","3.1","12.5","12.5","3.1","15.6","31.3","6.3","9.4","0","3.1","2","32","87572","  3"
"2025-26","Fall","ME","3024","Engineering Design & Econ","Chen","3.29","24","18","14","26","6","10","0","0","2","0","0","0","0","50","87576","  3"
"2025-26","Fall","ME","3024","Engineering Design & Econ","Nowinski","2.69","3.9","9.8","9.8","21.6","17.6","17.6","9.8","5.9","2","0","0","2","2","51","87575","  3"
"2025-26","Fall","ME","3024","Engineering Design & Econ","Clark","3.15","22.6","5.7","17","30.2","15.1","0","1.9","5.7","1.9","0","0","0","0","53","87573","  3"
"2025-26","Fall","ME","3024","Engineering Design & Econ","Clark","3.16","14.3","14.3","28.6","19.6","10.7","8.9","0","1.8","0","0","0","1.8","1","56","87574","  3"
"2025-26","Fall","ME","3304","Heat and Mass Transfer","Tafti","2.24","10.9","1.6","10.9","12.5","7.8","12.5","14.1","4.7","4.7","3.1","7.8","9.4","1","64","87577","  3"
"2025-26","Fall","ME","3304","Heat and Mass Transfer","Gonzales","2.75","6.8","9.6","15.1","15.1","16.4","11","13.7","9.6","2.7","0","0","0","2","73","91546","  3"
"2025-26","Fall","ME","3414","Fluid Dynamics","Ng","2.81","9.1","6.1","24.2","15.2","22.7","10.6","0","1.5","4.5","1.5","1.5","3","2","66","87586","  4"
"2025-26","Fall","ME","3414","Fluid Dynamics","Qiao","2.66","7.8","7.8","7.8","23.4","14.3","10.4","13","13","0","0","0","2.6","9","77","87579","  4"
"2025-26","Fall","ME","3414","Fluid Dynamics","Dubik","3.14","30.1","21.7","7.2","8.4","7.2","6","8.4","4.8","3.6","1.2","0","1.2","2","83","87581","  4"
"2025-26","Fall","ME","3414","Fluid Dynamics","Boreyko","2.81","15.3","8.2","8.2","18.8","14.1","14.1","10.6","4.7","1.2","2.4","2.4","0","1","85","87585","  4"
"2025-26","Fall","ME","3524","Mechanical Vibrations","Shahab","3.42","32.4","24.3","16.2","5.4","13.5","5.4","0","0","2.7","0","0","0","0","37","87591","  4"
"2025-26","Fall","ME","3524","Mechanical Vibrations","Shahab","3.31","23.7","18.4","26.3","13.2","5.3","5.3","5.3","2.6","0","0","0","0","0","38","87592","  4"
"2025-26","Fall","ME","3524","Mechanical Vibrations","Pendar","2.65","5.4","19.6","5.4","16.1","12.5","14.3","5.4","8.9","5.4","5.4","0","1.8","1","56","87593","  4"
"2025-26","Fall","ME","3524","Mechanical Vibrations","Tahmasian","2.87","30.4","7.1","16.1","0","12.5","8.9","7.1","3.6","3.6","1.8","7.1","1.8","5","56","87595","  4"
"2025-26","Fall","ME","3524","Mechanical Vibrations","Sandu","2.99","21.3","9.8","13.1","23","8.2","4.9","8.2","1.6","8.2","1.6","0","0","1","61","90997","  4"
"2025-26","Fall","ME","3524","Mechanical Vibrations","Chang","3.23","35.2","18.3","5.6","8.5","15.5","1.4","4.2","8.5","0","2.8","0","0","1","71","87594","  4"
"2025-26","Fall","ME","3624","Mechanical Design","Raeymaekers","2.55","16.3","6.1","6.1","16.3","10.2","10.2","6.1","10.2","8.2","4.1","4.1","2","4","49","87610","  4"
"2025-26","Fall","ME","3624","Mechanical Design","Acar","3.08","25","11.1","12.5","16.7","9.7","12.5","6.9","2.8","0","1.4","1.4","0","0","72","87599","  4"
"2025-26","Fall","ME","3624","Mechanical Design","Aidi","3.33","37.5","11.1","12.5","16.7","12.5","1.4","2.8","4.2","0","0","1.4","0","0","72","87598","  4"
"2025-26","Fall","ME","3624","Mechanical Design","Bartlett","3.24","21.9","21.9","15.1","21.9","1.4","11","2.7","1.4","1.4","0","1.4","0","0","73","87600","  4"
"2025-26","Fall","ME","4015","Engineering Design and Project","Sole","3.9","77.6","16","3.6","2.2","0.3","0.3","0","0","0","0","0","0","0","362","87611","  3"
"2025-26","Fall","ME","4164","Energy Systems for Buildings","Ellis","3.42","38.9","22.2","0","22.2","5.6","5.6","0","5.6","0","0","0","0","3","18","87612","  3"
"2025-26","Fall","ME","4184","Drone Tech and Flight Ops","Kochersberger","3.62","52.2","8.7","17.4","17.4","4.3","0","0","0","0","0","0","0","0","23","91000","  3"
"2025-26","Fall","ME","4184","Drone Tech and Flight Ops","Kochersberger","3.67","62.5","12.5","12.5","4.2","0","0","8.3","0","0","0","0","0","0","24","90999","  3"
"2025-26","Fall","ME","4194","Sustainable Energy Solutions","Ellis","3.08","20.5","9.1","13.6","27.3","9.1","9.1","9.1","0","0","2.3","0","0","1","44","87613","  3"
"2025-26","Fall","ME","4234","Aerospace Propulsion Systems","Gonzales","3.08","6.3","18.8","31.3","18.8","0","12.5","12.5","0","0","0","0","0","0","16","92181","  3"
"2025-26","Fall","ME","4524","Robotics & Automation","Losey","2.68","19.7","3","12.1","6.1","13.6","13.6","16.7","6.1","3","1.5","3","1.5","3","66","87618","  3"
"2025-26","Fall","ME","4544","Automotive Engineering","Ferris","3.66","59.1","10.8","0","29","0","0","1.1","0","0","0","0","0","3","93","87619","  3"
"2025-26","Fall","ME","4554","Adv Technology Motor Vehicles","Huxtable","3.49","35.9","19.2","21.8","15.4","1.3","2.6","1.3","2.6","0","0","0","0","2","78","87620","  3"
"2025-26","Fall","ME","4564","Vehicle Control","Taheri","3.83","72.3","12.8","10.6","2.1","0","2.1","0","0","0","0","0","0","0","47","87621","  3"
"2025-26","Fall","ME","4584","Robotics Laboratory","Losey","3.79","56.5","26.1","13","4.3","0","0","0","0","0","0","0","0","2","23","87622","  1"
"2025-26","Fall","ME","4584","Robotics Laboratory","Losey","3.9","96.4","0","0","0","0","0","0","0","3.6","0","0","0","1","28","87623","  1"
"2025-26","Fall","ME","4584","Robotics Laboratory","Losey","3.91","78.6","14.3","7.1","0","0","0","0","0","0","0","0","0","0","28","87624","  1"
"2025-26","Fall","ME","4624","Finite Elem Practice","Warfford","3.69","50","26.6","10.9","7.8","3.1","0","0","1.6","0","0","0","0","2","64","87625","  3"
"2025-26","Fall","ME","4644","Rapid Prototyping","Williams","3.47","25.9","18.5","25.9","29.6","0","0","0","0","0","0","0","0","0","27","87626","  3"
"2025-26","Fall","ME","4724","Engineering Acoustics","Fuller","3.75","52.4","33.3","9.5","0","0","4.8","0","0","0","0","0","0","0","21","87628","  3"
"2025-26","Fall","ME","4734","Robotics & Mechatronics Sem","Asbeck","3.87","96.8","0","0","0","0","0","0","0","0","0","0","3.2","0","31","87629","  1"
"2025-26","Fall","ME","4744","Mechatronics: Theory & Appl","Asbeck","3.56","64.5","6.5","6.5","9.7","3.2","6.5","0","0","0","0","0","3.2","1","31","87630","  4"
"2025-26","Fall","ME","4864","Micro/Nano-Robotics","Behkam","3.39","16.7","25","25","25","8.3","0","0","0","0","0","0","0","2","12","92162","  3"
"2025-26","Fall","ME","4974","Independent Study","Clark","4","100","0","0","0","0","0","0","0","0","0","0","0","0","7","87634","  3"
"2025-26","Fall","ME","4974","Independent Study","Huxtable","4","100","0","0","0","0","0","0","0","0","0","0","0","0","7","87632","  3"
"2025-26","Fall","ME","4984","SS: Soft Robotics","Li","3.88","68.4","26.3","5.3","0","0","0","0","0","0","0","0","0","0","19","92283","  3"
"2025-26","Fall","ME","4994","Undergraduate Research","Boreyko","4","100","0","0","0","0","0","0","0","0","0","0","0","0","7","87650","  1"
"2025-26","Fall","ME","5264","Mech Of Adhes & Inter","Dillard","3.4","16.7","33.3","16.7","16.7","16.7","0","0","0","0","0","0","0","0","6","91004","  3"
"2025-26","Fall","ME","5304","Conduction Heat Transfer","Naughton","3.75","46.2","38.5","7.7","7.7","0","0","0","0","0","0","0","0","0","13","87670","  3"
"2025-26","Fall","ME","5304","Conduction Heat Transfer","Naughton","3.53","42.9","14.3","14.3","14.3","14.3","0","0","0","0","0","0","0","0","7","87671","  3"
"2025-26","Fall","ME","5404","Fluid Dynamics","Untaroiu","3.74","47.1","35.3","5.9","11.8","0","0","0","0","0","0","0","0","0","17","87672","  3"
"2025-26","Fall","ME","5434","Adv Intro Comp Fluid Dynamics","Roy","3.67","53.3","13.3","13.3","20","0","0","0","0","0","0","0","0","0","15","87674","  3"
"2025-26","Fall","ME","5524","Bayesian Robotics","Komendera","3.99","95.8","4.2","0","0","0","0","0","0","0","0","0","0","0","24","87678","  3"
"2025-26","Fall","ME","5554","Applied Linear Systems","Southward","3.77","62.5","18.8","6.3","12.5","0","0","0","0","0","0","0","0","0","16","87682","  3"
"2025-26","Fall","ME","5634","Fin Elem in Mach Des","West","3.76","58.3","25","0","16.7","0","0","0","0","0","0","0","0","0","24","87686","  3"
"2025-26","Fall","ME","5644","Rapid Prototyping","Williams","3.75","59.1","18.2","13.6","4.5","4.5","0","0","0","0","0","0","0","0","22","87688","  3"
"2025-26","Fall","ME","5654","Multibody Systems Dynamics","Sandu","4","100","0","0","0","0","0","0","0","0","0","0","0","0","7","92580","  3"
"2025-26","Fall","ME","5704","Robotics and Automation","Losey","3.55","58.8","5.9","0","23.5","5.9","0","5.9","0","0","0","0","0","0","17","87692","  3"
"2025-26","Fall","ME","5735","Advanced Mechatronics","Asbeck","3.99","95.2","4.8","0","0","0","0","0","0","0","0","0","0","0","21","87696","  3"
"2025-26","Fall","ME","5804","Actv Matls/Smart Struct-I","Kurdila","4","100","0","0","0","0","0","0","0","0","0","0","0","0","5","87697","  3"
"2025-26","Fall","ME","5864","Advanced Micro/Nano-Robotics","Behkam","3.63","22.2","44.4","33.3","0","0","0","0","0","0","0","0","0","0","9","92163","  3"
"2025-26","Fall","ME","5984","SS: Micro/Nano Fluid Flow","Cheng","4","100","0","0","0","0","0","0","0","0","0","0","0","0","5","92520","  3"
"2025-26","Fall","ME","5984","SS: Rsrch Wrting for Eng","Scarff","4","100","0","0","0","0","0","0","0","0","0","0","0","0","5","92112","  3"
"2025-26","Fall","ME","5984","SS: Cell Mechanobiology","Nain","3.5","12.5","37.5","37.5","12.5","0","0","0","0","0","0","0","0","0","8","92720","  3"
"2025-26","Fall","ME","5984","SS: Soft Robotics","Li","3.93","77.8","22.2","0","0","0","0","0","0","0","0","0","0","0","9","92711","  3"
"2025-26","Fall","ME","6604","Mod Pred Contr Agile Robots","Akbari Hamed","3.73","42.9","42.9","7.1","0","7.1","0","0","0","0","0","0","0","0","14","92280","  3"
"2025-26","Fall","MGT","1064","Entrepreneurs Residence Exp","Poff","3.75","73.9","6.5","6.5","8.7","0","0","2.2","2.2","0","0","0","0","0","46","88078","  3"
"2025-26","Fall","MGT","1064","Entrepreneurs Residence Exp","Slagel","3.83","80","5.7","10","0","1.4","0","1.4","1.4","0","0","0","0","1","70","88077","  3"
"2025-26","Fall","MGT","1104","Foundations of Business","Freemal","2.94","4.2","18.8","20.8","22.9","12.5","6.3","6.3","0","6.3","0","2.1","0","0","48","88092","  3"
"2025-26","Fall","MGT","1104","Foundations of Business","Bloomfield","2.79","1.8","10.5","14","28.1","19.3","12.3","7","3.5","0","1.8","0","1.8","3","57","88095","  3"
"2025-26","Fall","MGT","1104","Foundations of Business","Boyette","2.66","1.7","8.6","13.8","20.7","13.8","13.8","20.7","3.4","0","1.7","1.7","0","5","58","88094","  3"
"2025-26","Fall","MGT","1104","Foundations of Business","Chinn","2.81","0","15","13.3","18.3","25","11.7","13.3","1.7","1.7","0","0","0","1","60","88080","  3"
"2025-26","Fall","MGT","1104","Foundations of Business","Fabian","2.88","4.9","11.5","13.1","27.9","18","8.2","14.8","0","1.6","0","0","0","1","61","88085","  3"
"2025-26","Fall","MGT","1104","Foundations of Business","Waters","2.85","0","9.8","18","31.1","18","6.6","13.1","3.3","0","0","0","0","1","61","88090","  3"
"2025-26","Fall","MGT","1104","Foundations of Business","Waters","2.62","4.9","3.3","9.8","24.6","21.3","11.5","13.1","8.2","0","0","0","3.3","2","61","88093","  3"
"2025-26","Fall","MGT","1104","Foundations of Business","Raschke","2.8","0","12.9","4.8","37.1","21","8.1","11.3","3.2","0","1.6","0","0","0","62","88089","  3"
"2025-26","Fall","MGT","1104","Foundations of Business","Clark","2.77","1.6","4.8","14.3","31.7","22.2","15.9","3.2","1.6","3.2","0","1.6","0","1","63","88081","  3"
"2025-26","Fall","MGT","1104","Foundations of Business","Glass","3.05","6.3","19","23.8","19","12.7","11.1","1.6","4.8","1.6","0","0","0","0","63","88086","  3"
"2025-26","Fall","MGT","1104","Foundations of Business","Poff","3.17","14.3","20.6","23.8","14.3","9.5","11.1","4.8","0","0","1.6","0","0","1","63","88083","  3"
"2025-26","Fall","MGT","1104","Foundations of Business","Raines","2.9","3.2","7.9","20.6","30.2","15.9","9.5","11.1","1.6","0","0","0","0","0","63","88096","  3"
"2025-26","Fall","MGT","1104","Foundations of Business","Raschke","2.99","1.6","12.7","25.4","20.6","23.8","14.3","0","1.6","0","0","0","0","0","63","88084","  3"
"2025-26","Fall","MGT","1104","Foundations of Business","Bloomfield","2.91","4.7","15.6","10.9","21.9","26.6","3.1","14.1","3.1","0","0","0","0","0","64","88082","  3"
"2025-26","Fall","MGT","1104","Foundations of Business","Freemal","2.86","6.3","15.6","15.6","14.1","21.9","12.5","10.9","0","0","0","0","3.1","0","64","88079","  3"
"2025-26","Fall","MGT","1104","Foundations of Business","Glass","3.05","6.3","9.4","20.3","35.9","15.6","9.4","3.1","0","0","0","0","0","0","64","88088","  3"
"2025-26","Fall","MGT","1104","Foundations of Business","Glass","3.02","12.5","15.6","12.5","20.3","12.5","20.3","3.1","3.1","0","0","0","0","0","64","88091","  3"
"2025-26","Fall","MGT","1104","Foundations of Business","Poff","3.2","15.6","20.3","17.2","21.9","12.5","7.8","1.6","3.1","0","0","0","0","0","64","88087","  3"
"2025-26","Fall","MGT","1935","Fund of Cadet Prof Leadership","Fleenor","3.98","96.9","0","3.1","0","0","0","0","0","0","0","0","0","0","32","88098","  2"
"2025-26","Fall","MGT","1935","Fund of Cadet Prof Leadership","Fleenor","3.83","87.2","7.7","0","0","0","2.6","0","0","0","0","0","2.6","0","39","88099","  2"
"2025-26","Fall","MGT","1945","Fundamentals of Cadet Ldrshp","Brown","3.48","41.2","23.5","5.9","11.8","11.8","0","0","5.9","0","0","0","0","0","17","92666","  2"
"2025-26","Fall","MGT","1945","Fundamentals of Cadet Ldrshp","McGrath","3.65","61.8","12.7","5.5","10.9","3.6","1.8","0","3.6","0","0","0","0","1","55","88105","  2"
"2025-26","Fall","MGT","1945","Fundamentals of Cadet Ldrshp","McGrath","3.59","56.4","16.4","9.1","3.6","7.3","0","3.6","1.8","0","1.8","0","0","0","55","88108","  2"
"2025-26","Fall","MGT","1945","Fundamentals of Cadet Ldrshp","Brown","3.74","70.2","12.3","3.5","7","3.5","0","1.8","0","0","1.8","0","0","0","57","88107","  2"
"2025-26","Fall","MGT","1945","Fundamentals of Cadet Ldrshp","McGrath","3.66","75.4","5.3","0","7","5.3","0","3.5","0","1.8","0","0","1.8","0","57","88103","  2"
"2025-26","Fall","MGT","1945","Fundamentals of Cadet Ldrshp","McGrath","3.85","81.7","6.7","1.7","6.7","1.7","0","1.7","0","0","0","0","0","0","60","88106","  2"
"2025-26","Fall","MGT","1945","Fundamentals of Cadet Ldrshp","Brown","3.63","68.9","4.9","6.6","9.8","3.3","0","0","3.3","1.6","1.6","0","0","0","61","88104","  2"
"2025-26","Fall","MGT","1945","Fundamentals of Cadet Ldrshp","Brown","3.7","70.3","15.6","3.1","3.1","0","1.6","1.6","1.6","0","1.6","0","1.6","0","64","88102","  2"
"2025-26","Fall","MGT","1984","SS: Securitas LLC 1","Schuler Scott","3.29","37.3","9.8","11.8","21.6","3.9","3.9","7.8","2","0","2","0","0","0","51","92257","  1"
"2025-26","Fall","MGT","2064","Foundations Entrepreneurship","Pienkowski","3.55","69.4","9.3","3.7","4.6","0","0.9","1.9","3.7","2.8","0.9","0","2.8","3","108","88114","  3"
"2025-26","Fall","MGT","2064","Foundations Entrepreneurship","Whitaker","3.53","73.1","3.8","0","7.7","0","0","11.5","0","0","0","0","3.8","2","26","92070","  3"
"2025-26","Fall","MGT","2064","Foundations Entrepreneurship","Smalls Brown","3.97","88.9","11.1","0","0","0","0","0","0","0","0","0","0","2","45","92151","  3"
"2025-26","Fall","MGT","2064","Foundations Entrepreneurship","Whitaker","3.72","73.1","3.8","9.6","3.8","3.8","1.9","3.8","0","0","0","0","0","2","52","92182","  3"
"2025-26","Fall","MGT","2064","Foundations Entrepreneurship","Brownell","3.24","40.7","8.5","11.9","15.3","6.8","5.1","6.8","0","0","1.7","0","3.4","1","59","88110","  3"
"2025-26","Fall","MGT","2064","Foundations Entrepreneurship","Brownell","3.5","55.9","11.8","4.4","10.3","4.4","4.4","5.9","1.5","0","1.5","0","0","1","68","88111","  3"
"2025-26","Fall","MGT","2064","Foundations Entrepreneurship","Brownell","3.48","54.9","9.9","7","15.5","2.8","2.8","4.2","0","0","0","0","2.8","1","71","88113","  3"
"2025-26","Fall","MGT","2064","Foundations Entrepreneurship","Whitaker","3.64","68.9","10.8","9.5","4.1","0","0","2.7","0","0","0","0","4.1","0","74","88112","  3"
"2025-26","Fall","MGT","2114","Principles of Project Mgt","Hopkins","3.42","37.5","12.5","12.5","25","6.3","0","6.3","0","0","0","0","0","0","16","91479","  3"
"2025-26","Fall","MGT","2114","Principles of Project Mgt","Hopkins","3.43","33.3","18.5","18.5","22.2","0","0","3.7","3.7","0","0","0","0","0","27","91480","  3"
"2025-26","Fall","MGT","2114","Principles of Project Mgt","Agee","3.76","62.1","17.2","10.3","6.9","3.4","0","0","0","0","0","0","0","0","29","88118","  3"
"2025-26","Fall","MGT","2114","Principles of Project Mgt","Hopkins","3.14","22","14.6","17.1","22","12.2","2.4","2.4","2.4","0","2.4","0","2.4","0","41","88117","  3"
"2025-26","Fall","MGT","2114","Principles of Project Mgt","Agee","3.77","70.5","18.2","4.5","2.3","2.3","0","0","0","0","0","0","2.3","0","44","88119","  3"
"2025-26","Fall","MGT","2114","Principles of Project Mgt","Williamson","3.52","50","19.2","9.6","5.8","5.8","5.8","0","1.9","0","0","0","1.9","0","52","88116","  3"
"2025-26","Fall","MGT","2204","Global Business of Pop Culture","Jamison","3.47","13.2","42.1","18.4","23.7","2.6","0","0","0","0","0","0","0","0","38","88121","  3"
"2025-26","Fall","MGT","2204","Global Business of Pop Culture","Jamison","3.41","10.3","41","20.5","17.9","7.7","2.6","0","0","0","0","0","0","0","39","88120","  3"
"2025-26","Fall","MGT","2314","Intro International Business","Singal","2.38","4.5","18.2","9.1","4.5","9.1","13.6","13.6","9.1","4.5","4.5","0","9.1","2","22","88128","  3"
"2025-26","Fall","MGT","2314","Intro International Business","Feigenbaum","3.11","19.4","2.8","25","22.2","19.4","0","8.3","2.8","0","0","0","0","0","36","88126","  3"
"2025-26","Fall","MGT","2314","Intro International Business","Mer","3.24","25.6","20.5","17.9","12.8","5.1","10.3","5.1","0","0","0","0","2.6","0","39","88124","  3"
"2025-26","Fall","MGT","2314","Intro International Business","Singal","2.2","0","0","0","20","0","20","40","20","0","0","0","0","1","5","88131","  3"
"2025-26","Fall","MGT","2314","Intro International Business","Feigenbaum","3.04","19.6","17.9","10.7","12.5","14.3","8.9","10.7","3.6","0","0","0","1.8","1","56","88127","  3"
"2025-26","Fall","MGT","2314","Intro International Business","Tseng","3.89","74.6","19","4.8","0","1.6","0","0","0","0","0","0","0","0","63","88123","  3"
"2025-26","Fall","MGT","2314","Intro International Business","Tseng","3.71","63.5","22.2","3.2","3.2","1.6","0","3.2","1.6","0","1.6","0","0","0","63","88125","  3"
"2025-26","Fall","MGT","2314","Intro International Business","Singal","1.91","0","0","14.3","0","14.3","0","28.6","28.6","0","0","0","14.3","2","7","88129","  3"
"2025-26","Fall","MGT","2314","Intro International Business","Feigenbaum","3.04","15.1","19.2","15.1","21.9","6.8","2.7","12.3","2.7","1.4","0","1.4","1.4","5","73","88122","  3"
"2025-26","Fall","MGT","2314","Intro International Business","Khot","3.79","72.2","8.9","7.8","7.8","2.2","0","0","1.1","0","0","0","0","2","90","88130","  3"
"2025-26","Fall","MGT","2354","Teams, Leadership, & Business","Townsend","3.55","38.3","27.7","12.8","10.6","6.4","0","4.3","0","0","0","0","0","0","47","88132","  3"
"2025-26","Fall","MGT","2614","Foundations of MCA","Williamson","3.84","73.7","10.5","10.5","5.3","0","0","0","0","0","0","0","0","0","19","92728","  3"
"2025-26","Fall","MGT","2614","Foundations of MCA","Williamson","3.68","73.2","3.6","7.1","8.9","0","1.8","3.6","0","0","0","0","1.8","0","56","88133","  3"
"2025-26","Fall","MGT","2935","Career Planning for Cadets","Fleenor","3.99","96.7","3.3","0","0","0","0","0","0","0","0","0","0","1","30","88134","  2"
"2025-26","Fall","MGT","2935","Career Planning for Cadets","Fleenor","3.99","96.8","3.2","0","0","0","0","0","0","0","0","0","0","0","31","88135","  2"
"2025-26","Fall","MGT","2945","Small Unit Lrdshp for Cadets","Curtis","3.59","44.7","24.3","13.6","7.8","4.9","1","2.9","0","1","0","0","0","0","103","88138","  1"
"2025-26","Fall","MGT","2945","Small Unit Lrdshp for Cadets","Curtis","3.49","33.9","28.7","16.5","8.7","5.2","3.5","1.7","0","0.9","0","0","0.9","1","115","88136","  1"
"2025-26","Fall","MGT","2945","Small Unit Lrdshp for Cadets","Curtis","3.87","94.1","2.9","0","0","0","0","0","0","0","0","0","2.9","0","34","88139","  1"
"2025-26","Fall","MGT","2945","Small Unit Lrdshp for Cadets","Curtis","3.42","33.9","12.5","28.6","7.1","10.7","3.6","3.6","0","0","0","0","0","0","56","88137","  1"
"2025-26","Fall","MGT","3064","Cornerstones Entrepreneurship","Hunt","3.14","5.3","15.8","21.1","39.5","13.2","2.6","2.6","0","0","0","0","0","0","38","92152","  3"
"2025-26","Fall","MGT","3064","Cornerstones Entrepreneurship","Hunt","3.07","0","13.2","26.3","42.1","13.2","0","2.6","2.6","0","0","0","0","0","38","92153","  3"
"2025-26","Fall","MGT","3064","Cornerstones Entrepreneurship","Hunt","3.45","8","42","28","18","4","0","0","0","0","0","0","0","0","50","88140","  3"
"2025-26","Fall","MGT","3064","Cornerstones Entrepreneurship","Courtney","3.36","27.6","19","31","10.3","1.7","3.4","1.7","1.7","0","3.4","0","0","1","58","88141","  3"
"2025-26","Fall","MGT","3084","Digital Entrepreneurship","Pienkowski","3.67","61.8","11.8","8.8","11.8","0","2.9","0","2.9","0","0","0","0","0","34","88142","  3"
"2025-26","Fall","MGT","3304","Mgt Th & Lead Pract","Beleny","3.25","27.3","21.5","15.7","12.4","5","7.4","6.6","0","2.5","0.8","0","0.8","0","121","88143","  3"
"2025-26","Fall","MGT","3304","Mgt Th & Lead Pract","Beleny","3.11","20.4","22.4","16.3","13.3","8.2","5.1","8.2","1","0","0","1","4.1","3","98","88144","  3"
"2025-26","Fall","MGT","3324","Organization Behavior","Ward Bartlett","3.46","22.7","31.8","22.7","13.6","4.5","0","4.5","0","0","0","0","0","0","22","88147","  3"
"2025-26","Fall","MGT","3324","Organization Behavior","Hurst","3.56","34.3","31.4","17.1","5.7","8.6","0","2.9","0","0","0","0","0","0","35","88145","  3"
"2025-26","Fall","MGT","3324","Organization Behavior","Ward Bartlett","3.3","27.5","20","22.5","7.5","12.5","5","0","2.5","0","0","0","2.5","0","40","88146","  3"
"2025-26","Fall","MGT","3334","Managing Human Resources","Arthur","3.06","14.3","16.3","6.1","34.7","8.2","12.2","6.1","0","0","2","0","0","0","49","88148","  3"
"2025-26","Fall","MGT","3344","Employee & Labor Relations","Arthur","3.06","12.5","22.9","2.1","25","20.8","2.1","12.5","2.1","0","0","0","0","0","48","88149","  3"
"2025-26","Fall","MGT","3404","Principles of Management","Thompson","3.3","27.9","23.4","9.9","15.3","8.1","3.6","9.9","1.8","0","0","0","0","8","111","88156","  3"
"2025-26","Fall","MGT","3404","Principles of Management","Deck","2.96","20.7","13.8","13.8","6.9","13.8","10.3","17.2","0","0","0","0","3.4","1","29","88152","  3"
"2025-26","Fall","MGT","3404","Principles of Management","Thompson","3.35","28.5","19.6","16.9","17.8","7.1","3.6","3.3","2.7","0","0.3","0.3","0","10","337","88151","  3"
"2025-26","Fall","MGT","3404","Principles of Management","Mer","3.17","33.3","6.4","15.4","17.9","11.5","2.6","3.8","3.8","0","3.8","0","1.3","0","78","88150","  3"
"2025-26","Fall","MGT","3404","Principles of Management","Mer","3.35","29.4","24.7","20","8.2","7.1","2.4","1.2","3.5","0","1.2","1.2","1.2","1","85","88154","  3"
"2025-26","Fall","MGT","3404","Principles of Management","Deck","3","29.2","9","12.4","13.5","10.1","4.5","7.9","7.9","0","2.2","0","3.4","7","89","88155","  3"
"2025-26","Fall","MGT","3424","Strategic Talent Acquisition","Carlson","3.44","31","24.1","17.2","6.9","17.2","0","3.4","0","0","0","0","0","0","29","88157","  3"
"2025-26","Fall","MGT","3604","Managerial Analytics","Kemp","3.77","64.9","18.9","5.4","5.4","2.7","2.7","0","0","0","0","0","0","0","37","88159","  3"
"2025-26","Fall","MGT","3604","Managerial Analytics","Raines","3.62","48.6","16.2","16.2","13.5","2.7","2.7","0","0","0","0","0","0","0","37","92154","  3"
"2025-26","Fall","MGT","3604","Managerial Analytics","Raines","3.82","64.1","20.5","12.8","2.6","0","0","0","0","0","0","0","0","0","39","92155","  3"
"2025-26","Fall","MGT","3604","Managerial Analytics","Kemp","3.82","62.5","27.5","2.5","5","2.5","0","0","0","0","0","0","0","0","40","88160","  3"
"2025-26","Fall","MGT","3604","Managerial Analytics","Kemp","3.75","82.6","4.3","6.5","0","0","2.2","0","0","0","2.2","0","2.2","0","46","88158","  3"
"2025-26","Fall","MGT","3614","Strategy Competition Analytics","Simpson","3.19","6.3","23.8","25.4","30.2","6.3","4.8","1.6","0","0","0","0","1.6","0","63","88161","  3"
"2025-26","Fall","MGT","3844","Civilian Service in the DoD","Cogbill","4","100","0","0","0","0","0","0","0","0","0","0","0","0","11","91063","  2"
"2025-26","Fall","MGT","3844","Civilian Service in the DoD","Cogbill","4","100","0","0","0","0","0","0","0","0","0","0","0","0","13","91066","  2"
"2025-26","Fall","MGT","3935","Adv Professional Dev for Cdts","Fleenor","4","100","0","0","0","0","0","0","0","0","0","0","0","0","25","88163","  2"
"2025-26","Fall","MGT","3935","Adv Professional Dev for Cdts","Fleenor","3.98","94.6","5.4","0","0","0","0","0","0","0","0","0","0","0","37","88164","  2"
"2025-26","Fall","MGT","3945","Cadet Organizational Ldrshp","Shelton","3.63","64.1","10.3","2.6","15.4","5.1","0","0","0","0","0","0","2.6","0","39","88166","  1"
"2025-26","Fall","MGT","3945","Cadet Organizational Ldrshp","Shelton","3.48","48.2","14.3","14.3","8.9","1.8","7.1","1.8","0","0","3.6","0","0","0","56","88165","  1"
"2025-26","Fall","MGT","3964","Field Study","McGrath","3.85","90","0","0","0","10","0","0","0","0","0","0","0","0","10","88167","  1"
"2025-26","Fall","MGT","4064","Developing Entrep Ventures","Courtney","3.43","46.7","13.3","6.7","0","20","13.3","0","0","0","0","0","0","0","15","88168","  3"
"2025-26","Fall","MGT","4064","Developing Entrep Ventures","Courtney","3.85","74.3","11.4","8.6","5.7","0","0","0","0","0","0","0","0","0","35","88169","  3"
"2025-26","Fall","MGT","4084","Management Consulting","Buengel","3.44","29.4","26.5","8.8","23.5","8.8","0","0","2.9","0","0","0","0","0","34","88170","  3"
"2025-26","Fall","MGT","4314","International Management","Beleny","3.69","50","25","11.8","9.2","2.6","0","1.3","0","0","0","0","0","0","76","88171","  3"
"2025-26","Fall","MGT","4334","Ethical Leadership","Neff","2.9","0","9.3","25.6","34.9","14","7","4.7","0","2.3","0","0","2.3","0","43","91485","  3"
"2025-26","Fall","MGT","4334","Ethical Leadership","Neff","2.98","2.3","4.5","31.8","34.1","11.4","9.1","6.8","0","0","0","0","0","0","44","91486","  3"
"2025-26","Fall","MGT","4334","Ethical Leadership","Buengel","3.19","2.2","30.4","17.4","34.8","6.5","4.3","4.3","0","0","0","0","0","0","46","88172","  3"
"2025-26","Fall","MGT","4334","Ethical Leadership","Jamison","3.53","12.5","54.2","18.8","8.3","4.2","2.1","0","0","0","0","0","0","0","48","88174","  3"
"2025-26","Fall","MGT","4334","Ethical Leadership","Buengel","3.24","2","18.4","42.9","30.6","2","4.1","0","0","0","0","0","0","1","49","88173","  3"
"2025-26","Fall","MGT","4344","Prod and Qual Leader","Deck","3.44","41.7","8.3","8.3","33.3","0","8.3","0","0","0","0","0","0","0","12","88176","  3"
"2025-26","Fall","MGT","4344","Prod and Qual Leader","Deck","2.82","19.4","11.1","8.3","11.1","16.7","13.9","5.6","5.6","0","2.8","2.8","2.8","0","36","88175","  3"
"2025-26","Fall","MGT","4354","Leadership Skills","Waters","3.89","72.7","22.7","0","4.5","0","0","0","0","0","0","0","0","0","22","88177","  3"
"2025-26","Fall","MGT","4394","Strategic Management","Anderson","3.54","34.5","27.6","17.2","10.3","6.9","3.4","0","0","0","0","0","0","0","29","88179","  3"
"2025-26","Fall","MGT","4394","Strategic Management","Boyette","3.23","0","12.5","55","27.5","2.5","2.5","0","0","0","0","0","0","0","40","88178","  3"
"2025-26","Fall","MGT","4394","Strategic Management","Slagel","3.8","59.5","26.2","7.1","7.1","0","0","0","0","0","0","0","0","0","42","88180","  3"
"2025-26","Fall","MGT","4394","Strategic Management","Anderson","3.34","14.6","27.1","16.7","29.2","10.4","2.1","0","0","0","0","0","0","0","48","88183","  3"
"2025-26","Fall","MGT","4394","Strategic Management","Karri","3.44","15.4","42.3","23.1","13.5","1.9","1.9","0","0","0","0","0","1.9","0","52","88186","  3"
"2025-26","Fall","MGT","4394","Strategic Management","Zach","3.19","13.2","24.5","9.4","32.1","5.7","9.4","5.7","0","0","0","0","0","0","53","88181","  3"
"2025-26","Fall","MGT","4394","Strategic Management","Boyette","3.19","0","27.8","20.4","35.2","13","3.7","0","0","0","0","0","0","0","54","88184","  3"
"2025-26","Fall","MGT","4394","Strategic Management","Anderson","3.33","16.1","19.6","28.6","25","7.1","1.8","1.8","0","0","0","0","0","0","56","88182","  3"
"2025-26","Fall","MGT","4394","Strategic Management","Slagel","3.47","22.2","44.4","0","11.1","22.2","0","0","0","0","0","0","0","0","9","88187","  3"
"2025-26","Fall","MGT","4854","Analytics in Action","Deane","3.28","7.1","14.3","35.7","42.9","0","0","0","0","0","0","0","0","0","14","88188","  3"
"2025-26","Fall","MGT","4935","Cadet Citizen Leader Practicum","Mallory","3.19","30.8","23.1","0","23.1","15.4","0","0","0","0","0","0","7.7","1","13","88189","  2"
"2025-26","Fall","MGT","4935","Cadet Citizen Leader Practicum","Mallory","3.49","48.5","18.2","9.1","9.1","9.1","0","3","0","0","0","0","3","0","33","88190","  2"
"2025-26","Fall","MGT","4945","Executive Ldrshp for Cadets","Alia","3.97","92.3","5.1","2.6","0","0","0","0","0","0","0","0","0","0","39","88191","  1"
"2025-26","Fall","MGT","4964","Field Study","Slagel","4","100","0","0","0","0","0","0","0","0","0","0","0","0","18","88192","  3"
"2025-26","Fall","MGT","4964","Field Study","Poff","4","100","0","0","0","0","0","0","0","0","0","0","0","0","5","88193","  3"
"2025-26","Fall","MGT","4984","SS: DCTC 401 App Acq Real Wrld","Lowe","3.94","80","20","0","0","0","0","0","0","0","0","0","0","0","10","91893","  2"
"2025-26","Fall","MGT","4984","SS: DCTC 401 App Acq Real Wrld","Lowe","4","100","0","0","0","0","0","0","0","0","0","0","0","0","24","91894","  2"
"2025-26","Fall","MGT","5124","Business Research Methods","Beal","3.86","80","0","20","0","0","0","0","0","0","0","0","0","0","5","88197","  3"
"2025-26","Fall","MGT","5314","Organization Behavior","Becker","3.77","30.8","65.4","0","3.8","0","0","0","0","0","0","0","0","0","26","88200","  3"
"2025-26","Fall","MGT","5314","Organization Behavior","Carlson","3.45","21.8","21.8","36.4","14.5","3.6","0","1.8","0","0","0","0","0","0","55","88199","  3"
"2025-26","Fall","MGT","5314","Organization Behavior","Carlson","3.53","24.6","29.5","29.5","11.5","4.9","0","0","0","0","0","0","0","0","61","91067","  3"
"2025-26","Fall","MGT","5384","Eth Dim Leadership","Simpson","3.92","72.7","27.3","0","0","0","0","0","0","0","0","0","0","0","11","88201","  3"
"2025-26","Fall","MGT","5674","Change Management","Buengel","3.71","51.6","19.4","22.6","3.2","3.2","0","0","0","0","0","0","0","0","31","88203","  2"
"2025-26","Fall","MGT","5784","International Management","Hatfield","3.95","81.8","18.2","0","0","0","0","0","0","0","0","0","0","0","11","88204","  3"
"2025-26","Fall","MGT","5794","Strategic Management","Hatfield","3.96","85.7","14.3","0","0","0","0","0","0","0","0","0","0","0","7","88205","  3"
"2025-26","Fall","MGT","5804","Leader Tech-Based Org","Townsend","3.8","43.9","51.2","2.4","2.4","0","0","0","0","0","0","0","0","0","41","88206","  3"
"2025-26","Fall","MGT","5964","Field Study","Schaudt","3.93","87.1","6.5","3.2","3.2","0","0","0","0","0","0","0","0","0","31","88207","  1"
"2025-26","Fall","MGT","6224","Appl Meas in Bus Research","Trivedi","3.81","68.8","6.3","25","0","0","0","0","0","0","0","0","0","0","16","88211","  3"
"2025-26","Fall","MGT","6714","Org Behav Theory Seminar","Porter","3.75","68.8","6.3","6.3","18.8","0","0","0","0","0","0","0","0","0","16","88213","  3"
"2025-26","Fall","MGT","6744","Management Research Practicum","Gnyawali","3.67","66.7","0","0","33.3","0","0","0","0","0","0","0","0","0","6","88215","  3"
"2025-26","Fall","MINE","1034","Automation Data Mineral Indus","Zaid","3.81","92.9","0","0","0","3.6","0","0","0","0","0","0","3.6","1","28","88226","  1"
"2025-26","Fall","MINE","1044","Space Mining","Zaid","3.99","97.9","2.1","0","0","0","0","0","0","0","0","0","0","0","47","88228","  1"
"2025-26","Fall","MINE","2504","Intro to Mining Engineering","Sarver","3.23","16.7","16.7","20.8","20.8","20.8","0","0","4.2","0","0","0","0","0","24","88229","  3"
"2025-26","Fall","MINE","2534","Mine Surveying and Mapping","Zaid","3.27","12.5","25","25","18.8","6.3","12.5","0","0","0","0","0","0","0","16","88230","  3"
"2025-26","Fall","MINE","2534","Mine Surveying and Mapping","Zaid","3.37","22.2","22.2","44.4","0","0","0","0","11.1","0","0","0","0","0","9","88231","  3"
"2025-26","Fall","MINE","3604","Mining Geomechanics","Pandey","2.79","5.3","15.8","21.1","21.1","10.5","5.3","5.3","5.3","5.3","0","0","5.3","0","19","88233","  3"
"2025-26","Fall","MINE","3604","Mining Geomechanics","Pandey","2.83","14.3","14.3","14.3","0","28.6","0","0","28.6","0","0","0","0","0","7","88234","  3"
"2025-26","Fall","MINE","3624","Mineral Resource Project Mgmt","Bishop","3.76","68","16","0","4","12","0","0","0","0","0","0","0","0","25","88235","  3"
"2025-26","Fall","MINE","3634","Fundamentals Mineral Processng","Huang","3.42","19","33.3","19","14.3","9.5","4.8","0","0","0","0","0","0","0","21","88236","  3"
"2025-26","Fall","MINE","3634","Fundamentals Mineral Processng","Huang","2.63","0","14.3","0","0","42.9","28.6","14.3","0","0","0","0","0","0","7","88237","  3"
"2025-26","Fall","MINE","3664","Fluids Thermodynamics Resource","Nojabaei","2.89","3.6","10.7","14.3","25","32.1","0","10.7","0","3.6","0","0","0","0","28","88238","  3"
"2025-26","Fall","MINE","3674","Explosives Rock Fragmentation","Westman","3.03","23.1","11.5","11.5","30.8","0","7.7","7.7","0","3.8","0","0","3.8","0","26","88239","  3"
"2025-26","Fall","MINE","4614","Health and Safety Systems","Ripepi","3.7","53.3","13.3","23.3","10","0","0","0","0","0","0","0","0","0","30","88240","  3"
"2025-26","Fall","MINE","4624","Mine Water Reservoir Eng","Zaid","3.24","21.4","14.3","25","17.9","3.6","14.3","3.6","0","0","0","0","0","0","28","88241","  3"
"2025-26","Fall","MINE","4635","Mining Engineering Capstone","Westman","3.61","25.9","48.1","18.5","3.7","0","0","3.7","0","0","0","0","0","0","27","88242","  2"
"2025-26","Fall","MINE","4654","Mine Power Systems Automation","Zhang","3.47","32.1","14.3","32.1","10.7","7.1","3.6","0","0","0","0","0","0","0","28","88243","  3"
"2025-26","Fall","MINE","4664","Resource Engineering Seminar","Bishop","3.85","64.3","25","10.7","0","0","0","0","0","0","0","0","0","0","28","88244","  1"
"2025-26","Fall","MINE","5025","Advanced Mining Design","Pandey","3.75","83.3","0","0","0","8.3","8.3","0","0","0","0","0","0","0","12","92592","  3"
"2025-26","Fall","MINE","5114","Sustain Mineral Energ Resource","Sarver","3.92","88.9","0","11.1","0","0","0","0","0","0","0","0","0","0","9","91851","  3"
"2025-26","Fall","MINE","5944","Seminar","Nojabaei","4","100","0","0","0","0","0","0","0","0","0","0","0","0","23","88252","  1"
"2025-26","Fall","MKTG","3104","Marketing Management","Al Jumaily","3.3","42.4","0","0","46.2","0","0","10.6","0","0","0.8","0","0","1","132","91541","  3"
"2025-26","Fall","MKTG","3104","Marketing Management","Ravella","3.27","43.8","12.5","12.5","6.3","6.3","6.3","0","0","6.3","6.3","0","0","0","16","88282","  3"
"2025-26","Fall","MKTG","3104","Marketing Management","Wertalik","3.43","41.9","20.2","11.8","9.9","5.1","3.7","2.2","1.8","1.1","0.7","0.4","1.1","0","272","91543","  3"
"2025-26","Fall","MKTG","3104","Marketing Management","Wertalik","3.54","45.3","18.3","13.5","13.8","3.1","1.4","2.4","1","0.3","0.3","0","0.3","2","289","88281","  3"
"2025-26","Fall","MKTG","3104","Marketing Management","Al Jumaily","3.57","63.9","0","0","30.3","0","0","5.4","0","0","0","0","0.3","1","294","91001","  3"
"2025-26","Fall","MKTG","3104","Marketing Management","Wertalik","3.94","80","20","0","0","0","0","0","0","0","0","0","0","0","5","88283","  3"
"2025-26","Fall","MKTG","3134","Pers Well Being & Prof Succ","Kogan","3.37","39.3","14.3","7.1","17.9","7.1","7.1","7.1","0","0","0","0","0","0","28","91985","  3"
"2025-26","Fall","MKTG","3134","Pers Well Being & Prof Succ","Dierckx","3.47","30.6","26.5","20.4","16.3","2","0","2","0","0","0","0","2","0","49","88284","  3"
"2025-26","Fall","MKTG","3134","Pers Well Being & Prof Succ","Dierckx","3.33","26.5","26.5","22.4","8.2","6.1","2","0","4.1","0","2","0","2","0","49","91544","  3"
"2025-26","Fall","MKTG","3164","Intro Digital MKTG Strategy","Hillison","3.41","24.4","22.2","35.6","4.4","4.4","6.7","0","0","2.2","0","0","0","0","45","88286","  3"
"2025-26","Fall","MKTG","3164","Intro Digital MKTG Strategy","Hillison","3.4","34.6","17.3","26.9","9.6","0","3.8","3.8","1.9","0","0","0","1.9","2","52","88288","  3"
"2025-26","Fall","MKTG","3164","Intro Digital MKTG Strategy","Hillison","3.5","30.2","26.4","24.5","9.4","1.9","5.7","1.9","0","0","0","0","0","1","53","88287","  3"
"2025-26","Fall","MKTG","3504","Advertising","Kogan","3.28","13.7","21.6","21.6","33.3","3.9","0","3.9","2","0","0","0","0","0","51","88289","  3"
"2025-26","Fall","MKTG","4054","Sales Technology","Michalisin","4","100","0","0","0","0","0","0","0","0","0","0","0","0","15","91630","  3"
"2025-26","Fall","MKTG","4114","Intro to AI in Mktg","Rao","3.41","23.5","29.4","11.8","11.8","23.5","0","0","0","0","0","0","0","0","17","88290","  3"
"2025-26","Fall","MKTG","4154","Marketing Research","Matuszak","3","14.3","11.4","11.4","28.6","11.4","5.7","14.3","2.9","0","0","0","0","2","35","88292","  3"
"2025-26","Fall","MKTG","4154","Marketing Research","Xu","3.43","31.4","8.6","34.3","14.3","8.6","2.9","0","0","0","0","0","0","0","35","88293","  3"
"2025-26","Fall","MKTG","4154","Marketing Research","Xu","3.62","48.6","5.7","34.3","8.6","2.9","0","0","0","0","0","0","0","0","35","88295","  3"
"2025-26","Fall","MKTG","4154","Marketing Research","Xu","3.31","25","0","50","12.5","0","12.5","0","0","0","0","0","0","0","8","88294","  3"
"2025-26","Fall","MKTG","4164","Social Media & Content MKTG","Kogan","3.45","12","32","40","14","0","2","0","0","0","0","0","0","0","50","91986","  3"
"2025-26","Fall","MKTG","4204","Consumer Behavior","Goenka","3.62","43.3","30","13.3","6.7","0","0","6.7","0","0","0","0","0","0","30","88297","  3"
"2025-26","Fall","MKTG","4204","Consumer Behavior","May","3.13","20","11.4","17.1","25.7","8.6","2.9","11.4","2.9","0","0","0","0","0","35","88299","  3"
"2025-26","Fall","MKTG","4204","Consumer Behavior","Goenka","3.45","30.2","37.2","7","11.6","7","0","4.7","0","0","0","0","2.3","0","43","88300","  3"
"2025-26","Fall","MKTG","4204","Consumer Behavior","Al Jumaily","3.82","82.2","0","0","17.8","0","0","0","0","0","0","0","0","0","45","88298","  3"
"2025-26","Fall","MKTG","4254","Product and Price Management","Reilly","3.47","19.4","29","35.5","9.7","3.2","3.2","0","0","0","0","0","0","0","31","88301","  3"
"2025-26","Fall","MKTG","4264","Analytics for Marketing","Rao","3.4","35.7","14.3","14.3","21.4","0","14.3","0","0","0","0","0","0","0","14","88303","  3"
"2025-26","Fall","MKTG","4264","Analytics for Marketing","Rao","3.7","47.8","34.8","8.7","4.3","0","0","4.3","0","0","0","0","0","1","23","88302","  3"
"2025-26","Fall","MKTG","4304","Marketing Communications","Matuszak","3.21","4","32","8","36","16","4","0","0","0","0","0","0","0","25","88306","  3"
"2025-26","Fall","MKTG","4304","Marketing Communications","Matuszak","3.17","14.8","18.5","14.8","27.8","13","1.9","7.4","1.9","0","0","0","0","1","54","88305","  3"
"2025-26","Fall","MKTG","4304","Marketing Communications","Al Jumaily","3.52","55.4","0","0","41.1","0","0","3.6","0","0","0","0","0","0","56","88304","  3"
"2025-26","Fall","MKTG","4354","Mktg Chnl & Lgst","Matuszak","3.31","5.9","29.4","23.5","32.4","8.8","0","0","0","0","0","0","0","0","34","88309","  3"
"2025-26","Fall","MKTG","4354","Mktg Chnl & Lgst","Gresh","3.48","44.7","16.5","11.8","14.1","3.5","4.7","2.4","0","0","2.4","0","0","2","85","88307","  3"
"2025-26","Fall","MKTG","4454","Sales Force Management","Collins","3.65","44","32","8","8","4","4","0","0","0","0","0","0","0","50","88314","  3"
"2025-26","Fall","MKTG","4554","Principles of Prof Selling","Turner","3.7","41.7","33.3","16.7","8.3","0","0","0","0","0","0","0","0","0","12","88318","  3"
"2025-26","Fall","MKTG","4554","Principles of Prof Selling","Turner","3.23","7.7","30.8","25.6","20.5","2.6","7.7","2.6","0","0","2.6","0","0","0","39","88315","  3"
"2025-26","Fall","MKTG","4554","Principles of Prof Selling","Michalisin","3.85","53.3","45","0","1.7","0","0","0","0","0","0","0","0","0","60","88316","  3"
"2025-26","Fall","MKTG","4554","Principles of Prof Selling","Michalisin","3.67","36.7","35","20","8.3","0","0","0","0","0","0","0","0","0","60","88317","  3"
"2025-26","Fall","MKTG","4644","Mktg, Soc, & Pub Interests","Reilly","3.72","48","24","24","4","0","0","0","0","0","0","0","0","0","25","88319","  3"
"2025-26","Fall","MKTG","4644","Mktg, Soc, & Pub Interests","Reilly","3.38","11.8","26.5","35.3","23.5","0","0","2.9","0","0","0","0","0","0","34","88321","  3"
"2025-26","Fall","MKTG","4644","Mktg, Soc, & Pub Interests","Pandelaere","3.53","34.2","23.7","26.3","5.3","5.3","5.3","0","0","0","0","0","0","0","38","88322","  3"
"2025-26","Fall","MKTG","4644","Mktg, Soc, & Pub Interests","Pandelaere","3.49","15","30","42.5","12.5","0","0","0","0","0","0","0","0","1","40","88320","  3"
"2025-26","Fall","MKTG","4704","International Marketing","Ravella","2.94","36.4","9.1","9.1","9.1","0","9.1","9.1","0","9.1","0","9.1","0","0","11","88323","  3"
"2025-26","Fall","MKTG","4754","Strategic Marketing","Reilly","3.44","15.8","39.5","13.2","26.3","2.6","0","2.6","0","0","0","0","0","0","38","88324","  3"
"2025-26","Fall","MKTG","4774","Advanced Professional Selling","Collins","3.72","44","36","10","10","0","0","0","0","0","0","0","0","1","50","88325","  3"
"2025-26","Fall","MKTG","4994","Undergraduate Research","Turner","4","100","0","0","0","0","0","0","0","0","0","0","0","0","11","88331","  3"
"2025-26","Fall","MKTG","5104","Marketing Policy And Strategy","Chakravarti","3.64","25","50","12.5","12.5","0","0","0","0","0","0","0","0","0","8","88333","  3"
"2025-26","Fall","MKTG","5604","Marketing Principles","Leijon","3.49","30.4","30.4","13","13","8.7","0","4.3","0","0","0","0","0","0","23","88336","  2"
"2025-26","Fall","MKTG","5634","Intl Marketing Management","Hood","3.99","95.5","4.5","0","0","0","0","0","0","0","0","0","0","0","22","92805","  2"
"2025-26","Fall","MKTG","6264","Multivariate Stat in Business","Ni","3.63","40.7","25.9","14.8","18.5","0","0","0","0","0","0","0","0","0","27","88352","  3"
"2025-26","Fall","MN","1004","Introduction to Naval Science","Van Keuren","3.75","59.6","19.3","14","3.5","1.8","0","0","1.8","0","0","0","0","0","57","88358","  3"
"2025-26","Fall","MN","1004","Introduction to Naval Science","Weeks","3.75","59.6","19.3","14","3.5","1.8","0","0","1.8","0","0","0","0","0","57","88358","  3"
"2025-26","Fall","MN","1004","Introduction to Naval Science","Van Keuren","3.97","91.8","6.6","1.6","0","0","0","0","0","0","0","0","0","0","61","88359","  3"
"2025-26","Fall","MN","1004","Introduction to Naval Science","Weeks","3.97","91.8","6.6","1.6","0","0","0","0","0","0","0","0","0","0","61","88359","  3"
"2025-26","Fall","MN","1104","Nav Ships Syst: Engr","Davis","3.61","34.8","26.1","26.1","13","0","0","0","0","0","0","0","0","0","23","88363","  3"
"2025-26","Fall","MN","1104","Nav Ships Syst: Engr","Davis","3.59","38.7","29","12.9","12.9","3.2","0","3.2","0","0","0","0","0","0","31","88362","  3"
"2025-26","Fall","MN","3006","Navigation","Bloomer","3.89","64.3","35.7","0","0","0","0","0","0","0","0","0","0","0","14","88365","  3"
"2025-26","Fall","MN","3006","Navigation","Jack","3.89","64.3","35.7","0","0","0","0","0","0","0","0","0","0","0","14","88365","  3"
"2025-26","Fall","MN","3006","Navigation","Bloomer","3.96","87.1","12.9","0","0","0","0","0","0","0","0","0","0","0","31","88364","  3"
"2025-26","Fall","MN","3006","Navigation","Jack","3.96","87.1","12.9","0","0","0","0","0","0","0","0","0","0","0","31","88364","  3"
"2025-26","Fall","MN","3204","Evolution of Warfare","Crete","3.79","51.6","35.5","9.7","3.2","0","0","0","0","0","0","0","0","0","31","91361","  3"
"2025-26","Fall","MN","4005","Leadership &  Mgt/Ethics","Koop","3.93","88","4","8","0","0","0","0","0","0","0","0","0","0","25","88367","  3"
"2025-26","Fall","MN","4005","Leadership &  Mgt/Ethics","Koop","3.79","75.5","9.4","5.7","3.8","0","1.9","3.8","0","0","0","0","0","0","53","88366","  3"
"2025-26","Fall","MS","1005","Military Sci I, AROTC","Calvert","3.82","57.7","34.6","3.8","0","3.8","0","0","0","0","0","0","0","0","26","88372","  2"
"2025-26","Fall","MS","1005","Military Sci I, AROTC","Calvert","3.84","75.9","10.3","6.9","3.4","3.4","0","0","0","0","0","0","0","0","29","88374","  2"
"2025-26","Fall","MS","1005","Military Sci I, AROTC","Calvert","3.83","72.7","9.1","12.1","6.1","0","0","0","0","0","0","0","0","0","33","88370","  2"
"2025-26","Fall","MS","1005","Military Sci I, AROTC","Calvert","3.75","58.8","23.5","5.9","5.9","5.9","0","0","0","0","0","0","0","0","34","88369","  2"
"2025-26","Fall","MS","2005","Military Sci II, AROTC","Dufault","3.9","91.3","0","0","4.3","4.3","0","0","0","0","0","0","0","0","23","88379","  3"
"2025-26","Fall","MS","2005","Military Sci II, AROTC","Dufault","3.99","95.8","4.2","0","0","0","0","0","0","0","0","0","0","0","24","88375","  3"
"2025-26","Fall","MS","2005","Military Sci II, AROTC","Dufault","3.91","85.2","7.4","3.7","3.7","0","0","0","0","0","0","0","0","0","27","88377","  3"
"2025-26","Fall","MS","2005","Military Sci II, AROTC","Dufault","3.78","71","12.9","0","9.7","6.5","0","0","0","0","0","0","0","0","31","88378","  3"
"2025-26","Fall","MS","3005","Military Sci III, AROTC","Spadine","3.33","29.2","16.7","16.7","20.8","4.2","8.3","0","4.2","0","0","0","0","0","24","88380","  4"
"2025-26","Fall","MS","3005","Military Sci III, AROTC","Spadine","3.42","25","27.8","25","8.3","8.3","0","2.8","0","2.8","0","0","0","0","36","88383","  4"
"2025-26","Fall","MS","3005","Military Sci III, AROTC","Spadine","3.39","34.2","13.2","21.1","21.1","2.6","0","2.6","5.3","0","0","0","0","0","38","88382","  4"
"2025-26","Fall","MS","4005","Military Sci IV, AROTC","Jackson","3.99","96.2","3.8","0","0","0","0","0","0","0","0","0","0","0","26","88384","  4"
"2025-26","Fall","MS","4005","Military Sci IV, AROTC","Jackson","3.98","97.4","0","2.6","0","0","0","0","0","0","0","0","0","0","39","88385","  4"
"2025-26","Fall","MS","4005","Military Sci IV, AROTC","Jackson","3.93","87.2","7.7","2.6","2.6","0","0","0","0","0","0","0","0","0","39","88386","  4"
"2025-26","Fall","MSE","1004","Materials In Todays World","Aning","3.74","83.9","0","0","9.7","0","0","3.2","0","0","3.2","0","0","0","31","88391","  1"
"2025-26","Fall","MSE","2034","Elem of Materials Eng","Corcoran","3.55","51","15","14","8","5","1","3","1","0","0","2","0","0","100","88395","  3"
"2025-26","Fall","MSE","2034","Elem of Materials Eng","Corcoran","3.33","31.3","20.5","14.3","10.7","13.4","0.9","6.3","0.9","0","0.9","0","0.9","6","112","92216","  3"
"2025-26","Fall","MSE","2034","Elem of Materials Eng","Lu","2.91","12.5","10","20","18.8","7.5","12.5","8.8","7.5","1.3","0","1.3","0","1","80","88393","  3"
"2025-26","Fall","MSE","2034","Elem of Materials Eng","Clark","3","13.8","12.6","17.2","21.8","14.9","6.9","6.9","1.1","0","3.4","0","1.1","2","87","88396","  3"
"2025-26","Fall","MSE","2034","Elem of Materials Eng","Corcoran","3.39","39.1","14.1","17.4","14.1","7.6","3.3","0","0","1.1","1.1","0","2.2","2","92","88394","  3"
"2025-26","Fall","MSE","2044","Fund of Materials Engineering","Burgoyne","3.75","66.7","6.7","16.7","6.7","3.3","0","0","0","0","0","0","0","0","30","88397","  4"
"2025-26","Fall","MSE","2044","Fund of Materials Engineering","Cai","3.75","66.7","6.7","16.7","6.7","3.3","0","0","0","0","0","0","0","0","30","88397","  4"
"2025-26","Fall","MSE","2884","Matls Engr Professional Dev I","Burgoyne","3.46","58.7","8.7","8.7","2.2","6.5","4.3","4.3","0","4.3","2.2","0","0","0","46","88398","  1"
"2025-26","Fall","MSE","3054","Mech Behavior of Materials","Aidi","3.12","20","0","60","0","0","0","0","20","0","0","0","0","0","5","88402","  3"
"2025-26","Fall","MSE","3114","Math Programming MSE II","Corcoran","2.96","41.9","0","6.5","25.8","0","0","12.9","0","3.2","0","0","9.7","2","31","88408","  1"
"2025-26","Fall","MSE","3134","Crystallography & Cryst Struc","Kindlund","2.87","20.6","17.6","11.8","17.6","11.8","2.9","0","2.9","2.9","0","0","11.8","2","34","88409","  3"
"2025-26","Fall","MSE","3204","Electronic Materials","Asryan","3.78","58.8","26.5","11.8","0","0","0","2.9","0","0","0","0","0","0","34","88410","  3"
"2025-26","Fall","MSE","3324","Elementary Metal Casting Lab","Druschitz","2.91","14.3","28.6","14.3","14.3","14.3","0","0","0","0","0","0","14.3","0","7","88412","  1"
"2025-26","Fall","MSE","4034","Thermo of Materials","Staley","3.28","47.6","2.4","9.5","7.1","9.5","11.9","7.1","4.8","0","0","0","0","0","42","88414","  3"
"2025-26","Fall","MSE","4055","Materials Selection & Design","McGinnis","3","20","12","20","24","8","0","8","0","0","0","0","8","0","25","88416","  3"
"2025-26","Fall","MSE","4085","Senior Capstone Recitation","Burgoyne","3.34","26.1","21.7","13","13","21.7","0","4.3","0","0","0","0","0","0","23","88438","  2"
"2025-26","Fall","MSE","4085","Senior Capstone Recitation","Staley","3.34","26.1","21.7","13","13","21.7","0","4.3","0","0","0","0","0","0","23","88438","  2"
"2025-26","Fall","MSE","4304","Metals and Alloys","Druschitz","2.25","9.1","27.3","9.1","9.1","0","0","0","9.1","0","9.1","9.1","18.2","0","11","88442","  3"
"2025-26","Fall","MSE","4384","Nuclear Materials","Hin","3.61","41.7","16.7","25","16.7","0","0","0","0","0","0","0","0","0","12","88445","  3"
"2025-26","Fall","MSE","4414","Physical Ceramics","Burgoyne","3.34","42.5","10","12.5","12.5","12.5","0","5","0","0","2.5","2.5","0","0","40","88446","  3"
"2025-26","Fall","MSE","4414","Physical Ceramics","Tallon Galdeano","3.34","42.5","10","12.5","12.5","12.5","0","5","0","0","2.5","2.5","0","0","40","88446","  3"
"2025-26","Fall","MSE","4424","Materials Laboratory II","Suchicital","3.89","63.6","36.4","0","0","0","0","0","0","0","0","0","0","0","11","88447","  1"
"2025-26","Fall","MSE","4424","Materials Laboratory II","Suchicital","3.65","18.2","54.5","27.3","0","0","0","0","0","0","0","0","0","0","11","88448","  1"
"2025-26","Fall","MSE","4424","Materials Laboratory II","Suchicital","3.97","90.9","9.1","0","0","0","0","0","0","0","0","0","0","0","11","88449","  1"
"2025-26","Fall","MSE","4424","Materials Laboratory II","Suchicital","3.73","41.7","41.7","8.3","8.3","0","0","0","0","0","0","0","0","0","12","88450","  1"
"2025-26","Fall","MSE","5024","Math Methods Materials Resrch","Reynolds","4","100","0","0","0","0","0","0","0","0","0","0","0","0","5","88470","  3"
"2025-26","Fall","MSE","5054","Adv Materials Thermo","Bai","3.71","44.4","33.3","11.1","11.1","0","0","0","0","0","0","0","0","0","9","88473","  3"
"2025-26","Fall","MSE","5114","Materials Characterization","Kindlund","4","100","0","0","0","0","0","0","0","0","0","0","0","0","10","88474","  3"
"2025-26","Fall","MSE","5154","Process Sci in Manufacturing","Yu","3.67","33.3","40","20","6.7","0","0","0","0","0","0","0","0","0","15","88475","  3"
"2025-26","Fall","MSE","5614","Advanced Nanomaterials","Rost","3.78","50","33.3","16.7","0","0","0","0","0","0","0","0","0","0","12","91821","  3"
"2025-26","Fall","MSE","5984","SS: Thin Films","Viehland","3.97","91.7","8.3","0","0","0","0","0","0","0","0","0","0","0","12","92270","  3"
"2025-26","Fall","MSE","5984","SS: Electronic Materials","Pham","3.74","40","40","20","0","0","0","0","0","0","0","0","0","0","5","92114","  3"
"2025-26","Fall","MUS","1004","Perf Arts First Year Exper","Hopkins","2.98","34.6","11.5","3.8","11.5","7.7","7.7","7.7","3.8","0","3.8","7.7","0","0","26","88497","  1"
"2025-26","Fall","MUS","1004","Perf Arts First Year Exper","Loeffert","2.98","34.6","11.5","3.8","11.5","7.7","7.7","7.7","3.8","0","3.8","7.7","0","0","26","88497","  1"
"2025-26","Fall","MUS","1005","Theory Fundamentals","Irby","3.56","69.1","0.7","7.9","10.8","0","3.6","3.6","0","0.7","2.2","0","1.4","5","139","92456","  3"
"2025-26","Fall","MUS","1005","Theory Fundamentals","Berrios Rodriguez","3.24","37.9","17","10.4","7.7","8.8","4.9","4.4","2.2","1.1","2.2","1.1","2.2","3","182","88498","  3"
"2025-26","Fall","MUS","1104","Music Appreciation","Goh","3.64","54.2","23.7","10.7","5.3","1.5","0","0.8","0.8","0.8","0","0","2.3","0","131","88504","  3"
"2025-26","Fall","MUS","1104","Music Appreciation","Weinstein","3.89","85.5","9.1","1.1","3.2","0","0","0","0","0","0","0","1.1","4","186","92030","  3"
"2025-26","Fall","MUS","1104","Music Appreciation","Bartlett","3.81","71.9","16.7","3.6","3.1","1.6","1","1","1","0","0","0","0","0","192","88502","  3"
"2025-26","Fall","MUS","1104","Music Appreciation","Reep","3.83","80.2","8.9","4.2","3.6","1","0","0.5","0.5","0","0","0","1","1","192","88500","  3"
"2025-26","Fall","MUS","1104","Music Appreciation","Berrios Rodriguez","3.83","83.4","4.1","5.7","3.1","1","0.5","0","1","0","0","0","1","0","193","88499","  3"
"2025-26","Fall","MUS","1104","Music Appreciation","Lantz","3.77","69.9","15.5","4.1","4.1","3.6","0.5","0.5","0","0.5","0.5","0","0.5","0","193","88503","  3"
"2025-26","Fall","MUS","1104","Music Appreciation","Irby","3.82","88.4","0.5","3","4","0","0.5","1","0","0.5","0","0.5","1.5","1","198","88501","  3"
"2025-26","Fall","MUS","1114","Listening in the Digital Age","Crone","3.24","30","20","5","30","5","0","5","0","0","0","0","5","0","20","88505","  3"
"2025-26","Fall","MUS","1124","Living a Musical Life","Goh","3.42","41.7","27.8","8.3","5.6","2.8","0","2.8","5.6","0","5.6","0","0","0","36","88506","  3"
"2025-26","Fall","MUS","1134","Music of the Americas","Sato","3.69","88.2","0","2.9","0","0","2.9","0","0","0","0","0","5.9","0","34","91375","  3"
"2025-26","Fall","MUS","2025","European-American Music Theory","Loeffert","3.04","30.6","12.2","6.1","14.3","6.1","12.2","10.2","2","2","2","0","2","2","49","88507","  3"
"2025-26","Fall","MUS","2045","Sightsinging Laboratory","Elmer","3.47","40.6","12.5","18.8","15.6","6.3","0","6.3","0","0","0","0","0","0","32","88508","  1"
"2025-26","Fall","MUS","2055","Audio Technology For Music","Bank","2.42","13.3","0","13.3","0","26.7","20","6.7","0","6.7","0","6.7","6.7","3","15","88509","  3"
"2025-26","Fall","MUS","2065","Music Composition","Nichols","3.79","72.7","18.2","0","0","0","9.1","0","0","0","0","0","0","0","11","88510","  2"
"2025-26","Fall","MUS","2115","Survey of Western Music","Berrios Rodriguez","3.75","68.3","13.4","2.4","11","1.2","2.4","1.2","0","0","0","0","0","1","82","88511","  3"
"2025-26","Fall","MUS","2134","Disability Culture & the Arts","McLain","3.69","56.7","10","20","10","3.3","0","0","0","0","0","0","0","0","30","88513","  3"
"2025-26","Fall","MUS","2214","Class Applied Piano","Stuparevic","3.91","80","13.3","6.7","0","0","0","0","0","0","0","0","0","0","15","88514","  1"
"2025-26","Fall","MUS","2214","Class Applied Piano","Stuparevic","3.98","93.8","6.3","0","0","0","0","0","0","0","0","0","0","0","16","88515","  1"
"2025-26","Fall","MUS","2314","Woodwind Techniques I","Irby","3.86","77.8","11.1","0","11.1","0","0","0","0","0","0","0","0","0","9","88518","  1"
"2025-26","Fall","MUS","2364","Intro to Music Education","Yoo","4","100","0","0","0","0","0","0","0","0","0","0","0","0","6","88520","  2"
"2025-26","Fall","MUS","2514","Individual Applied Voice","Thorsett","4","100","0","0","0","0","0","0","0","0","0","0","0","0","12","88522","  1"
"2025-26","Fall","MUS","2524","Individual Applied Keyboard","Masters","3.96","83.3","16.7","0","0","0","0","0","0","0","0","0","0","1","6","88525","  1"
"2025-26","Fall","MUS","2534","Individual Applied Violin","Irrera","4","100","0","0","0","0","0","0","0","0","0","0","0","0","16","88527","  1"
"2025-26","Fall","MUS","2554","Individual Applied Cello","Weinstein","3.96","83.3","16.7","0","0","0","0","0","0","0","0","0","0","0","6","88529","  1"
"2025-26","Fall","MUS","2574","Individual Applied Flute","Lantz","3.33","37.5","12.5","25","0","12.5","0","0","12.5","0","0","0","0","0","8","88531","  1"
"2025-26","Fall","MUS","2594","Individual Applied Clarinet","Newcomer","3.89","90.9","0","0","9.1","0","0","0","0","0","0","0","0","0","11","88533","  1"
"2025-26","Fall","MUS","2614","Individual Applied Saxophone","Hutchins","3.4","28.6","28.6","7.1","35.7","0","0","0","0","0","0","0","0","1","14","88534","  1"
"2025-26","Fall","MUS","2624","Individual Applied Bassoon","Bartlett","3.95","83.3","16.7","0","0","0","0","0","0","0","0","0","0","0","6","88535","  2"
"2025-26","Fall","MUS","2634","Individual Applied Horn","Berrios Rodriguez","4","100","0","0","0","0","0","0","0","0","0","0","0","0","6","88536","  1"
"2025-26","Fall","MUS","2644","Individual Applied Trumpet","Crafton","3.66","75","0","12.5","0","0","0","12.5","0","0","0","0","0","0","8","88537","  1"
"2025-26","Fall","MUS","2654","Individual Applied Trombone","Crone","3.76","62.5","25","0","12.5","0","0","0","0","0","0","0","0","0","8","88538","  1"
"2025-26","Fall","MUS","2684","Individual Applied Percussion","Clark","4","100","0","0","0","0","0","0","0","0","0","0","0","0","9","88541","  1"
"2025-26","Fall","MUS","2684","Individual Applied Percussion","Irrera","4","100","0","0","0","0","0","0","0","0","0","0","0","0","9","88541","  1"
"2025-26","Fall","MUS","2734","Individual Applied Composition","Nichols","3.9","66.7","33.3","0","0","0","0","0","0","0","0","0","0","0","6","88542","  2"
"2025-26","Fall","MUS","2815","Jazz Improvisation","Pace","4","100","0","0","0","0","0","0","0","0","0","0","0","0","11","88545","  2"
"2025-26","Fall","MUS","3025","Euro-American Music Anaylsis","Newcomer","2.82","14.3","7.1","0","14.3","42.9","7.1","7.1","0","7.1","0","0","0","0","14","88547","  3"
"2025-26","Fall","MUS","3034","Form and Analysis","Loeffert","3.23","65","0","0","10","5","0","10","0","0","0","0","10","0","20","91387","  3"
"2025-26","Fall","MUS","3035","Advanced Class Piano","Stuparevic","3.5","66.7","8.3","8.3","8.3","0","0","0","0","0","0","0","8.3","0","12","88548","  1"
"2025-26","Fall","MUS","3045","Advanced Ear Training","Newcomer","3.28","38.5","0","30.8","0","15.4","0","15.4","0","0","0","0","0","0","13","88550","  1"
"2025-26","Fall","MUS","3064","Digital Sound Manipulation","Lyon","3.18","41.2","17.6","11.8","5.9","11.8","0","0","0","0","0","0","11.8","1","17","88552","  3"
"2025-26","Fall","MUS","3064","Digital Sound Manipulation","Lyon","3.58","50","25","20","0","0","0","0","0","0","0","0","5","0","20","91516","  3"
"2025-26","Fall","MUS","3065","Computer Music & Multimedia","Nichols","3.55","71.4","7.1","7.1","0","0","0","7.1","0","0","0","7.1","0","0","14","88553","  3"
"2025-26","Fall","MUS","3174","Music as Global Culture","Sato","3.42","50","9.1","27.3","0","0","0","9.1","0","0","0","0","4.5","0","22","91388","  3"
"2025-26","Fall","MUS","3184","Histories of Music I","Bowen","3.36","38.9","22.2","5.6","11.1","11.1","0","5.6","0","0","5.6","0","0","0","18","88555","  3"
"2025-26","Fall","MUS","3225","Conducting","Shapiro","3.53","41.7","16.7","8.3","25","8.3","0","0","0","0","0","0","0","0","12","88556","  3"
"2025-26","Fall","MUS","3244","Vocal Pedagogy","Cowan","3.79","66.7","22.2","0","0","11.1","0","0","0","0","0","0","0","0","9","92290","  3"
"2025-26","Fall","MUS","3314","Instrumental Ensemble Music","Clark","4","100","0","0","0","0","0","0","0","0","0","0","0","0","11","88564","  1"
"2025-26","Fall","MUS","3314","Instrumental Ensemble Music","Clark","4","100","0","0","0","0","0","0","0","0","0","0","0","0","14","88562","  1"
"2025-26","Fall","MUS","3314","Instrumental Ensemble Music","Crafton","4","100","0","0","0","0","0","0","0","0","0","0","0","0","14","88574","  1"
"2025-26","Fall","MUS","3314","Instrumental Ensemble Music","Irrera","4","100","0","0","0","0","0","0","0","0","0","0","0","0","17","92047","  1"
"2025-26","Fall","MUS","3314","Instrumental Ensemble Music","Newcomer","4","100","0","0","0","0","0","0","0","0","0","0","0","0","17","92047","  1"
"2025-26","Fall","MUS","3314","Instrumental Ensemble Music","Weinstein","4","100","0","0","0","0","0","0","0","0","0","0","0","0","17","92047","  1"
"2025-26","Fall","MUS","3314","Instrumental Ensemble Music","Middleton","4","100","0","0","0","0","0","0","0","0","0","0","0","0","300","88558","  1"
"2025-26","Fall","MUS","3314","Instrumental Ensemble Music","Reep","4","100","0","0","0","0","0","0","0","0","0","0","0","0","300","88558","  1"
"2025-26","Fall","MUS","3314","Instrumental Ensemble Music","Crone","4","100","0","0","0","0","0","0","0","0","0","0","0","0","5","88559","  1"
"2025-26","Fall","MUS","3314","Instrumental Ensemble Music","Thomas","4","100","0","0","0","0","0","0","0","0","0","0","0","0","5","88573","  1"
"2025-26","Fall","MUS","3314","Instrumental Ensemble Music","Shapiro","3.96","96.2","0","0","3.8","0","0","0","0","0","0","0","0","0","52","88572","  1"
"2025-26","Fall","MUS","3314","Instrumental Ensemble Music","Yang","3.9","66.7","33.3","0","0","0","0","0","0","0","0","0","0","0","6","88566","  1"
"2025-26","Fall","MUS","3314","Instrumental Ensemble Music","Berrios Rodriguez","4","100","0","0","0","0","0","0","0","0","0","0","0","0","7","88565","  1"
"2025-26","Fall","MUS","3314","Instrumental Ensemble Music","Irrera","4","100","0","0","0","0","0","0","0","0","0","0","0","0","7","88571","  1"
"2025-26","Fall","MUS","3314","Instrumental Ensemble Music","Elmer","4","98.6","1.4","0","0","0","0","0","0","0","0","0","0","0","70","88570","  1"
"2025-26","Fall","MUS","3314","Instrumental Ensemble Music","Reep","3.88","91.8","2.7","0","1.4","1.4","0","1.4","0","0","0","0","1.4","0","73","88569","  1"
"2025-26","Fall","MUS","3314","Instrumental Ensemble Music","Mesko","4","100","0","0","0","0","0","0","0","0","0","0","0","0","8","92291","  1"
"2025-26","Fall","MUS","3314","Instrumental Ensemble Music","Crone","4","100","0","0","0","0","0","0","0","0","0","0","0","0","84","88557","  1"
"2025-26","Fall","MUS","3314","Instrumental Ensemble Music","Loeffert","4","100","0","0","0","0","0","0","0","0","0","0","0","0","9","88560","  1"
"2025-26","Fall","MUS","3414","Choral Ensemble Music","Masters","3.63","45.5","22.7","9.1","18.2","4.5","0","0","0","0","0","0","0","0","22","91966","  1"
"2025-26","Fall","MUS","3414","Choral Ensemble Music","Thorsett","3.63","45.5","22.7","9.1","18.2","4.5","0","0","0","0","0","0","0","0","22","91966","  1"
"2025-26","Fall","MUS","3414","Choral Ensemble Music","Bigler","3.99","96.6","3.4","0","0","0","0","0","0","0","0","0","0","0","29","88578","  1"
"2025-26","Fall","MUS","3414","Choral Ensemble Music","Bigler","3.98","93.2","6.8","0","0","0","0","0","0","0","0","0","0","0","44","88577","  1"
"2025-26","Fall","MUS","4204","Second. General/Choral Methods","Yoo","3.66","60","0","20","20","0","0","0","0","0","0","0","0","0","5","88582","  3"
"2025-26","Fall","MUS","4214","Instrumental Method Elementary","Irby","3.88","83.3","0","16.7","0","0","0","0","0","0","0","0","0","0","6","88583","  2"
"2025-26","Fall","MUS","4514","Adv Ind App Voice","Thorsett","4","100","0","0","0","0","0","0","0","0","0","0","0","0","5","88586","  2"
"2025-26","Fall","NANO","1014","Introduction to Nanoscience","Emori","3.61","72.2","8.3","2.8","2.8","2.8","5.6","0","0","0","0","5.6","0","0","36","88632","  3"
"2025-26","Fall","NANO","2114","Nanoscience Research Seminar","Michel","3.94","94.4","0","0","5.6","0","0","0","0","0","0","0","0","0","18","88633","  1"
"2025-26","Fall","NANO","2324","Quantum Physics Nanomedicine","Magill","3.74","60","20","6.7","6.7","6.7","0","0","0","0","0","0","0","0","15","88634","  3"
"2025-26","Fall","NANO","3015","Nano Synth & Characterization","Liu","3.35","10","40","10","20","20","0","0","0","0","0","0","0","0","10","88635","  4"
"2025-26","Fall","NANO","3015","Nano Synth & Characterization","Magill","3.35","10","40","10","20","20","0","0","0","0","0","0","0","0","10","88635","  4"
"2025-26","Fall","NANO","3015","Nano Synth & Characterization","Liu","3.52","33.3","22.2","22.2","11.1","11.1","0","0","0","0","0","0","0","0","9","88636","  4"
"2025-26","Fall","NANO","3015","Nano Synth & Characterization","Magill","3.52","33.3","22.2","22.2","11.1","11.1","0","0","0","0","0","0","0","0","9","88636","  4"
"2025-26","Fall","NANO","3114","Prof Dissemination Nano Res","Kraikivski","3.85","73.3","13.3","6.7","6.7","0","0","0","0","0","0","0","0","0","15","88637","  1"
"2025-26","Fall","NANO","4324","Introduction to Nanomedicine","Zhao","3.62","31.8","45.5","4.5","13.6","0","4.5","0","0","0","0","0","0","0","22","88638","  3"
"2025-26","Fall","NANO","4994","Undergraduate Research","Nguyen","4","100","0","0","0","0","0","0","0","0","0","0","0","0","5","88647","  2"
"2025-26","Fall","NEUR","1004","Neur Orientation Seminar","McDaniel","3.4","62.3","0","0","24.7","0","0","6.8","0","0","3.1","0","3.1","0","162","88660","  1"
"2025-26","Fall","NEUR","2025","Introduction to Neuroscience","Cline","2.76","32.4","0","0","29.6","0","0","24.1","0","0","9.3","0","4.6","21","108","88661","  3"
"2025-26","Fall","NEUR","2025","Introduction to Neuroscience","Phillips","3.39","51","14.3","8.2","8.2","4.1","6.1","2","0","0","0","2","4.1","2","49","91428","  3"
"2025-26","Fall","NEUR","2026","Introduction to Neuroscience","Shah","3.19","33.9","11.9","15.3","8.5","11.9","8.5","3.4","3.4","0","0","0","3.4","0","59","88662","  3"
"2025-26","Fall","NEUR","2035","Neuroscience Laboratory","Cline","2.73","30","0","0","33.3","0","0","23.3","0","0","6.7","0","6.7","1","30","88664","  1"
"2025-26","Fall","NEUR","2035","Neuroscience Laboratory","Bai","3.03","12.9","0","0","77.4","0","0","9.7","0","0","0","0","0","0","31","88667","  1"
"2025-26","Fall","NEUR","2035","Neuroscience Laboratory","Cline","3.03","34.4","0","0","40.6","0","0","21.9","0","0","0","0","3.1","0","32","88668","  1"
"2025-26","Fall","NEUR","2035","Neuroscience Laboratory","Bai","2.97","21.2","0","0","54.5","0","0","24.2","0","0","0","0","0","1","33","88666","  1"
"2025-26","Fall","NEUR","2035","Neuroscience Laboratory","Fu","2.92","6.8","15.9","11.4","31.8","9.1","6.8","11.4","4.5","0","2.3","0","0","3","44","91429","  1"
"2025-26","Fall","NEUR","2036","Neuroscience Laboratory","McDaniel","2.99","25","8.3","16.7","16.7","8.3","8.3","0","0","16.7","0","0","0","0","12","88673","  1"
"2025-26","Fall","NEUR","2036","Neuroscience Laboratory","McDaniel","2.64","16.7","11.1","5.6","16.7","16.7","0","11.1","5.6","0","11.1","0","5.6","1","18","88670","  1"
"2025-26","Fall","NEUR","2036","Neuroscience Laboratory","McDaniel","2.84","23.1","11.5","3.8","11.5","15.4","11.5","7.7","7.7","3.8","0","0","3.8","0","26","88672","  1"
"2025-26","Fall","NEUR","2464","Neuroscience and Society","Bai","3.85","85.4","8.3","0","4.2","0","0","0","0","0","0","0","2.1","0","48","88674","  3"
"2025-26","Fall","NEUR","2594","Exploring Clinical Neurosci","Simonds","4","100","0","0","0","0","0","0","0","0","0","0","0","0","33","88675","  3"
"2025-26","Fall","NEUR","2974","Independent Study","Cline","4","100","0","0","0","0","0","0","0","0","0","0","0","0","21","88679","  2"
"2025-26","Fall","NEUR","2974","Independent Study","Rainville","4","100","0","0","0","0","0","0","0","0","0","0","0","0","7","88676","  1"
"2025-26","Fall","NEUR","2974","Independent Study","Shah","4","100","0","0","0","0","0","0","0","0","0","0","0","0","7","88685","  1"
"2025-26","Fall","NEUR","3044","Cell Molecular Neuroscience","Rainville","2.76","0","30.8","0","15.4","23.1","0","15.4","7.7","7.7","0","0","0","2","13","91439","  4"
"2025-26","Fall","NEUR","3044","Cell Molecular Neuroscience","Rainville","3.31","50","5","5","5","10","15","10","0","0","0","0","0","1","20","91436","  4"
"2025-26","Fall","NEUR","3044","Cell Molecular Neuroscience","Rainville","2.67","26.1","4.3","0","21.7","0","17.4","13","8.7","0","0","0","8.7","1","23","91438","  4"
"2025-26","Fall","NEUR","3044","Cell Molecular Neuroscience","Rainville","2.79","16.7","10","6.7","20","6.7","16.7","13.3","3.3","3.3","0","0","3.3","1","30","88717","  4"
"2025-26","Fall","NEUR","3084","Cognitive Neuroscience","McDaniel","3.25","38.4","10.5","17.4","10.5","7","3.5","5.8","1.2","2.3","0","0","3.5","1","86","88719","  3"
"2025-26","Fall","NEUR","3144","Mech Learning & Memory","Rainville","3.45","39","17.1","14.6","12.2","9.8","0","7.3","0","0","0","0","0","1","41","88720","  3"
"2025-26","Fall","NEUR","3594","Neurobiol Psych Disorders","Shah","3.54","39","31.7","12.2","7.3","4.9","2.4","0","0","0","0","0","2.4","0","41","91431","  3"
"2025-26","Fall","NEUR","3604","Neurobiochemistry","Gilbert","3.38","35.7","17.9","21.4","3.6","10.7","0","0","10.7","0","0","0","0","1","28","91432","  3"
"2025-26","Fall","NEUR","3914","Neuroscience of Drug Addiction","Howe","3.16","19.8","28.4","0","27.2","9.9","0","8.6","3.7","0","0","0","2.5","1","81","88723","  3"
"2025-26","Fall","NEUR","4034","Diseases of the Nervous System","Phillips","3.46","41.8","29.1","7.3","3.6","5.5","5.5","1.8","1.8","0","1.8","0","1.8","2","55","88725","  3"
"2025-26","Fall","NEUR","4044","TS: Rhythms of the Brain","English","4","100","0","0","0","0","0","0","0","0","0","0","0","0","21","88727","  3"
"2025-26","Fall","NEUR","4044","TS: Stress and the Brain","Sewall","3.9","65.2","34.8","0","0","0","0","0","0","0","0","0","0","0","23","88726","  3"
"2025-26","Fall","NEUR","4044","TS: Psychedelics & Psychiatry","Clinton","3.7","79.2","4.2","0","12.5","0","0","0","0","0","0","0","4.2","0","24","88730","  3"
"2025-26","Fall","NEUR","4044","TS: The Sexual Brain","Hodes","3.82","58.3","37.5","0","0","0","4.2","0","0","0","0","0","0","0","24","88729","  3"
"2025-26","Fall","NEUR","4244","Neural Control of Movement","Agrawal","3.81","57.1","28.6","14.3","0","0","0","0","0","0","0","0","0","0","14","88731","  3"
"2025-26","Fall","NEUR","4314","Genetics in Neuroscience","Ni","3.74","72.2","0","5.6","22.2","0","0","0","0","0","0","0","0","0","18","88732","  3"
"2025-26","Fall","NEUR","4594","Clinical Neuro in Practice","Phillips","4","100","0","0","0","0","0","0","0","0","0","0","0","0","10","88735","  3"
"2025-26","Fall","NEUR","4814","Nutritional Neuroscience","Gilbert","3.4","37.5","8.3","12.5","29.2","8.3","0","4.2","0","0","0","0","0","0","24","91434","  3"
"2025-26","Fall","NEUR","4994","Undergraduate Research","Olsen","4","100","0","0","0","0","0","0","0","0","0","0","0","0","5","88755","  3"
"2025-26","Fall","NEUR","5004","Principles of Neuroscience","Olsen","3.69","25","62.5","0","12.5","0","0","0","0","0","0","0","0","0","8","88767","  3"
"2025-26","Fall","NEUR","5074","Current Topics in Neuroscience","Fu","4","100","0","0","0","0","0","0","0","0","0","0","0","0","12","88770","  1"
"2025-26","Fall","NEUR","5074","Current Topics in Neuroscience","van der Heijden","3.8","80","0","0","20","0","0","0","0","0","0","0","0","0","5","92141","  1"
"2025-26","Fall","NEUR","5374","Research Exp in Neurosci","Pickrell","4","100","0","0","0","0","0","0","0","0","0","0","0","0","5","88772","  2"
"2025-26","Fall","NEUR","5984","SS: Neural Control of Movement","Agrawal","3.86","80","0","20","0","0","0","0","0","0","0","0","0","0","5","92225","  3"
"2025-26","Fall","NR","1115","Seeking Sustainability","Baird","3.63","33.3","50","8.3","0","0","0","8.3","0","0","0","0","0","2","12","88793","  3"
"2025-26","Fall","NR","1234","FYE Nat Resources & Environ","Chaves Didier","3.54","63.6","0","18.2","0","0","9.1","9.1","0","0","0","0","0","0","11","88795","  3"
"2025-26","Fall","NR","1234","FYE Nat Resources & Environ","Chaves Didier","3.3","58.3","0","8.3","16.7","0","8.3","0","0","0","0","0","8.3","1","12","88796","  3"
"2025-26","Fall","NR","1234","FYE Nat Resources & Environ","Chaves Didier","3.62","41.7","33.3","8.3","8.3","0","8.3","0","0","0","0","0","0","0","12","88797","  3"
"2025-26","Fall","NR","1234","FYE Nat Resources & Environ","Chaves Didier","3.78","60","20","13.3","6.7","0","0","0","0","0","0","0","0","0","15","88794","  3"
"2025-26","Fall","NR","2234","FSE Transfer Students in CNRE","Meyers","3.89","69.6","26.1","4.3","0","0","0","0","0","0","0","0","0","1","23","88798","  2"
"2025-26","Fall","NR","2554","Leading Global Sustainability","Oberdoerster","3.2","57.1","14.3","0","0","14.3","0","0","0","0","0","0","14.3","0","7","88799","  3"
"2025-26","Fall","NR","5014","Constructing Sustainablity","Kimmel","3.92","83.3","8.3","8.3","0","0","0","0","0","0","0","0","0","0","12","88808","  3"
"2025-26","Fall","NR","5114","Global Issues Environ Sustain","O'Brien","3.67","84.6","7.7","0","0","0","0","0","0","0","0","0","7.7","0","13","88811","  3"
"2025-26","Fall","NR","5114","Global Issues Environ Sustain","Hull","3.6","75","0","0","10","0","0","15","0","0","0","0","0","0","20","88813","  3"
"2025-26","Fall","NR","5164","Circular Economy","Goldstein","3.85","60","33.3","6.7","0","0","0","0","0","0","0","0","0","0","15","91605","  3"
"2025-26","Fall","NR","5174","Sustainability Systems","Marcucci","3.92","93.8","0","0","0","6.3","0","0","0","0","0","0","0","0","16","88814","  3"
"2025-26","Fall","NR","5204","Water Conflict & Management","DiMauro","3.83","53.8","38.5","7.7","0","0","0","0","0","0","0","0","0","0","13","88818","  3"
"2025-26","Fall","NR","5264","Watershed Stewardship","Egenrieder","3.99","95.2","4.8","0","0","0","0","0","0","0","0","0","0","0","21","88819","  3"
"2025-26","Fall","NR","5274","Infrastructure for Resilience","Kimmel","3.48","50","6.3","18.8","0","12.5","12.5","0","0","0","0","0","0","0","16","88821","  3"
"2025-26","Fall","NR","5424","Urban Wildlife","Richardson","3.52","50","22.2","11.1","0","0","5.6","5.6","5.6","0","0","0","0","0","18","88824","  3"
"2025-26","Fall","NR","5544","Clim Adapt & Mitigation Plan","Wagner","3.83","81.3","0","6.3","12.5","0","0","0","0","0","0","0","0","0","16","88825","  3"
"2025-26","Fall","NR","5694","Food Policy Sustainability","Jones","3.57","57.1","0","14.3","14.3","14.3","0","0","0","0","0","0","0","0","7","88827","  3"
"2025-26","Fall","NR","5724","Conservation Ecology","Patterson","3.55","63.6","0","9.1","9.1","9.1","0","9.1","0","0","0","0","0","0","11","88828","  3"
"2025-26","Fall","NR","5844","Leadership for Sustainability","Robertson","3.8","85","0","0","10","0","0","5","0","0","0","0","0","0","20","88830","  3"
"2025-26","Fall","NR","5854","Leadership Comm Sustain Prof","Dardis","4","100","0","0","0","0","0","0","0","0","0","0","0","0","15","88831","  3"
"2025-26","Fall","NR","5874","Strategies for Sustainability","McCullough","3.31","42.9","14.3","7.1","7.1","0","21.4","0","7.1","0","0","0","0","0","14","88833","  3"
"2025-26","Fall","NR","5954","Study Abroad; Fall 2025","Robertson","3.86","85.7","0","0","14.3","0","0","0","0","0","0","0","0","0","21","88838","  3"
"2025-26","Fall","NSEG","3145","Fundamentals of Nuclear Engr","Freeman","3.22","29.7","15.3","12.6","18.9","7.2","4.5","5.4","2.7","0.9","1.8","0","0.9","3","111","88841","  3"
"2025-26","Fall","NSEG","3604","Radiation Detect & Shielding","Freeman","3.41","36.8","17.5","19.3","8.8","5.3","3.5","5.3","3.5","0","0","0","0","1","57","88842","  3"
"2025-26","Fall","NSEG","4424","Reactor Thermal Hydraulics","Liu","3.32","23.1","23.1","15.4","19.2","7.7","7.7","3.8","0","0","0","0","0","0","26","88843","  3"
"2025-26","Fall","NSEG","5134","Monte Carlo Particle Transport","Haghighat","3.74","45.5","36.4","9.1","9.1","0","0","0","0","0","0","0","0","0","11","91570","  3"
"2025-26","Fall","NSEG","5204","Nuclear Fuel Cycle","Zhang","3.98","94.7","5.3","0","0","0","0","0","0","0","0","0","0","0","19","91102","  3"
"2025-26","Fall","NSEG","5204","Nuclear Fuel Cycle","Zhang","4","100","0","0","0","0","0","0","0","0","0","0","0","0","5","91103","  3"
"2025-26","Fall","NSEG","5424","Reactor Thermal Hydraulics","Liu","3.71","37.5","37.5","25","0","0","0","0","0","0","0","0","0","0","8","88854","  3"
"2025-26","Fall","NSEG","5944","Nuclear Eng Graduate Seminar","Haghighat","4","100","0","0","0","0","0","0","0","0","0","0","0","0","17","88869","  1"
"2025-26","Fall","NSEG","5944","Nuclear Eng Graduate Seminar","Haghighat","4","100","0","0","0","0","0","0","0","0","0","0","0","0","5","88870","  1"
"2025-26","Fall","PAPA","5014","Concepts Publ Adm","Dull","3.92","87.5","6.3","0","6.3","0","0","0","0","0","0","0","0","0","16","88893","  3"
"2025-26","Fall","PAPA","5254","Hmlnd Sec & Terrorist Threat","Roberts","4","100","0","0","0","0","0","0","0","0","0","0","0","0","9","91152","  3"
"2025-26","Fall","PAPA","5254","Hmlnd Sec & Terrorist Threat","Sinai","4","100","0","0","0","0","0","0","0","0","0","0","0","0","9","91152","  3"
"2025-26","Fall","PAPA","5316","Government Administration","Bredenkamp","3.98","94.4","5.6","0","0","0","0","0","0","0","0","0","0","0","18","88897","  3"
"2025-26","Fall","PAPA","6214","Public Policy Process","Zuniga","4","100","0","0","0","0","0","0","0","0","0","0","0","0","10","91162","  3"
"2025-26","Fall","PAPA","6214","Public Policy Process","Zuniga","3.91","71.4","28.6","0","0","0","0","0","0","0","0","0","0","0","7","88956","  3"
"2025-26","Fall","PAPA","6224","Public Policy Design","Edisis","3.87","55.6","44.4","0","0","0","0","0","0","0","0","0","0","0","9","91950","  3"
"2025-26","Fall","PAPA","6224","Public Policy Design","Malczewski","4","100","0","0","0","0","0","0","0","0","0","0","0","0","9","88959","  3"
"2025-26","Fall","PAPA","6294","Cap Sem Pub Pol","Dull","4","100","0","0","0","0","0","0","0","0","0","0","0","0","13","88960","  3"
"2025-26","Fall","PAPA","6324","Per Proc & Policy","Bredenkamp","4","100","0","0","0","0","0","0","0","0","0","0","0","0","11","88961","  3"
"2025-26","Fall","PAPA","6324","Per Proc & Policy","Bredenkamp","4","100","0","0","0","0","0","0","0","0","0","0","0","0","5","92847","  3"
"2025-26","Fall","PAPA","6354","Adv Topics Pub Mgt","Beauregard","3.93","92.9","0","0","7.1","0","0","0","0","0","0","0","0","0","14","91550","  3"
"2025-26","Fall","PAPA","6354","Adv Topics Pub Mgt","Davis","3.93","92.9","0","0","7.1","0","0","0","0","0","0","0","0","0","14","91550","  3"
"2025-26","Fall","PAPA","6414","Normative Foundations","Malczewski","4","100","0","0","0","0","0","0","0","0","0","0","0","0","14","88965","  3"
"2025-26","Fall","PAPA","6414","Normative Foundations","Rees","3.96","87.5","12.5","0","0","0","0","0","0","0","0","0","0","0","8","91219","  3"
"2025-26","Fall","PAPA","6514","Publ Adm & Policy Inq","Zuniga","3.86","71.4","14.3","14.3","0","0","0","0","0","0","0","0","0","0","14","88967","  3"
"2025-26","Fall","PHIL","1204","Knowledge and Reality","Sud","3.59","43.8","25","6.3","18.8","0","6.3","0","0","0","0","0","0","0","16","89014","  3"
"2025-26","Fall","PHIL","1204","Knowledge and Reality","Sud","3.17","21.1","21.1","21.1","15.8","5.3","10.5","0","0","0","0","0","5.3","1","19","89016","  3"
"2025-26","Fall","PHIL","1204","Knowledge and Reality","Sud","3.32","40","20","10","10","10","0","0","5","0","0","0","5","0","20","89019","  3"
"2025-26","Fall","PHIL","1204","Knowledge and Reality","Sud","3.52","38.5","23.1","15.4","11.5","3.8","3.8","3.8","0","0","0","0","0","0","26","89012","  3"
"2025-26","Fall","PHIL","1204","Knowledge and Reality","Sud","3.39","26.9","11.5","30.8","23.1","3.8","0","3.8","0","0","0","0","0","2","26","89013","  3"
"2025-26","Fall","PHIL","1204","Knowledge and Reality","Sud","3.41","37.9","10.3","24.1","13.8","3.4","6.9","0","0","3.4","0","0","0","0","29","89017","  3"
"2025-26","Fall","PHIL","1204","Knowledge and Reality","Lewis","3.05","16.7","30.6","13.9","16.7","2.8","2.8","2.8","2.8","2.8","0","2.8","5.6","1","36","89018","  3"
"2025-26","Fall","PHIL","1204","Knowledge and Reality","Patton","3.28","32.4","10.8","18.9","13.5","8.1","8.1","2.7","5.4","0","0","0","0","0","37","89011","  3"
"2025-26","Fall","PHIL","1204","Knowledge and Reality","Bowers","3.7","86.4","0","0","1.7","0","0","8.5","0","1.7","0","0","1.7","1","59","91095","  3"
"2025-26","Fall","PHIL","1304","Morality and Justice","Novack","3.14","31.3","25","0","12.5","12.5","0","12.5","0","0","0","0","6.3","2","16","89029","  3"
"2025-26","Fall","PHIL","1304","Morality and Justice","Novack","3.1","36","8","24","0","12","4","8","0","0","0","0","8","3","25","89022","  3"
"2025-26","Fall","PHIL","1304","Morality and Justice","Novack","3.12","36","12","12","12","8","4","0","4","8","0","0","4","1","25","89028","  3"
"2025-26","Fall","PHIL","1304","Morality and Justice","Novack","3.3","23.1","19.2","15.4","19.2","11.5","11.5","0","0","0","0","0","0","1","26","89023","  3"
"2025-26","Fall","PHIL","1304","Morality and Justice","Novack","3.27","46.2","7.7","7.7","11.5","7.7","3.8","7.7","3.8","0","0","3.8","0","1","26","89026","  3"
"2025-26","Fall","PHIL","1304","Morality and Justice","Novack","3.16","28.6","14.3","17.9","7.1","10.7","7.1","7.1","3.6","0","0","3.6","0","0","28","89021","  3"
"2025-26","Fall","PHIL","1304","Morality and Justice","Lind","3.07","41.7","5.6","5.6","16.7","0","11.1","11.1","0","0","0","5.6","2.8","2","36","89024","  3"
"2025-26","Fall","PHIL","1304","Morality and Justice","Lewis","3.39","29.7","24.3","10.8","18.9","10.8","0","2.7","0","0","2.7","0","0","0","37","89027","  3"
"2025-26","Fall","PHIL","1304","Morality and Justice","Thornton","3.51","35.1","24.3","13.5","18.9","2.7","2.7","2.7","0","0","0","0","0","1","37","89025","  3"
"2025-26","Fall","PHIL","1304","Morality and Justice","Bowers","4","100","0","0","0","0","0","0","0","0","0","0","0","1","58","89031","  3"
"2025-26","Fall","PHIL","1404","The Skeptic's Guide to AI","Jantzen","3.87","83.8","5.4","2.7","2.7","5.4","0","0","0","0","0","0","0","1","37","92429","  3"
"2025-26","Fall","PHIL","1504","Critical Thinking","D'amato","3.58","53.8","15.4","7.7","7.7","7.7","3.8","3.8","0","0","0","0","0","1","26","89032","  3"
"2025-26","Fall","PHIL","1504","Critical Thinking","D'amato","3.16","11.1","11.1","22.2","33.3","14.8","7.4","0","0","0","0","0","0","2","27","89035","  3"
"2025-26","Fall","PHIL","1504","Critical Thinking","D'amato","3.31","21.4","14.3","28.6","21.4","3.6","10.7","0","0","0","0","0","0","0","28","89034","  3"
"2025-26","Fall","PHIL","1504","Critical Thinking","D'amato","3","20","6.7","16.7","30","6.7","6.7","6.7","0","0","3.3","0","3.3","0","30","89033","  3"
"2025-26","Fall","PHIL","1604","How Science Works","Patton","3.64","42.9","28.6","14.3","8.6","2.9","2.9","0","0","0","0","0","0","0","35","89036","  3"
"2025-26","Fall","PHIL","2115","Ancient/Medieval Philosophy","Horn","3.23","34.4","21.3","9.8","4.9","6.6","8.2","4.9","6.6","0","1.6","0","1.6","3","61","89037","  3"
"2025-26","Fall","PHIL","2304","Global Ethics","Burkette","3.62","21.6","51.4","21.6","2.7","0","2.7","0","0","0","0","0","0","0","37","89040","  3"
"2025-26","Fall","PHIL","2304","Global Ethics","Burkette","3.56","10.5","57.9","26.3","2.6","0","0","2.6","0","0","0","0","0","0","38","89039","  3"
"2025-26","Fall","PHIL","2304","Global Ethics","D'amato","3.68","63.2","10.5","13.2","5.3","2.6","2.6","0","2.6","0","0","0","0","0","38","89038","  3"
"2025-26","Fall","PHIL","2304","Global Ethics","Fuller","3.78","49.1","38.6","7","3.5","1.8","0","0","0","0","0","0","0","2","57","89043","  3"
"2025-26","Fall","PHIL","2304","Global Ethics","Fuller","3.71","44.1","37.3","6.8","10.2","0","1.7","0","0","0","0","0","0","0","59","89042","  3"
"2025-26","Fall","PHIL","2304","Global Ethics","Bowers","3.95","98.3","0","0","0","0","0","0","0","0","1.7","0","0","0","60","91110","  3"
"2025-26","Fall","PHIL","2304","Global Ethics","Fuller","3.66","41.7","31.7","13.3","8.3","3.3","1.7","0","0","0","0","0","0","0","60","89041","  3"
"2025-26","Fall","PHIL","3016","Political Theory","Caraccioli","3.18","0","20","60","0","0","20","0","0","0","0","0","0","0","5","89048","  3"
"2025-26","Fall","PHIL","3314","Ethical Theory","Horn","3.28","35.7","17.9","17.9","3.6","3.6","7.1","7.1","3.6","0","0","3.6","0","0","28","89049","  3"
"2025-26","Fall","PHIL","3324","Biomedical Ethics","Wildman Short","3.69","46.4","35.7","3.6","10.7","0","0","3.6","0","0","0","0","0","1","28","89052","  3"
"2025-26","Fall","PHIL","3324","Biomedical Ethics","Wildman Short","3.6","56.7","30","3.3","0","3.3","0","0","0","0","0","3.3","3.3","1","30","89050","  3"
"2025-26","Fall","PHIL","3324","Biomedical Ethics","Wildman Short","3.76","50","35.3","5.9","8.8","0","0","0","0","0","0","0","0","0","34","89051","  3"
"2025-26","Fall","PHIL","3414","Aesthetics","Thornton","3.86","82.8","3.4","6.9","3.4","3.4","0","0","0","0","0","0","0","1","29","91111","  3"
"2025-26","Fall","PHIL","3505","Modern Logic & Dev","Novack","3.38","38.9","22.2","2.8","19.4","8.3","2.8","0","0","0","0","5.6","0","1","36","89054","  3"
"2025-26","Fall","PHIL","4214","Metaphysics","Thornton","3.72","72.4","17.2","0","0","6.9","0","0","0","0","0","0","3.4","0","29","89057","  3"
"2025-26","Fall","PHIL","4334","Jurisprudence","Lind","3.39","44","20","8","4","12","8","0","0","0","0","0","4","1","25","89058","  3"
"2025-26","Fall","PHIL","4614","Philosophy of Science","Novack","3.43","54.5","18.2","9.1","0","0","0","9.1","0","0","9.1","0","0","2","11","91106","  3"
"2025-26","Fall","PHIL","5004","Grad Prosem Phil","Corredor","3.74","40","40","20","0","0","0","0","0","0","0","0","0","0","5","89065","  3"
"2025-26","Fall","PHIL","6014","Special Topics in Philosophy","Parker","3.56","66.7","0","11.1","0","11.1","0","11.1","0","0","0","0","0","0","9","91108","  3"
"2025-26","Fall","PHIL","6324","Adv Topics Ethics & Politics","Sud","4","100","0","0","0","0","0","0","0","0","0","0","0","0","5","91109","  3"
"2025-26","Fall","PHS","1004","BSPH Essentials","Cross","3.64","76","0","2","10","2","6","2","0","0","0","0","2","0","50","89072","  1"
"2025-26","Fall","PHS","1004","BSPH Essentials","Cross","3.75","83","0","1.9","3.8","5.7","0","3.8","0","1.9","0","0","0","0","53","89073","  1"
"2025-26","Fall","PHS","1514","Personal Health","Smith","3.78","79.4","7.6","3.1","3.4","1.3","1.6","1.1","1.3","0.4","0","0","0.7","8","446","89074","  3"
"2025-26","Fall","PHS","2004","Introduction to Public Health","Redican","3.95","93.2","0","4.8","2.1","0","0","0","0","0","0","0","0","0","146","89075","  3"
"2025-26","Fall","PHS","3014","Intro to Environmental Health","Cohen","3.29","37","12.3","13.7","16.4","2.7","8.2","5.5","0","2.7","0","0","1.4","0","73","89080","  3"
"2025-26","Fall","PHS","3534","Drug Education","Smith","3.79","82.6","4.5","4.5","2","2.5","0.4","0.9","0.4","0.4","0.7","0","1.1","3","448","89083","  3"
"2025-26","Fall","PHS","3634","Epi Hlth and Disease","Ruktanonchai","3.87","91.9","1.6","1.6","1.6","0","0","1.6","0","0","0","0","1.6","0","62","89084","  3"
"2025-26","Fall","PHS","3654","Equity in Rural Health","Ruktanonchai","3.73","85.7","0","0","6.3","1.6","0","3.2","0","0","0","0","3.2","1","63","89085","  3"
"2025-26","Fall","PHS","4014","Public Health Planning & Eval","Deagle","3.77","77.4","6.5","8.1","3.2","0","1.6","1.6","0","0","0","0","1.6","2","62","89086","  3"
"2025-26","Fall","PHS","4044","Public Health Pol Adm","Gautam","3.59","66.3","5.8","2.9","15.4","1","0","6.7","0","0","1","0","1","1","104","89087","  3"
"2025-26","Fall","PHS","4064","Modeling Infectious Diseases","Ruktanonchai","3.52","49.3","25.4","11.3","5.6","0","2.8","0","0","0","0","0","5.6","0","71","89088","  3"
"2025-26","Fall","PHS","4994","Undergraduate Research","Gautam","4","100","0","0","0","0","0","0","0","0","0","0","0","0","5","89095","  3"
"2025-26","Fall","PHS","5004","Foundations of Public Health","Hungerford","3.8","77.8","8.3","2.8","5.6","2.8","0","0","2.8","0","0","0","0","0","36","89097","  1"
"2025-26","Fall","PHS","5014","Environmental Health","Calder","3.62","44","28","8","12","4","4","0","0","0","0","0","0","0","25","89098","  3"
"2025-26","Fall","PHS","5024","Epi & Quant Meth Publ Hlth Lab","Calder","3.73","68.4","15.8","0","5.3","5.3","0","5.3","0","0","0","0","0","0","19","89099","  1"
"2025-26","Fall","PHS","5025","Epi & Quant Meth Publ Hlth","Holt","3.89","85.7","4.8","4.8","0","4.8","0","0","0","0","0","0","0","0","21","89100","  3"
"2025-26","Fall","PHS","5026","Epi & Quant Meth Publ Hlth","Hungerford","3.62","70","10","0","15","0","0","0","0","0","0","0","5","0","20","89101","  3"
"2025-26","Fall","PHS","5054","Pblc Hlth Ldrshp & Interprof","Wenzel","3.88","90","0","3.3","3.3","0","0","3.3","0","0","0","0","0","0","30","89102","  2"
"2025-26","Fall","PHS","5204","Prin Community Health Ed","Wenzel","3.98","94.1","5.9","0","0","0","0","0","0","0","0","0","0","0","17","89103","  3"
"2025-26","Fall","PHS","5234","Meth of Community Hlth Engmnt","Deagle","4","100","0","0","0","0","0","0","0","0","0","0","0","0","16","89105","  3"
"2025-26","Fall","PHS","5324","Pub Hlth Infect Contrl & Prev","Bertke","4","100","0","0","0","0","0","0","0","0","0","0","0","0","19","89106","  3"
"2025-26","Fall","PHS","5334","Principles Infectious Diseases","Bertke","3.72","65","5","15","10","5","0","0","0","0","0","0","0","0","20","89107","  3"
"2025-26","Fall","PHS","5984","SS: Rural Environmental Health","Gohlke","3.85","75","20","0","0","0","5","0","0","0","0","0","0","0","20","92171","  3"
"2025-26","Fall","PHYS","1055","Introduction to Astronomy","Nelson","2.94","30.8","4.7","8.4","15","8.4","11.2","10.3","2.8","2.8","2.8","0","2.8","3","107","89113","  3"
"2025-26","Fall","PHYS","1155","Astronomy Laboratory","Simonetti","3.75","76.9","7.7","7.7","0","0","0","0","7.7","0","0","0","0","0","13","89116","  1"
"2025-26","Fall","PHYS","1155","Astronomy Laboratory","Simonetti","4","100","0","0","0","0","0","0","0","0","0","0","0","0","13","89117","  1"
"2025-26","Fall","PHYS","1155","Astronomy Laboratory","Simonetti","3.87","76.5","17.6","0","0","5.9","0","0","0","0","0","0","0","0","17","89115","  1"
"2025-26","Fall","PHYS","2074","Contemporary Physics","Papavasiliou","3.39","40","13.3","20","6.7","8.3","3.3","3.3","1.7","1.7","1.7","0","0","2","60","89120","  3"
"2025-26","Fall","PHYS","2074","Contemporary Physics","Simonetti","3.39","40","13.3","20","6.7","8.3","3.3","3.3","1.7","1.7","1.7","0","0","2","60","89120","  3"
"2025-26","Fall","PHYS","2074","Contemporary Physics","Zhou","3.39","40","13.3","20","6.7","8.3","3.3","3.3","1.7","1.7","1.7","0","0","2","60","89120","  3"
"2025-26","Fall","PHYS","2205","General Physics","Papavasiliou","3.02","28.1","13","5.7","14.6","7.3","10.9","12","3.1","2.1","1.6","0.5","1","6","192","89124","  3"
"2025-26","Fall","PHYS","2205","General Physics","Papavasiliou","2.75","18.2","10.2","7.2","14.4","10.6","9.3","13.6","6.8","3.8","2.1","3","0.8","16","236","89122","  3"
"2025-26","Fall","PHYS","2205","General Physics","Osborne","2.88","24.1","10.5","6.3","18.1","7.2","10.1","11.4","3.4","1.7","4.2","0.4","2.5","4","237","89123","  3"
"2025-26","Fall","PHYS","2206","General Physics","Papavasiliou","2.73","15","9.7","15","13.3","7.1","13.3","10.6","6.2","0.9","2.7","2.7","3.5","2","113","89125","  3"
"2025-26","Fall","PHYS","2215","General Physics Laboratory","Merritt","3.71","57.1","14.3","21.4","0","7.1","0","0","0","0","0","0","0","0","14","89142","  1"
"2025-26","Fall","PHYS","2215","General Physics Laboratory","Merritt","3.77","80","10","5","0","0","0","0","0","0","0","5","0","0","20","89144","  1"
"2025-26","Fall","PHYS","2215","General Physics Laboratory","Merritt","3.55","68","4","4","8","4","4","4","0","0","0","4","0","0","25","89141","  1"
"2025-26","Fall","PHYS","2215","General Physics Laboratory","Merritt","3.7","64.3","14.3","3.6","7.1","7.1","0","3.6","0","0","0","0","0","0","28","89127","  1"
"2025-26","Fall","PHYS","2215","General Physics Laboratory","Merritt","3.79","75","7.1","7.1","3.6","3.6","3.6","0","0","0","0","0","0","1","28","89140","  1"
"2025-26","Fall","PHYS","2215","General Physics Laboratory","Merritt","3.28","50","10.7","10.7","7.1","7.1","0","3.6","0","0","0","7.1","3.6","2","28","89149","  1"
"2025-26","Fall","PHYS","2215","General Physics Laboratory","Merritt","3.78","65.5","20.7","6.9","0","3.4","0","3.4","0","0","0","0","0","1","29","89134","  1"
"2025-26","Fall","PHYS","2215","General Physics Laboratory","Merritt","3.88","89.7","3.4","0","0","3.4","0","3.4","0","0","0","0","0","0","29","89136","  1"
"2025-26","Fall","PHYS","2215","General Physics Laboratory","Merritt","3.63","62.1","13.8","3.4","10.3","0","6.9","0","3.4","0","0","0","0","1","29","89143","  1"
"2025-26","Fall","PHYS","2215","General Physics Laboratory","Merritt","3.54","72.4","0","0","10.3","0","3.4","10.3","0","3.4","0","0","0","1","29","89148","  1"
"2025-26","Fall","PHYS","2215","General Physics Laboratory","Merritt","3.41","60","6.7","10","6.7","3.3","3.3","3.3","0","0","0","0","6.7","0","30","89128","  1"
"2025-26","Fall","PHYS","2215","General Physics Laboratory","Merritt","3.75","56.7","26.7","10","3.3","0","0","3.3","0","0","0","0","0","1","30","89130","  1"
"2025-26","Fall","PHYS","2215","General Physics Laboratory","Merritt","3.85","86.7","6.7","3.3","0","0","0","0","0","0","0","3.3","0","1","30","89132","  1"
"2025-26","Fall","PHYS","2215","General Physics Laboratory","Merritt","3.71","60","26.7","6.7","3.3","0","0","0","0","0","0","0","3.3","0","30","89133","  1"
"2025-26","Fall","PHYS","2215","General Physics Laboratory","Merritt","3.78","83.3","6.7","0","6.7","0","0","0","0","0","0","0","3.3","0","30","89137","  1"
"2025-26","Fall","PHYS","2215","General Physics Laboratory","Merritt","3.82","83.9","6.5","0","0","3.2","3.2","3.2","0","0","0","0","0","0","31","89131","  1"
"2025-26","Fall","PHYS","2215","General Physics Laboratory","Merritt","3.74","64.5","12.9","9.7","9.7","0","3.2","0","0","0","0","0","0","1","31","89135","  1"
"2025-26","Fall","PHYS","2215","General Physics Laboratory","Merritt","3.97","93.5","3.2","3.2","0","0","0","0","0","0","0","0","0","0","31","89139","  1"
"2025-26","Fall","PHYS","2215","General Physics Laboratory","Merritt","3.52","41.9","29","9.7","3.2","0","9.7","6.5","0","0","0","0","0","0","31","89145","  1"
"2025-26","Fall","PHYS","2215","General Physics Laboratory","Merritt","3.52","45.2","22.6","3.2","16.1","6.5","0","0","6.5","0","0","0","0","0","31","89147","  1"
"2025-26","Fall","PHYS","2215","General Physics Laboratory","Merritt","3.49","68.8","12.5","6.3","0","0","0","0","3.1","0","0","3.1","6.3","0","32","89126","  1"
"2025-26","Fall","PHYS","2215","General Physics Laboratory","Merritt","3.55","59.4","15.6","9.4","3.1","0","3.1","6.3","0","0","0","0","3.1","0","32","89129","  1"
"2025-26","Fall","PHYS","2216","General Physics Laboratory","Merritt","3.18","63.6","0","9.1","0","9.1","0","0","0","0","9.1","0","9.1","0","11","89155","  1"
"2025-26","Fall","PHYS","2216","General Physics Laboratory","Merritt","3.08","69.2","0","0","0","0","0","15.4","0","0","0","0","15.4","0","13","89151","  1"
"2025-26","Fall","PHYS","2216","General Physics Laboratory","Merritt","3.49","64.3","3.6","7.1","14.3","0","0","0","7.1","0","0","0","3.6","0","28","89150","  1"
"2025-26","Fall","PHYS","2216","General Physics Laboratory","Merritt","3.33","57.1","14.3","0","3.6","7.1","3.6","3.6","3.6","0","0","0","7.1","0","28","89154","  1"
"2025-26","Fall","PHYS","2216","General Physics Laboratory","Merritt","3.61","66.7","20","0","3.3","0","0","3.3","0","0","3.3","0","3.3","0","30","89152","  1"
"2025-26","Fall","PHYS","2254","Hello Quantum World!","Barnes","3.68","51.7","20.7","17.2","6.9","0","0","3.4","0","0","0","0","0","1","29","89156","  3"
"2025-26","Fall","PHYS","2254","Hello Quantum World!","Economou","3.68","51.7","20.7","17.2","6.9","0","0","3.4","0","0","0","0","0","1","29","89156","  3"
"2025-26","Fall","PHYS","2305","Foundations of Physics","Robinson","2.96","28.6","17.9","7.1","0","21.4","7.1","3.6","3.6","3.6","0","0","7.1","1","28","89209","  4"
"2025-26","Fall","PHYS","2305","Foundations of Physics","Simonetti","3.02","25","17.9","3.6","17.9","7.1","7.1","7.1","7.1","3.6","3.6","0","0","1","28","89174","  4"
"2025-26","Fall","PHYS","2305","Foundations of Physics","O'Donnell","2.56","23.5","5.9","2.9","5.9","2.9","11.8","17.6","17.6","5.9","2.9","2.9","0","1","34","90868","  4"
"2025-26","Fall","PHYS","2305","Foundations of Physics","Osborne","2.46","17.9","10.3","2.6","12.8","5.1","7.7","17.9","7.7","0","5.1","5.1","7.7","5","39","89163","  4"
"2025-26","Fall","PHYS","2305","Foundations of Physics","O'Donnell","2.97","28.6","11.9","9.5","4.8","16.7","9.5","7.1","2.4","4.8","0","2.4","2.4","2","42","89184","  4"
"2025-26","Fall","PHYS","2305","Foundations of Physics","Osborne","2.77","19","7.1","4.8","26.2","16.7","9.5","2.4","4.8","0","0","0","9.5","5","42","89164","  4"
"2025-26","Fall","PHYS","2305","Foundations of Physics","Osborne","2.89","16.7","16.7","9.5","7.1","16.7","9.5","19","0","2.4","0","0","2.4","3","42","89168","  4"
"2025-26","Fall","PHYS","2305","Foundations of Physics","Nelson","3.1","27.9","7","14","16.3","9.3","16.3","4.7","2.3","0","0","2.3","0","2","43","89160","  4"
"2025-26","Fall","PHYS","2305","Foundations of Physics","Osborne","3.27","30.2","9.3","18.6","20.9","11.6","2.3","2.3","0","4.7","0","0","0","1","43","89167","  4"
"2025-26","Fall","PHYS","2305","Foundations of Physics","O'Donnell","2.88","29.5","4.5","11.4","20.5","9.1","2.3","4.5","4.5","2.3","4.5","0","6.8","4","44","89186","  4"
"2025-26","Fall","PHYS","2305","Foundations of Physics","Osborne","2.47","9.1","6.8","13.6","15.9","9.1","9.1","9.1","4.5","6.8","9.1","4.5","2.3","3","44","89202","  4"
"2025-26","Fall","PHYS","2305","Foundations of Physics","Nelson","2.59","8.9","2.2","8.9","17.8","20","15.6","8.9","8.9","4.4","2.2","2.2","0","2","45","89169","  4"
"2025-26","Fall","PHYS","2305","Foundations of Physics","Nelson","2.52","11.1","11.1","8.9","15.6","6.7","8.9","13.3","8.9","6.7","0","2.2","6.7","2","45","89171","  4"
"2025-26","Fall","PHYS","2305","Foundations of Physics","O'Donnell","2.46","20","2.2","6.7","13.3","8.9","4.4","11.1","17.8","2.2","4.4","2.2","6.7","1","45","89183","  4"
"2025-26","Fall","PHYS","2305","Foundations of Physics","Osborne","2.56","15.6","20","2.2","6.7","2.2","13.3","11.1","8.9","8.9","6.7","0","4.4","1","45","89161","  4"
"2025-26","Fall","PHYS","2305","Foundations of Physics","Osborne","3.01","26.7","15.6","8.9","15.6","6.7","4.4","13.3","2.2","0","2.2","0","4.4","3","45","89173","  4"
"2025-26","Fall","PHYS","2305","Foundations of Physics","Osborne","2.45","8.9","6.7","6.7","20","13.3","11.1","8.9","4.4","2.2","13.3","0","4.4","1","45","89213","  4"
"2025-26","Fall","PHYS","2305","Foundations of Physics","O'Donnell","3.05","26.1","17.4","6.5","13","4.3","17.4","8.7","2.2","2.2","0","0","2.2","2","46","89185","  4"
"2025-26","Fall","PHYS","2305","Foundations of Physics","Osborne","2.37","2.2","4.3","4.3","21.7","6.5","15.2","30.4","6.5","2.2","2.2","4.3","0","1","46","89162","  4"
"2025-26","Fall","PHYS","2305","Foundations of Physics","Osborne","2.38","4.3","4.3","8.7","19.6","15.2","10.9","6.5","13","10.9","0","2.2","4.3","0","46","89165","  4"
"2025-26","Fall","PHYS","2305","Foundations of Physics","Osborne","3.21","19.6","17.4","19.6","19.6","8.7","10.9","2.2","0","0","2.2","0","0","1","46","89214","  4"
"2025-26","Fall","PHYS","2305","Foundations of Physics","Nelson","2.26","6.4","8.5","6.4","12.8","10.6","6.4","14.9","8.5","14.9","2.1","0","8.5","4","47","89170","  4"
"2025-26","Fall","PHYS","2305","Foundations of Physics","Osborne","3.03","22.9","12.5","10.4","18.8","10.4","6.3","12.5","2.1","0","0","4.2","0","0","48","89172","  4"
"2025-26","Fall","PHYS","2306","Foundations of Physics","Cao","1.9","10","0","0","20","0","20","0","20","0","10","0","20","1","10","89265","  4"
"2025-26","Fall","PHYS","2306","Foundations of Physics","Cao","2.12","0","4.8","4.8","23.8","4.8","9.5","14.3","9.5","19","0","4.8","4.8","3","21","89227","  4"
"2025-26","Fall","PHYS","2306","Foundations of Physics","Lin","3","28.1","12.5","9.4","15.6","12.5","6.3","3.1","3.1","3.1","0","0","6.3","0","32","89219","  4"
"2025-26","Fall","PHYS","2306","Foundations of Physics","Lin","2.19","12.1","0","3","6.1","15.2","12.1","21.2","3","15.2","6.1","0","6.1","2","33","89250","  4"
"2025-26","Fall","PHYS","2306","Foundations of Physics","Khan","2.45","10.8","8.1","5.4","13.5","16.2","5.4","13.5","5.4","8.1","10.8","0","2.7","3","37","89240","  4"
"2025-26","Fall","PHYS","2306","Foundations of Physics","Lin","2.81","13.5","13.5","8.1","16.2","13.5","10.8","8.1","8.1","8.1","0","0","0","0","37","89267","  4"
"2025-26","Fall","PHYS","2306","Foundations of Physics","Khan","2.57","18.4","7.9","0","10.5","18.4","10.5","15.8","7.9","2.6","0","0","7.9","1","38","89222","  4"
"2025-26","Fall","PHYS","2306","Foundations of Physics","Khan","2.61","23.7","7.9","10.5","7.9","15.8","5.3","5.3","5.3","0","2.6","2.6","13.2","1","38","89234","  4"
"2025-26","Fall","PHYS","2306","Foundations of Physics","Khan","2.63","15.8","15.8","10.5","5.3","10.5","13.2","10.5","2.6","0","5.3","2.6","7.9","1","38","89263","  4"
"2025-26","Fall","PHYS","2306","Foundations of Physics","Khan","2.84","13.2","2.6","18.4","18.4","18.4","10.5","7.9","5.3","5.3","0","0","0","2","38","89266","  4"
"2025-26","Fall","PHYS","2306","Foundations of Physics","Lin","2.66","10.5","7.9","5.3","15.8","15.8","18.4","10.5","10.5","2.6","2.6","0","0","0","38","89237","  4"
"2025-26","Fall","PHYS","2306","Foundations of Physics","Khan","2.67","15.4","17.9","5.1","7.7","5.1","17.9","12.8","5.1","7.7","0","0","5.1","0","39","89264","  4"
"2025-26","Fall","PHYS","2306","Foundations of Physics","Lin","2.96","15.4","7.7","20.5","15.4","17.9","12.8","5.1","0","0","0","5.1","0","0","39","89228","  4"
"2025-26","Fall","PHYS","2306","Foundations of Physics","Lin","2.91","20.5","12.8","10.3","23.1","10.3","2.6","2.6","5.1","2.6","7.7","0","2.6","0","39","89235","  4"
"2025-26","Fall","PHYS","2306","Foundations of Physics","Lin","2.56","12.8","7.7","12.8","12.8","15.4","5.1","7.7","12.8","2.6","0","2.6","7.7","0","39","89245","  4"
"2025-26","Fall","PHYS","2306","Foundations of Physics","Lin","2.84","17.9","2.6","15.4","17.9","17.9","10.3","7.7","2.6","2.6","2.6","0","2.6","0","39","89252","  4"
"2025-26","Fall","PHYS","2306","Foundations of Physics","Lin","2.7","5.1","10.3","15.4","12.8","20.5","12.8","12.8","2.6","2.6","2.6","2.6","0","0","39","89253","  4"
"2025-26","Fall","PHYS","2306","Foundations of Physics","Lin","2.97","7.7","12.8","23.1","28.2","7.7","2.6","12.8","0","2.6","2.6","0","0","0","39","89254","  4"
"2025-26","Fall","PHYS","2306","Foundations of Physics","Lin","3.02","25.6","10.3","7.7","17.9","7.7","10.3","10.3","10.3","0","0","0","0","0","39","89277","  4"
"2025-26","Fall","PHYS","2306","Foundations of Physics","Lin","2.98","15.4","10.3","12.8","23.1","20.5","7.7","5.1","0","2.6","0","0","2.6","0","39","89278","  4"
"2025-26","Fall","PHYS","2306","Foundations of Physics","Lin","2.98","15.4","10.3","17.9","20.5","12.8","5.1","10.3","2.6","5.1","0","0","0","1","39","89294","  4"
"2025-26","Fall","PHYS","2306","Foundations of Physics","Khan","3.01","27.5","10","7.5","17.5","5","15","7.5","5","2.5","2.5","0","0","0","40","89238","  4"
"2025-26","Fall","PHYS","2306","Foundations of Physics","Khan","2.87","20","5","27.5","7.5","5","15","5","10","0","0","0","5","0","40","89243","  4"
"2025-26","Fall","PHYS","2306","Foundations of Physics","Lin","2.68","12.5","7.5","7.5","15","22.5","12.5","10","5","0","2.5","0","5","0","40","89251","  4"
"2025-26","Fall","PHYS","2306","Foundations of Physics","Lin","2.8","15","15","12.5","10","12.5","15","5","2.5","5","2.5","2.5","2.5","0","40","89268","  4"
"2025-26","Fall","PHYS","2306","Foundations of Physics","Lin","2.79","15","10","10","20","7.5","12.5","17.5","0","0","5","0","2.5","0","40","89293","  4"
"2025-26","Fall","PHYS","2325","Seminar for Physics Majors","Robinson","3.51","75","0","2.8","5.6","2.8","5.6","0","0","0","2.8","2.8","2.8","0","36","89297","  1"
"2025-26","Fall","PHYS","2325","Seminar for Physics Majors","Simonetti","3.66","75.7","0","5.4","8.1","5.4","2.7","0","0","0","0","0","2.7","0","37","89296","  1"
"2025-26","Fall","PHYS","2404","Physics Outreach","Simonetti","4","100","0","0","0","0","0","0","0","0","0","0","0","0","5","89300","  2"
"2025-26","Fall","PHYS","3324","Modern Physics","Piilonen","3.43","47.8","17.4","6.5","7.6","7.6","3.3","2.2","5.4","1.1","0","0","1.1","0","92","89332","  4"
"2025-26","Fall","PHYS","3355","Intermediate Mechanics","Anderson","2.89","22","13.6","6.8","18.6","11.9","5.1","6.8","1.7","6.8","3.4","0","3.4","0","59","89333","  3"
"2025-26","Fall","PHYS","3405","Intermed Elec & Mag","Gray","2.86","20.7","10.3","12.1","12.1","13.8","8.6","8.6","5.2","3.4","1.7","0","3.4","0","58","89334","  3"
"2025-26","Fall","PHYS","3655","Introduction to Astrophysics","Arav","3.56","58.6","17.2","5.7","4.6","3.4","3.4","1.1","3.4","0","0","0","2.3","1","87","89335","  3"
"2025-26","Fall","PHYS","4224","Physics Teaching and Learning","Robinson","3.83","95.7","0","0","0","0","0","0","0","0","0","0","4.3","0","23","89336","  2"
"2025-26","Fall","PHYS","4264","Quantum Optics Qubit Proc","Barnes","3.79","64.3","21.4","0","14.3","0","0","0","0","0","0","0","0","2","14","92118","  3"
"2025-26","Fall","PHYS","4264","Quantum Optics Qubit Proc","Economou","3.79","64.3","21.4","0","14.3","0","0","0","0","0","0","0","0","2","14","92118","  3"
"2025-26","Fall","PHYS","4315","Modern Experimental Physics","Heremans","3.81","68.4","15.8","10.5","0","5.3","0","0","0","0","0","0","0","0","19","89337","  2"
"2025-26","Fall","PHYS","4315","Modern Experimental Physics","Heremans","3.63","52.6","21.1","15.8","0","0","5.3","5.3","0","0","0","0","0","0","19","89339","  2"
"2025-26","Fall","PHYS","4315","Modern Experimental Physics","Heremans","3.89","90.5","4.8","0","0","0","0","4.8","0","0","0","0","0","0","21","89340","  2"
"2025-26","Fall","PHYS","4455","Intro Quantum Mech","Khodaparast","2.61","25","0","0","12.5","0","25","25","0","12.5","0","0","0","0","8","92041","  3"
"2025-26","Fall","PHYS","4456","Intro Quantum Mech","Huber","2.93","26.4","13.2","13.2","13.2","9.4","5.7","0","3.8","1.9","5.7","3.8","3.8","1","53","89346","  3"
"2025-26","Fall","PHYS","4514","Intro Nuclear Physics","Link","3.87","84","4","4","4","4","0","0","0","0","0","0","0","0","25","89347","  3"
"2025-26","Fall","PHYS","4554","Intro Solid State Phy","Soghomonian","3.66","40","20","40","0","0","0","0","0","0","0","0","0","0","15","89348","  3"
"2025-26","Fall","PHYS","4614","Optics","Nguyen","2.89","33.3","4.8","9.5","9.5","0","14.3","9.5","9.5","0","9.5","0","0","0","21","89349","  3"
"2025-26","Fall","PHYS","4724","Soft Matter Physics","Cheng","3.88","83.3","0","16.7","0","0","0","0","0","0","0","0","0","0","6","89352","  3"
"2025-26","Fall","PHYS","4974","Independent Study","Simonetti","4","100","0","0","0","0","0","0","0","0","0","0","0","0","19","89355","  1"
"2025-26","Fall","PHYS","4994","Undergraduate Research","Simonetti","4","100","0","0","0","0","0","0","0","0","0","0","0","0","5","89379","  1"
"2025-26","Fall","PHYS","5354","Classical Mechanics","Robinson","3.29","36.8","5.3","15.8","21.1","5.3","5.3","10.5","0","0","0","0","0","0","19","89391","  3"
"2025-26","Fall","PHYS","5405","Classical Electromagnetism","Minic","3.96","94.4","0","5.6","0","0","0","0","0","0","0","0","0","0","18","89392","  3"
"2025-26","Fall","PHYS","5456","Quantum Mechanics","Takeuchi","3.37","15.4","30.8","15.4","23.1","15.4","0","0","0","0","0","0","0","0","13","89393","  3"
"2025-26","Fall","PHYS","5514","Adv Intro Nuclear Physics","Link","3.86","80","0","20","0","0","0","0","0","0","0","0","0","0","5","89394","  3"
"2025-26","Fall","PHYS","5555","Solid-State Physics","Soghomonian","3.87","57.1","42.9","0","0","0","0","0","0","0","0","0","0","0","7","89395","  3"
"2025-26","Fall","PHYS","5714","Methods of Theoretical Physics","Sharpe","3.47","36.4","18.2","9.1","27.3","4.5","4.5","0","0","0","0","0","0","0","22","89399","  3"
"2025-26","Fall","PHYS","5724","Advanced Soft Matter Physics","Cheng","3.96","87.5","12.5","0","0","0","0","0","0","0","0","0","0","0","8","89400","  3"
"2025-26","Fall","PM","2664","Intro to Property Management","Avery","2.86","16","8","8","28","24","4","4","0","0","0","0","8","0","25","89504","  3"
"2025-26","Fall","PM","2664","Intro to Property Management","Avery","2.74","0","20","12","12","28","8","12","4","0","0","0","4","0","25","89505","  3"
"2025-26","Fall","PM","3634","Afford & Specialized Housing","Avery","2.99","18.6","18.6","9.3","11.6","14","4.7","7","16.3","0","0","0","0","0","43","89506","  3"
"2025-26","Fall","PM","3674","Property Management Operations","Hopkins","3.16","27.8","27.8","5.6","11.1","5.6","0","5.6","5.6","11.1","0","0","0","0","18","89507","  3"
"2025-26","Fall","PM","3674","Property Management Operations","Hopkins","3.43","40","20","15.6","11.1","2.2","4.4","2.2","2.2","0","0","0","2.2","1","45","89508","  3"
"2025-26","Fall","PM","4644","Adv Property and Asset Mgt","Yoo","3.22","39.3","17.9","7.1","3.6","7.1","7.1","3.6","10.7","0","3.6","0","0","0","28","89509","  3"
"2025-26","Fall","PM","4684","Leasing Commercial Properties","Azar","3.55","31.4","23.5","25.5","17.6","2","0","0","0","0","0","0","0","0","51","89510","  3"
"2025-26","Fall","PM","4744","Housing Challenges & Policies","Gawrys","3.7","28.6","50","21.4","0","0","0","0","0","0","0","0","0","0","14","89511","  3"
"2025-26","Fall","PPE","1004","Intro Philosophy Politics Econ","D'amato","3.9","91.3","0","4.3","0","0","4.3","0","0","0","0","0","0","0","23","89523","  3"
"2025-26","Fall","PPE","1004","Intro Philosophy Politics Econ","Miller","3.64","60.9","13","4.3","8.7","8.7","0","4.3","0","0","0","0","0","0","23","89522","  3"
"2025-26","Fall","PPE","2894","PPE Gateway Course","Moehler","3.87","57.5","42.5","0","0","0","0","0","0","0","0","0","0","0","40","89527","  3"
"2025-26","Fall","PPE","3314","Ethical Theory","Horn","3.4","40","20","0","20","0","20","0","0","0","0","0","0","0","5","89531","  3"
"2025-26","Fall","PPE","4884","PPE Capstone Course","Wendt","2.84","18.2","18.2","4.5","18.2","9.1","13.6","9.1","0","0","0","0","9.1","0","22","89534","  3"
"2025-26","Fall","PPWS","2004","Mysterious Mushrooms & Molds","Colla'kova'","3.32","61.5","7.7","7.7","0","3.8","0","7.7","0","0","3.8","3.8","3.8","2","26","90984","  3"
"2025-26","Fall","PPWS","2754","Weeds That Shape Our World","Barney","3.34","27.3","31.8","13.6","9.1","9.1","4.5","0","0","0","0","0","4.5","1","22","89538","  3"
"2025-26","Fall","PPWS","2754","Weeds That Shape Our World","Westwood","3.34","27.3","31.8","13.6","9.1","9.1","4.5","0","0","0","0","0","4.5","1","22","89538","  3"
"2025-26","Fall","PPWS","4114","Microbe Forensics/Biosecurity","Vinatzer","2.95","12.5","14.6","20.8","10.4","12.5","10.4","8.3","8.3","0","2.1","0","0","1","48","89539","  3"
"2025-26","Fall","PPWS","4114","Microbe Forensics/Biosecurity","Wang","2.95","12.5","14.6","20.8","10.4","12.5","10.4","8.3","8.3","0","2.1","0","0","1","48","89539","  3"
"2025-26","Fall","PPWS","4264","Pesticide Usage","Miller","3.33","33.3","0","0","66.7","0","0","0","0","0","0","0","0","0","6","89540","  3"
"2025-26","Fall","PPWS","4604","Biological Invasions","Barney","3.56","55.6","11.1","11.1","5.6","5.6","5.6","5.6","0","0","0","0","0","0","18","89541","  3"
"2025-26","Fall","PPWS","5154","Plant Problem Diagnosis","Rodriguez Salamanca","3.81","57.1","28.6","14.3","0","0","0","0","0","0","0","0","0","0","7","91008","  3"
"2025-26","Fall","PPWS","5214","Diseases of Crop Plants","Rideout","4","100","0","0","0","0","0","0","0","0","0","0","0","0","13","89542","  1"
"2025-26","Fall","PPWS","5604","Adv Biological Invasions","Barney","4","100","0","0","0","0","0","0","0","0","0","0","0","0","5","89543","  3"
"2025-26","Fall","PPWS","5704","Weed Science and Management","Haak","4","100","0","0","0","0","0","0","0","0","0","0","0","0","16","90959","  3"
"2025-26","Fall","PPWS","6004","Advanced Topics PPWS","Rideout","4","100","0","0","0","0","0","0","0","0","0","0","0","0","10","89547","  1"
"2025-26","Fall","PR","2044","Principles of Public Relations","Deuyour","3.25","7.9","26.3","15.8","42.1","2.6","0","5.3","0","0","0","0","0","0","38","89548","  3"
"2025-26","Fall","PR","2044","Principles of Public Relations","Deuyour","3.11","10.3","23.1","12.8","28.2","7.7","10.3","5.1","0","0","2.6","0","0","0","39","89549","  3"
"2025-26","Fall","PR","3014","Public Relations Cases","Logan","2.98","10.7","3.6","10.7","46.4","17.9","3.6","3.6","0","0","3.6","0","0","0","28","89550","  3"
"2025-26","Fall","PR","3144","Writing and Editing for PR","Jefferies","3.51","30","30","10","20","10","0","0","0","0","0","0","0","0","20","89551","  3"
"2025-26","Fall","PR","4074","Organizational Communication","Smith","3.51","29.2","33.3","8.3","20.8","4.2","4.2","0","0","0","0","0","0","0","24","89552","  3"
"2025-26","Fall","PR","4304","Public Relations Campaigns","Woods","3.83","65.2","26.1","4.3","0","4.3","0","0","0","0","0","0","0","0","23","89554","  3"
"2025-26","Fall","PR","5514","Public Relt Theory & Practice","Logan","3.88","84.6","7.7","0","0","7.7","0","0","0","0","0","0","0","0","13","89555","  3"
"2025-26","Fall","PR","5524","Organizational Communication","Smith","3.94","80","20","0","0","0","0","0","0","0","0","0","0","0","10","89557","  3"
"2025-26","Fall","PSCI","1004","Nations and Nationalities","Frost","3.34","3.8","34.6","30.8","19.2","11.5","0","0","0","0","0","0","0","2","26","89560","  3"
"2025-26","Fall","PSCI","1014","US Gov & Politics","Hankinson","2.97","14","18.4","9.6","18.4","18.4","11.4","2.6","0.9","0.9","1.8","0","3.5","3","114","89561","  3"
"2025-26","Fall","PSCI","1014","US Gov & Politics","Hankinson","3.15","8.3","25","16.7","16.7","25","0","8.3","0","0","0","0","0","0","12","91112","  3"
"2025-26","Fall","PSCI","1014","US Gov & Politics","Levinson","3.51","46.9","18.8","12.5","9.4","0","6.3","0","6.3","0","0","0","0","0","32","89563","  3"
"2025-26","Fall","PSCI","1024","Comp Gov & Politics","Binev","3.26","12.5","23.1","32.7","13.5","11.5","1","1.9","1.9","0","1.9","0","0","1","104","89564","  3"
"2025-26","Fall","PSCI","1024","Comp Gov & Politics","Davila Saad","3.67","62.5","20.8","8.3","4.2","0","0","0","0","0","0","0","4.2","1","24","91452","  3"
"2025-26","Fall","PSCI","1024","Comp Gov & Politics","Milly","3.17","25","20","22.5","10","2.5","0","12.5","2.5","2.5","0","0","2.5","1","40","89565","  3"
"2025-26","Fall","PSCI","1034","Intro to Intl Studies & PSCI","Faulkner","3.6","68.5","7.9","9.6","2.8","0","2.8","3.4","1.7","0","0.6","0.6","2.2","0","178","89566","  3"
"2025-26","Fall","PSCI","1034","Intro to Intl Studies & PSCI","Hanratty","3.6","68.5","7.9","9.6","2.8","0","2.8","3.4","1.7","0","0.6","0.6","2.2","0","178","89566","  3"
"2025-26","Fall","PSCI","1034","Intro to Intl Studies & PSCI","Thomas","3.6","68.5","7.9","9.6","2.8","0","2.8","3.4","1.7","0","0.6","0.6","2.2","0","178","89566","  3"
"2025-26","Fall","PSCI","2014","Intro to Political Theory","Alphin","3.68","65.8","10.5","13.2","5.3","2.6","0","0","0","0","0","0","2.6","1","38","89570","  3"
"2025-26","Fall","PSCI","2014","Intro to Political Theory","Wendt","2.85","3.2","15.1","18.3","20.4","16.1","10.8","8.6","3.2","2.2","1.1","0","1.1","3","93","89569","  3"
"2025-26","Fall","PSCI","2024","Research Methods","Gibbs","2.56","25","10","15","5","0","10","0","5","10","10","0","10","6","20","89573","  3"
"2025-26","Fall","PSCI","2024","Research Methods","Barros","3.14","16","12","28","16","12","8","4","4","0","0","0","0","5","25","89572","  3"
"2025-26","Fall","PSCI","2024","Research Methods","Davila Saad","3.5","53.1","15.6","0","9.4","9.4","6.3","3.1","3.1","0","0","0","0","2","32","91113","  3"
"2025-26","Fall","PSCI","2024","Research Methods","Davila Saad","3.33","30.3","15.2","12.1","24.2","9.1","3","3","3","0","0","0","0","1","33","89571","  3"
"2025-26","Fall","PSCI","2034","Geography of Global Conflict","Stiles","3.65","82.4","5.9","0","0","0","5.9","0","0","0","0","0","5.9","1","17","89574","  3"
"2025-26","Fall","PSCI","2054","Introduction to World Politics","Gosink","3.64","45.8","20.8","16.7","12.5","4.2","0","0","0","0","0","0","0","1","24","89576","  3"
"2025-26","Fall","PSCI","2054","Introduction to World Politics","Thomas","3.03","30","12.2","7.8","16.7","10","7.8","3.3","3.3","2.2","1.1","1.1","4.4","3","90","89575","  3"
"2025-26","Fall","PSCI","2064","Global Econ and World Politics","Smith","3.76","58.3","16.7","20.8","4.2","0","0","0","0","0","0","0","0","0","24","89577","  3"
"2025-26","Fall","PSCI","2064","Global Econ and World Politics","Poets","3.56","40.6","31.3","9.4","12.5","0","3.1","0","0","0","0","3.1","0","1","32","89578","  3"
"2025-26","Fall","PSCI","2074","Law and Politics","Moore","3.43","38.2","11.8","20.6","14.7","8.8","0","2.9","2.9","0","0","0","0","2","34","89579","  3"
"2025-26","Fall","PSCI","2084","The Evolution of World Order","Ward","3.05","52.9","5.9","17.6","0","0","5.9","0","0","0","0","0","17.6","0","17","89581","  3"
"2025-26","Fall","PSCI","2084","The Evolution of World Order","Gill","3.88","75","12.5","12.5","0","0","0","0","0","0","0","0","0","0","8","89580","  3"
"2025-26","Fall","PSCI","2164","Foundations Security Environ","Zikusoka","3.42","31.6","10.5","26.3","21.1","5.3","5.3","0","0","0","0","0","0","0","19","89583","  3"
"2025-26","Fall","PSCI","2164","Foundations Security Environ","Brantly","3.73","69","6.9","13.8","6.9","0","0","0","3.4","0","0","0","0","1","29","89582","  3"
"2025-26","Fall","PSCI","2484","Religion and Politics","Abeysekara","2.57","28.6","14.3","14.3","14.3","0","0","0","0","0","0","0","28.6","0","7","92709","  3"
"2025-26","Fall","PSCI","2954","SA: Renaissance Florence","Nelson","3.89","81.4","7","9.3","2.3","0","0","0","0","0","0","0","0","0","43","89585","  1"
"2025-26","Fall","PSCI","3004","Prof & Careers in PSCI & IS","Hanratty","3.41","58.8","11.8","11.8","0","0","0","11.8","0","0","0","0","5.9","0","17","89587","  3"
"2025-26","Fall","PSCI","3015","Political Theory","Koch","3.25","36.7","16.7","16.7","10","6.7","0","3.3","0","0","6.7","0","3.3","1","30","89588","  3"
"2025-26","Fall","PSCI","3016","Political Theory","Caraccioli","3.54","32.4","32.4","11.8","14.7","5.9","0","2.9","0","0","0","0","0","3","34","89589","  3"
"2025-26","Fall","PSCI","3034","The CIA in Todays World","Stiles","3.09","20","6.7","13.3","26.7","20","0","13.3","0","0","0","0","0","1","15","89590","  3"
"2025-26","Fall","PSCI","3054","Dark Web Analytics","Brantly","3.89","87","4.3","0","4.3","4.3","0","0","0","0","0","0","0","0","23","91454","  3"
"2025-26","Fall","PSCI","3104","Security Stud: Theor & Concpts","Brantly","3.86","72.2","16.7","5.6","5.6","0","0","0","0","0","0","0","0","0","18","89591","  3"
"2025-26","Fall","PSCI","3114","Global Security","Casler","3.54","37.5","18.8","12.5","31.3","0","0","0","0","0","0","0","0","0","16","89592","  3"
"2025-26","Fall","PSCI","3115","Selected World Problems","Caraccioli","3.2","42.9","28.6","0","14.3","0","0","0","0","0","0","0","14.3","0","7","89593","  3"
"2025-26","Fall","PSCI","3116","Selected World Problems","Nelson","3.6","60","0","0","40","0","0","0","0","0","0","0","0","0","5","89596","  3"
"2025-26","Fall","PSCI","3125","Intelligence & Natl Security","Hodges","3.87","70","20","10","0","0","0","0","0","0","0","0","0","0","20","89597","  3"
"2025-26","Fall","PSCI","3134","Global Conflict and War","Bohland","3.3","56","16","4","4","0","0","4","8","0","0","0","8","2","25","89599","  3"
"2025-26","Fall","PSCI","3134","Global Conflict and War","Burkette","3.61","22.2","55.6","14.8","3.7","0","0","0","3.7","0","0","0","0","0","27","89598","  3"
"2025-26","Fall","PSCI","3164","Global Trade Strc & Pol","Koo","3.33","14.3","14.3","42.9","14.3","14.3","0","0","0","0","0","0","0","0","7","92292","  3"
"2025-26","Fall","PSCI","3184","Human Security","Reeves","3.95","92.3","0","7.7","0","0","0","0","0","0","0","0","0","0","13","89602","  3"
"2025-26","Fall","PSCI","3234","Voting and Elections","Goedert","3.27","19.2","23.1","23.1","7.7","11.5","11.5","3.8","0","0","0","0","0","0","26","91364","  3"
"2025-26","Fall","PSCI","3255","Pol Race Eth Gen","Faulkner","3.76","58.8","29.4","0","0","11.8","0","0","0","0","0","0","0","0","17","89605","  3"
"2025-26","Fall","PSCI","3334","Judicial Process","Tannenbaum","3.52","65.5","6.9","3.4","10.3","0","3.4","6.9","0","0","0","0","3.4","0","29","92605","  3"
"2025-26","Fall","PSCI","3334","Judicial Process","Goedert","3.48","28.6","20.4","24.5","20.4","6.1","0","0","0","0","0","0","0","1","49","89607","  3"
"2025-26","Fall","PSCI","3344","Global Environmental Issues","Alphin","3.71","81","4.8","4.8","4.8","0","0","0","0","0","0","0","4.8","0","21","89608","  3"
"2025-26","Fall","PSCI","3344","Global Environmental Issues","Glasson","3.89","88.5","3.8","0","0","7.7","0","0","0","0","0","0","0","0","26","89609","  3"
"2025-26","Fall","PSCI","3354","Con Law Structures and Rels","Moore","3.36","42.4","9.1","9.1","15.2","12.1","3","6.1","3","0","0","0","0","4","33","89610","  3"
"2025-26","Fall","PSCI","3414","Public Administration","Faulkner","3.75","74.2","6.5","0","16.1","0","0","3.2","0","0","0","0","0","0","31","89611","  3"
"2025-26","Fall","PSCI","3515","European Political Systems","Nelson","3.78","50","33.3","16.7","0","0","0","0","0","0","0","0","0","0","6","92294","  3"
"2025-26","Fall","PSCI","3574","Govt and Pol of Japan","Milly","3.3","42.9","42.9","0","0","0","0","0","0","0","0","0","14.3","0","7","91367","  3"
"2025-26","Fall","PSCI","3594","Topics Mid East Pol & Intl Rel","Frost","3.68","21.4","57.1","21.4","0","0","0","0","0","0","0","0","0","2","14","91357","  3"
"2025-26","Fall","PSCI","3615","International Relations","Gignoux","3.73","41.7","41.7","8.3","8.3","0","0","0","0","0","0","0","0","0","12","89613","  3"
"2025-26","Fall","PSCI","3624","Foreign Policy and Diplomacy","Hodges","3.88","84.4","6.3","3.1","0","6.3","0","0","0","0","0","0","0","0","32","89615","  3"
"2025-26","Fall","PSCI","3714","The U. S. Policy Process","Mastracci","3.62","70","10","5","0","0","5","0","10","0","0","0","0","0","20","89617","  3"
"2025-26","Fall","PSCI","3734","National Security","Zikusoka","3.37","18.2","45.5","18.2","9.1","0","0","0","0","0","9.1","0","0","1","11","89618","  3"
"2025-26","Fall","PSCI","3795","Global Terrorism & Counterter","Hodges","3.64","55","20","10","5","5","0","0","5","0","0","0","0","1","20","89619","  3"
"2025-26","Fall","PSCI","3854","European Political Economy","Nelson","3.88","60","40","0","0","0","0","0","0","0","0","0","0","0","5","89622","  3"
"2025-26","Fall","PSCI","4024","Seminar Diplomacy & Security","Zikusoka","2.57","21.4","7.1","14.3","28.6","0","0","0","7.1","0","0","0","21.4","0","14","91116","  3"
"2025-26","Fall","PSCI","4024","Seminar Diplomacy & Security","Avey","3.26","33.3","0","22.2","33.3","0","0","0","11.1","0","0","0","0","0","9","89624","  3"
"2025-26","Fall","PSCI","4034","Topics in Diplomacy Lab","Hodges","4","100","0","0","0","0","0","0","0","0","0","0","0","0","20","89625","  3"
"2025-26","Fall","PSCI","4104","Topics in European Studies","Plotica","3.94","80","20","0","0","0","0","0","0","0","0","0","0","0","5","89626","  3"
"2025-26","Fall","PSCI","4164","Future of Security","Zhang","3.95","84.6","15.4","0","0","0","0","0","0","0","0","0","0","0","13","89627","  3"
"2025-26","Fall","PSCI","4164","Future of Security","Zhang","4","100","0","0","0","0","0","0","0","0","0","0","0","0","6","92275","  3"
"2025-26","Fall","PSCI","4174","Climate Chng & Intl Policy","Franco","4","100","0","0","0","0","0","0","0","0","0","0","0","1","5","89628","  3"
"2025-26","Fall","PSCI","5104","Policy Gateway","Gardezi","3.63","44.4","22.2","22.2","0","11.1","0","0","0","0","0","0","0","0","9","91264","  3"
"2025-26","Fall","PSCI","5115","Research Methods","Kitchens","3.81","60","30","0","10","0","0","0","0","0","0","0","0","0","10","89648","  3"
"2025-26","Fall","PSCI","5214","Contemporary Political Theory","Debrix","3.5","30","20","20","30","0","0","0","0","0","0","0","0","0","10","89651","  3"
"2025-26","Fall","PSCI","5324","Executive Branch","Hult","3.94","80","20","0","0","0","0","0","0","0","0","0","0","0","5","92058","  3"
"2025-26","Fall","PSCI","5324","Executive Branch","Hult","3.77","42.9","42.9","14.3","0","0","0","0","0","0","0","0","0","0","7","91245","  3"
"2025-26","Fall","PSCI","5414","Industrial Democracies","Binev","3.71","42.9","28.6","28.6","0","0","0","0","0","0","0","0","0","0","7","91246","  3"
"2025-26","Fall","PSVP","2044","Peace and Violence","Dhillon-Jamerson","3.65","77.4","6.5","0","6.5","0","0","3.2","3.2","0","0","0","3.2","0","31","89669","  3"
"2025-26","Fall","PSVP","2044","Peace and Violence","Dhillon-Jamerson","3.61","77.4","9.7","0","3.2","0","0","0","3.2","0","0","0","6.5","0","31","89670","  3"
"2025-26","Fall","PSYC","1004","Introductory Psychology","Adams","3.32","32.2","20.5","12.1","14.6","7.1","4.8","4.2","1.3","0.8","1.3","0","1","6","478","89677","  3"
"2025-26","Fall","PSYC","1004","Introductory Psychology","Hoffman","3.3","32.4","18.4","14.1","13.6","7.7","3.8","4.6","2.9","0.7","0.7","0.2","1","14","583","89676","  3"
"2025-26","Fall","PSYC","1004","Introductory Psychology","Rogers","3.3","32.4","18.4","14.1","13.6","7.7","3.8","4.6","2.9","0.7","0.7","0.2","1","14","583","89676","  3"
"2025-26","Fall","PSYC","1004","Introductory Psychology","de la Rosa","3.3","32.4","18.4","14.1","13.6","7.7","3.8","4.6","2.9","0.7","0.7","0.2","1","14","583","89676","  3"
"2025-26","Fall","PSYC","1024","Pathways Psychology Major","Moore","3.86","86.3","5.9","3.3","1.3","0.7","0","0","1.3","0","0","0","1.3","0","153","89678","  2"
"2025-26","Fall","PSYC","1094","Prin Psyc Research","Melson-Silimon","3.92","83.3","12.5","0","4.2","0","0","0","0","0","0","0","0","0","24","89680","  3"
"2025-26","Fall","PSYC","1094","Prin Psyc Research","Neath","3.87","81.6","10.5","2.6","2.6","0","0","2.6","0","0","0","0","0","0","38","91128","  3"
"2025-26","Fall","PSYC","1094","Prin Psyc Research","Shaw","3.58","49.1","15.8","10.5","14","7","1.8","0","1.8","0","0","0","0","0","57","89679","  3"
"2025-26","Fall","PSYC","1094","Prin Psyc Research","Neath","3.84","73.3","16.7","6.7","0","0","1.7","1.7","0","0","0","0","0","0","60","89682","  3"
"2025-26","Fall","PSYC","2024","Psych Transfer Student Course","Minford","3.81","83.3","0","0","8.3","8.3","0","0","0","0","0","0","0","0","12","89684","  1"
"2025-26","Fall","PSYC","2034","Developmental Psychology","Netto","3.72","60.9","17.4","2.2","13","6.5","0","0","0","0","0","0","0","0","46","89688","  3"
"2025-26","Fall","PSYC","2034","Developmental Psychology","Diaz","3.63","54.5","14.5","16.4","3.6","7.3","1.8","0","0","0","1.8","0","0","1","55","89685","  3"
"2025-26","Fall","PSYC","2034","Developmental Psychology","Diaz","3.58","61.4","14","7","5.3","7","0","0","1.8","0","0","0","3.5","0","57","89687","  3"
"2025-26","Fall","PSYC","2034","Developmental Psychology","LaBarrie","3.94","89.8","3.4","6.8","0","0","0","0","0","0","0","0","0","0","59","89686","  3"
"2025-26","Fall","PSYC","2044","Psychology of Learning","Shafer","3.83","72.1","16.3","2.3","7","2.3","0","0","0","0","0","0","0","0","43","91183","  3"
"2025-26","Fall","PSYC","2044","Psychology of Learning","Kerfoot","3.93","93.3","0","0","6.7","0","0","0","0","0","0","0","0","0","75","89689","  3"
"2025-26","Fall","PSYC","2054","Psychology of Personality","Stephens","3","29.5","4.5","6.8","29.5","4.5","2.3","13.6","2.3","2.3","2.3","0","2.3","1","44","89691","  3"
"2025-26","Fall","PSYC","2054","Psychology of Personality","Adams","3.62","61.4","15.8","7","0","5.3","5.3","3.5","0","0","1.8","0","0","1","57","91184","  3"
"2025-26","Fall","PSYC","2064","Intro Neuroscience of Behavior","Park","3.37","21.4","33.3","14.3","14.3","9.5","2.4","0","2.4","0","2.4","0","0","0","42","89693","  3"
"2025-26","Fall","PSYC","2084","Social Psychology","Cornett","3.88","71.1","21.1","7.9","0","0","0","0","0","0","0","0","0","0","38","91130","  3"
"2025-26","Fall","PSYC","2084","Social Psychology","Rogers","2.98","10","12.5","25","22.5","12.5","2.5","7.5","0","0","5","2.5","0","0","40","89695","  3"
"2025-26","Fall","PSYC","2084","Social Psychology","Reed","3.69","40.9","34.1","18.2","4.5","0","2.3","0","0","0","0","0","0","0","44","92224","  3"
"2025-26","Fall","PSYC","2084","Social Psychology","Gass","3.66","50","23.9","10.9","8.7","2.2","4.3","0","0","0","0","0","0","1","46","89696","  3"
"2025-26","Fall","PSYC","2084","Social Psychology","Kerfoot","3.89","89","0","0","11","0","0","0","0","0","0","0","0","0","73","91356","  3"
"2025-26","Fall","PSYC","3014","Abnormal Psychology","Uscatescu","3.38","46.2","17.9","7.7","7.7","10.3","0","2.6","0","2.6","2.6","0","2.6","3","39","89746","  3"
"2025-26","Fall","PSYC","3014","Abnormal Psychology","Jones","3.14","32.7","10.9","18.2","10.9","9.1","0","3.6","7.3","0","5.5","0","1.8","1","55","89747","  3"
"2025-26","Fall","PSYC","3014","Abnormal Psychology","Patarinski","3.61","50","19.6","10.7","12.5","1.8","0","5.4","0","0","0","0","0","1","56","89745","  3"
"2025-26","Fall","PSYC","3034","Psyc Dis Children","Scarpa-Friedman","3.53","50","9.1","6.8","22.7","6.8","2.3","2.3","0","0","0","0","0","1","44","89748","  3"
"2025-26","Fall","PSYC","3034","Psyc Dis Children","Neal","3.82","60","26.7","11.1","2.2","0","0","0","0","0","0","0","0","0","45","89749","  3"
"2025-26","Fall","PSYC","4034","Special Topics in Dev Psyc","Gulseven","3.1","38.2","7.3","5.5","16.4","10.9","3.6","10.9","0","0","3.6","0","3.6","0","55","91069","  3"
"2025-26","Fall","PSYC","4064","Physiological Psychology","Scarpa-Friedman","3.77","65.8","15.8","5.3","10.5","0","2.6","0","0","0","0","0","0","0","38","89753","  3"
"2025-26","Fall","PSYC","4084","Advanced Social Psychology","Rogers","3.7","58.7","23.9","4.3","6.5","0","0","4.3","2.2","0","0","0","0","1","46","89754","  3"
"2025-26","Fall","PSYC","4114","Cognitive Psychology","Diana","3.29","29.7","21.6","18.9","10.8","2.7","5.4","5.4","2.7","0","0","0","2.7","0","37","89755","  3"
"2025-26","Fall","PSYC","4134","Language Development","Panneton","3.3","31.8","11.4","6.8","36.4","4.5","0","6.8","0","2.3","0","0","0","1","44","89756","  3"
"2025-26","Fall","PSYC","4154","Bilingual Develop. & Cognition","Diaz","3.71","73.1","3.8","0","11.5","7.7","3.8","0","0","0","0","0","0","2","26","91070","  3"
"2025-26","Fall","PSYC","4214","Cognitive Psyc Lab","Yuksel","3.33","40","20","20","0","0","10","0","0","0","10","0","0","0","10","89758","  1"
"2025-26","Fall","PSYC","4214","Cognitive Psyc Lab","Yuksel","3.92","83.3","8.3","8.3","0","0","0","0","0","0","0","0","0","0","12","89757","  1"
"2025-26","Fall","PSYC","4234","Develop Psyc Lab","Aras","3.8","77.3","4.5","13.6","0","0","0","4.5","0","0","0","0","0","0","22","89759","  1"
"2025-26","Fall","PSYC","4234","Develop Psyc Lab","Aras","3.72","72.7","9.1","0","9.1","4.5","0","0","4.5","0","0","0","0","2","22","89760","  1"
"2025-26","Fall","PSYC","4264","Lab in Phys Psyc","McClafferty","3.87","86.7","0","0","13.3","0","0","0","0","0","0","0","0","0","15","89761","  1"
"2025-26","Fall","PSYC","4264","Lab in Phys Psyc","McClafferty","3.83","83.3","0","0","16.7","0","0","0","0","0","0","0","0","0","6","89762","  1"
"2025-26","Fall","PSYC","4284","Lab in Social Psyc","Huynh","3.92","84.6","7.7","7.7","0","0","0","0","0","0","0","0","0","1","13","89764","  1"
"2025-26","Fall","PSYC","4284","Lab in Social Psyc","Huynh","3.93","91.3","0","4.3","4.3","0","0","0","0","0","0","0","0","0","23","89763","  1"
"2025-26","Fall","PSYC","4364","Senior Seminar","Adams","3.75","65","15","0","20","0","0","0","0","0","0","0","0","0","20","89768","  3"
"2025-26","Fall","PSYC","4364","Senior Seminar","Gulseven","3.64","55","25","0","15","0","0","0","0","5","0","0","0","0","20","92031","  3"
"2025-26","Fall","PSYC","4364","Senior Seminar","Uscatescu","3.95","95.2","0","0","4.8","0","0","0","0","0","0","0","0","0","21","92670","  3"
"2025-26","Fall","PSYC","4364","Senior Seminar","Hoffman","3.74","64","20","0","8","4","4","0","0","0","0","0","0","0","25","89767","  3"
"2025-26","Fall","PSYC","4364","Senior Seminar","Panneton","3.91","92","4","0","0","0","0","4","0","0","0","0","0","0","25","89765","  3"
"2025-26","Fall","PSYC","4994","Undergraduate Research","Edgin","4","100","0","0","0","0","0","0","0","0","0","0","0","0","16","89789","  1"
"2025-26","Fall","PSYC","4994","Undergraduate Research","Davis","4","100","0","0","0","0","0","0","0","0","0","0","0","0","5","89784","  3"
"2025-26","Fall","PSYC","4994","Undergraduate Research","Panneton","4","100","0","0","0","0","0","0","0","0","0","0","0","0","5","89798","  3"
"2025-26","Fall","PSYC","5104","Seminar in Org Psychology","Calderwood","3.94","80","20","0","0","0","0","0","0","0","0","0","0","0","5","91488","  3"
"2025-26","Fall","PSYC","5284","Psychopathology","Romer","4","100","0","0","0","0","0","0","0","0","0","0","0","0","6","89817","  3"
"2025-26","Fall","PSYC","5315","Research Methods","Stephens","3.51","33.3","25","8.3","25","8.3","0","0","0","0","0","0","0","0","12","89820","  3"
"2025-26","Fall","PSYC","5524","Adolescent Development","Kim-Spoon","4","100","0","0","0","0","0","0","0","0","0","0","0","0","8","92045","  3"
"2025-26","Fall","PSYC","6954","Adv Top Psyc Sciences","Scarpa-Friedman","4","100","0","0","0","0","0","0","0","0","0","0","0","0","13","91073","  3"
"2025-26","Fall","PSYC","6984","SS: Adv Research Methods","Hudson","3.49","21.4","42.9","7.1","21.4","0","7.1","0","0","0","0","0","0","0","14","92115","  3"
"2025-26","Fall","REAL","1004","Discovering Real Estate","Belcher","3.42","56.8","13.5","10.8","8.1","0","0","2.7","0","0","0","0","8.1","0","37","89837","  2"
"2025-26","Fall","REAL","1014","Careers in Real Estate","Clements","3.81","73.9","13","8.7","0","0","0","4.3","0","0","0","0","0","0","23","89839","  1"
"2025-26","Fall","REAL","1014","Careers in Real Estate","Clements","3.72","77.6","8.2","0","8.2","0","2","0","0","0","2","0","2","0","49","89838","  1"
"2025-26","Fall","REAL","2004","Principles of Real Estate","Clements","2.86","12.5","11.8","11","24.3","13.2","10.3","7.4","3.7","1.5","0.7","0","3.7","2","136","89840","  3"
"2025-26","Fall","REAL","2034","Real Estate Data Analysis","Mayock","3.05","12.7","27.3","9.1","14.5","10.9","12.7","9.1","1.8","0","0","0","1.8","2","55","89841","  3"
"2025-26","Fall","REAL","2044","Prof Develop in Real Estate","Everett","3.5","70.2","5.3","3.5","5.3","1.8","3.5","1.8","3.5","0","0","0","5.3","0","57","89842","  3"
"2025-26","Fall","REAL","3024","Applied Real Estate Develop","Cardman","3.79","67.2","12.5","12.5","4.7","3.1","0","0","0","0","0","0","0","0","64","91291","  3"
"2025-26","Fall","REAL","3034","Real Estate Market Analysis","Xiao","2.81","0","9.4","15.6","25","25","9.4","12.5","3.1","0","0","0","0","0","32","89844","  3"
"2025-26","Fall","REAL","3034","Real Estate Market Analysis","Xiao","3.11","7.7","20.5","10.3","35.9","12.8","7.7","5.1","0","0","0","0","0","0","39","91300","  3"
"2025-26","Fall","REAL","3044","Financing Real Estate Projects","Xiao","2.63","8.7","2.2","17.4","23.9","6.5","13","10.9","10.9","2.2","0","0","4.3","0","46","91302","  3"
"2025-26","Fall","REAL","3044","Financing Real Estate Projects","Everett","3.04","16","6","24","24","10","10","6","2","0","0","2","0","1","50","89845","  3"
"2025-26","Fall","REAL","4064","Real Estate Appraisal","Clements","3.39","36.4","9.1","18.2","18.2","12.1","3","3","0","0","0","0","0","0","33","91290","  3"
"2025-26","Fall","REAL","4075","Commercial Real Estate Studio","Everett","3.15","5.6","13.9","38.9","25","8.3","5.6","0","0","0","2.8","0","0","0","36","89848","  3"
"2025-26","Fall","REAL","4075","Commercial Real Estate Studio","Everett","2.76","2.6","7.7","12.8","35.9","12.8","5.1","12.8","5.1","5.1","0","0","0","0","39","89847","  3"
"2025-26","Fall","REAL","4076","Commercial Real Estate Studio","Mayock","3.52","12.5","54.2","20.8","4.2","4.2","4.2","0","0","0","0","0","0","0","24","89849","  3"
"2025-26","Fall","REAL","4754","Real Estate Law","Read","2.52","9.1","2.3","10.2","15.9","13.6","12.5","19.3","6.8","3.4","4.5","1.1","1.1","0","88","89851","  3"
"2025-26","Fall","RED","1604","Intro to Residential Design","Illahe","3.92","76.3","21.1","2.6","0","0","0","0","0","0","0","0","0","0","38","89853","  3"
"2025-26","Fall","RED","2614","Residential Construction","Galford","3.56","51.5","15.2","12.1","6.1","6.1","3","6.1","0","0","0","0","0","2","33","89854","  3"
"2025-26","Fall","RED","2624","Residential Design I","Walsh","3.98","92.9","7.1","0","0","0","0","0","0","0","0","0","0","0","14","89855","  3"
"2025-26","Fall","RED","2644","Housing and the Consumer","Gawrys","3.31","40.7","14.8","7.4","11.1","7.4","7.4","0","11.1","0","0","0","0","0","27","89856","  3"
"2025-26","Fall","RED","3644","American Housing","Hwang","3.81","59.3","25.9","11.1","3.7","0","0","0","0","0","0","0","0","0","27","89857","  3"
"2025-26","Fall","RED","4224","Historic Preservation","Tucker","3.44","50","4.5","13.6","18.2","4.5","0","0","9.1","0","0","0","0","0","22","92017","  3"
"2025-26","Fall","RED","4604","Environ & Sustain Housing","Illahe","3.65","66.7","8.3","8.3","5.6","5.6","2.8","0","0","0","0","2.8","0","0","36","91036","  3"
"2025-26","Fall","RED","4624","Residential Design III","Galford","3.68","23.1","61.5","7.7","7.7","0","0","0","0","0","0","0","0","0","13","89858","  3"
"2025-26","Fall","RED","4664","Universal Design","Hwang","3.58","47.7","18.2","13.6","9.1","4.5","4.5","2.3","0","0","0","0","0","0","44","89859","  3"
"2025-26","Fall","RLCL","1004","Intro to Religion & Culture","Buckner Ducharme","3.31","16.7","25","25","8.3","16.7","8.3","0","0","0","0","0","0","1","12","91263","  3"
"2025-26","Fall","RLCL","1004","Intro to Religion & Culture","Buckner Ducharme","3.12","6.1","24.5","16.3","26.5","20.4","2","0","2","0","0","0","2","1","49","89864","  3"
"2025-26","Fall","RLCL","1014","World Religions","Ni","3.4","50.4","11.8","10.9","6.7","4.2","3.4","5.9","2.5","1.7","0.8","0.8","0.8","0","119","91299","  3"
"2025-26","Fall","RLCL","1034","Religion and the Modern World","Abeysekara","3.02","6.5","35.5","9.7","22.6","9.7","6.5","0","0","3.2","0","0","6.5","3","31","91301","  3"
"2025-26","Fall","RLCL","1074","Ghosts","Patel","3.48","33.3","25.9","7.4","25.9","3.7","0","0","3.7","0","0","0","0","0","27","92130","  3"
"2025-26","Fall","RLCL","2124","Religion in American Life","Mui","3.7","22.7","68.2","0","9.1","0","0","0","0","0","0","0","0","0","22","91945","  3"
"2025-26","Fall","RLCL","2204","Race & Gender in Rel & Cult","Nurani","3.59","50","12.5","0","37.5","0","0","0","0","0","0","0","0","1","8","89875","  3"
"2025-26","Fall","RLCL","2324","Islam","Sharp","3.42","36.8","15.8","15.8","15.8","5.3","5.3","5.3","0","0","0","0","0","0","19","89876","  3"
"2025-26","Fall","RLCL","2444","Greek and Roman Myth","Phillips","3.61","64.7","11.8","0","11.8","0","5.9","0","5.9","0","0","0","0","1","17","89878","  3"
"2025-26","Fall","RLCL","3024","Religion and Literature","Sidky","3.97","90.9","9.1","0","0","0","0","0","0","0","0","0","0","0","11","91924","  3"
"2025-26","Fall","RLCL","3034","Theories of Popular Culture","Christensen","3.71","50","25","12.5","12.5","0","0","0","0","0","0","0","0","2","8","91311","  3"
"2025-26","Fall","RLCL","5104","Mat Cult & Pub Hum Theory","Ansell","3.68","40","40","0","20","0","0","0","0","0","0","0","0","0","5","91397","  3"
"2025-26","Fall","RUS","1105","Elementary Russian","Stauffer","3.69","68.8","6.3","6.3","0","18.8","0","0","0","0","0","0","0","1","16","89908","  3"
"2025-26","Fall","RUS","1105","Elementary Russian","Stauffer","3.73","71.4","4.8","4.8","14.3","0","4.8","0","0","0","0","0","0","1","21","89907","  3"
"2025-26","Fall","RUS","1106","Elementary Russian","Rutsala","3.32","33.3","0","22.2","33.3","0","11.1","0","0","0","0","0","0","0","9","90960","  3"
"2025-26","Fall","RUS","2105","Intermediate Russian","Minkova","3.82","66.7","20.8","4.2","8.3","0","0","0","0","0","0","0","0","0","24","89910","  3"
"2025-26","Fall","RUS","3105","Gram/Composition/Conv","Minkova","3.95","84.2","15.8","0","0","0","0","0","0","0","0","0","0","0","19","89915","  3"
"2025-26","Fall","RUS","3424","TS: Magic & Ritual","Stauffer","4","100","0","0","0","0","0","0","0","0","0","0","0","0","18","89917","  3"
"2025-26","Fall","RUS","4304","Studies in Russian Literature","Rutsala","3.41","22.2","22.2","11.1","44.4","0","0","0","0","0","0","0","0","0","9","89919","  3"
"2025-26","Fall","SBIO","1004","Explorations in SBIO","Winans","3.88","72.7","18.2","9.1","0","0","0","0","0","0","0","0","0","0","11","89926","  1"
"2025-26","Fall","SBIO","1024","Systems Thinking in Bioecon","Winans","3.76","62.5","18.8","6.3","6.3","6.3","0","0","0","0","0","0","0","0","16","91185","  3"
"2025-26","Fall","SBIO","2004","CAD in Packaging","Baker","3.08","23.3","20","13.3","16.7","13.3","3.3","0","0","0","3.3","0","6.7","2","30","89927","  3"
"2025-26","Fall","SBIO","2104","Principles of Packaging","Bush","2.79","33.3","6.7","26.7","6.7","0","0","0","0","6.7","0","6.7","13.3","2","15","92227","  3"
"2025-26","Fall","SBIO","2104","Principles of Packaging","Bush","2.74","7.1","7.1","14.3","21.4","10.7","17.9","14.3","0","7.1","0","0","0","0","28","89928","  3"
"2025-26","Fall","SBIO","2124","Struct & Prop of Sust Biomatls","Masoumi","3.92","92.3","0","0","7.7","0","0","0","0","0","0","0","0","0","13","89929","  3"
"2025-26","Fall","SBIO","2154","Packaging and Culture","Baker","3.12","10.7","21.4","17.9","28.6","10.7","7.1","0","0","0","0","0","3.6","0","28","91223","  3"
"2025-26","Fall","SBIO","2214","Design Fundamentals Packaging","Jung","3.31","42.9","7.1","7.1","28.6","0","7.1","0","0","0","7.1","0","0","0","14","92179","  3"
"2025-26","Fall","SBIO","2214","Design Fundamentals Packaging","Jung","3.05","33.3","6.7","13.3","6.7","26.7","0","0","6.7","0","0","0","6.7","0","15","89931","  3"
"2025-26","Fall","SBIO","2504","Circular Economy Analytics","Russell","2.87","5.3","23.7","10.5","26.3","15.8","5.3","2.6","0","0","2.6","2.6","5.3","1","38","89932","  3"
"2025-26","Fall","SBIO","3224","Packaging Distribution Systems","Molina Montoya","3.62","51.2","18.6","14","9.3","4.7","0","0","0","0","0","2.3","0","0","43","89938","  3"
"2025-26","Fall","SBIO","3284","Packaging Polymers & Prod","Kim","3.36","45.5","4.5","18.2","4.5","18.2","0","4.5","0","4.5","0","0","0","0","22","89940","  3"
"2025-26","Fall","SBIO","3324","Green Building Systems","Hindman","3.65","71.4","8.6","2.9","8.6","0","2.9","2.9","0","0","0","0","2.9","1","35","89941","  3"
"2025-26","Fall","SBIO","3454","Society Sustain Biomat Energy","Frazier","3.05","7.7","15.4","30.8","7.7","15.4","15.4","7.7","0","0","0","0","0","0","13","89943","  3"
"2025-26","Fall","SBIO","3524","Mfr Sust Biomat for Structures","Buehlmann","2.67","10","20","10","30","0","10","0","0","0","0","10","10","0","10","90894","  3"
"2025-26","Fall","SBIO","4024","Packaging Design Global Dist","Baker","2.91","12.9","16.1","16.1","22.6","3.2","9.7","9.7","3.2","0","3.2","0","3.2","0","31","89946","  3"
"2025-26","Fall","SBIO","4214","Food and Health Care Packaging","Kim","3.4","35.7","10.7","28.6","10.7","3.6","7.1","0","0","3.6","0","0","0","0","28","89947","  3"
"2025-26","Fall","SBIO","4314","Design of Wood Structures","Hindman","3.64","70.6","0","11.8","5.9","0","5.9","5.9","0","0","0","0","0","0","17","89948","  3"
"2025-26","Fall","SBIO","5104","Packaging Development","Molina Montoya","4","100","0","0","0","0","0","0","0","0","0","0","0","0","8","92745","  3"
"2025-26","Fall","SOC","1004","Introductory Sociology","Jamerson","3.26","24.5","15.3","23.9","17.2","4.3","7.4","2.5","3.1","0.6","1.2","0","0","8","163","90013","  3"
"2025-26","Fall","SOC","1004","Introductory Sociology","King","2.91","19.2","9.8","11.8","17.3","11","8.6","13.3","3.5","2.7","0.8","0.4","1.6","16","255","90015","  3"
"2025-26","Fall","SOC","1004","Introductory Sociology","Zdrojewski","3.83","57.1","31.4","11.4","0","0","0","0","0","0","0","0","0","0","35","91465","  3"
"2025-26","Fall","SOC","1004","Introductory Sociology","Li","3.5","39.5","20.9","18.6","7","7","4.7","0","0","0","2.3","0","0","2","43","90011","  3"
"2025-26","Fall","SOC","1004","Introductory Sociology","Ovink","3.8","70.2","14.9","8.5","2.1","2.1","0","2.1","0","0","0","0","0","1","47","90012","  3"
"2025-26","Fall","SOC","1004","Introductory Sociology","Simmons","3.49","42.9","16.3","12.2","20.4","2","2","2","0","0","0","2","0","0","49","90010","  3"
"2025-26","Fall","SOC","1004","Introductory Sociology","Choudhury","3.66","62","16","8","2","6","2","0","2","0","2","0","0","0","50","90014","  3"
"2025-26","Fall","SOC","1004","Introductory Sociology","Choudhury","3.72","61.4","24.6","5.3","0","3.5","1.8","1.8","0","0","0","1.8","0","0","57","90016","  3"
"2025-26","Fall","SOC","1004","Introductory Sociology","Illahe","3.47","54.4","12.3","8.8","10.5","5.3","3.5","0","0","0","0","1.8","3.5","1","57","90008","  3"
"2025-26","Fall","SOC","1004","Introductory Sociology","Simmons","3.41","26.3","31.6","12.3","19.3","1.8","3.5","1.8","1.8","0","0","1.8","0","3","57","90009","  3"
"2025-26","Fall","SOC","1004","Introductory Sociology","Zdrojewski","3.92","80.8","13.7","4.1","1.4","0","0","0","0","0","0","0","0","1","73","90019","  3"
"2025-26","Fall","SOC","1004","Introductory Sociology","Dhillon-Jamerson","3.96","92.2","6.5","0","0","1.3","0","0","0","0","0","0","0","1","77","90017","  3"
"2025-26","Fall","SOC","1004","Introductory Sociology","Brunsma","3.88","78.2","14.1","2.6","3.8","0","1.3","0","0","0","0","0","0","0","78","90018","  3"
"2025-26","Fall","SOC","1024","First Year Experience Soc","Hollandsworth","3.8","86.4","0","0","4.5","4.5","0","4.5","0","0","0","0","0","0","22","90022","  1"
"2025-26","Fall","SOC","1024","First Year Experience Soc","Hollandsworth","3.92","91.7","0","0","8.3","0","0","0","0","0","0","0","0","0","24","92128","  1"
"2025-26","Fall","SOC","1024","First Year Experience Soc","Hollandsworth","3.64","80","0","0","12","0","0","4","0","0","0","0","4","1","25","90021","  1"
"2025-26","Fall","SOC","2004","Social Problems","Choudhury","3.46","63.2","5.3","10.5","0","10.5","0","0","0","0","10.5","0","0","0","19","90025","  3"
"2025-26","Fall","SOC","2004","Social Problems","McCumber","3.49","57.1","19","0","4.8","4.8","0","4.8","4.8","0","4.8","0","0","0","21","90026","  3"
"2025-26","Fall","SOC","2004","Social Problems","McCumber","3.7","80","5.7","2.9","2.9","0","0","2.9","2.9","0","0","0","2.9","0","35","91468","  3"
"2025-26","Fall","SOC","2004","Social Problems","Weikart","3.66","62.7","17.6","7.8","7.8","0","0","0","0","0","0","0","3.9","0","51","90027","  3"
"2025-26","Fall","SOC","2014","Soc Intimate Relationships","Choudhury","3.46","60","8","8","0","8","4","8","0","0","0","4","0","1","25","90028","  3"
"2025-26","Fall","SOC","2104","Quantitative Community Researc","Stilley","3.38","31.6","31.6","5.3","21.1","5.3","0","0","0","0","0","0","5.3","1","19","90033","  3"
"2025-26","Fall","SOC","2104","Quantitative Community Researc","Roos","2.62","19.2","23.1","11.5","7.7","7.7","3.8","0","3.8","0","0","3.8","19.2","2","26","91470","  3"
"2025-26","Fall","SOC","2104","Quantitative Community Researc","Stilley","3.49","50","14.3","17.9","7.1","3.6","0","0","3.6","0","0","0","3.6","0","28","90032","  3"
"2025-26","Fall","SOC","2104","Quantitative Community Researc","Stilley","3.44","52.9","17.6","5.9","2.9","0","2.9","14.7","0","0","2.9","0","0","0","34","90031","  3"
"2025-26","Fall","SOC","2304","Individual In Society","McCown","3","63.2","0","0","10.5","0","0","0","5.3","5.3","0","0","15.8","0","19","90034","  3"
"2025-26","Fall","SOC","2404","Deviant Behavior","McCown","2.93","35.7","0","7.1","14.3","14.3","7.1","14.3","0","0","0","0","7.1","0","14","90036","  3"
"2025-26","Fall","SOC","2404","Deviant Behavior","Presson","3.6","45.5","21.2","12.1","15.2","3","0","3","0","0","0","0","0","0","33","90035","  3"
"2025-26","Fall","SOC","2404","Deviant Behavior","Dhillon-Jamerson","3.79","82.4","8.8","2.9","0","0","2.9","0","0","0","0","0","2.9","0","34","91471","  3"
"2025-26","Fall","SOC","2404","Deviant Behavior","Simmons","3.11","29.7","5.4","21.6","5.4","13.5","13.5","5.4","0","2.7","2.7","0","0","0","37","90037","  3"
"2025-26","Fall","SOC","2604","Intro Data in Social Context","Davitt","3.95","83.3","16.7","0","0","0","0","0","0","0","0","0","0","0","12","90042","  3"
"2025-26","Fall","SOC","2604","Intro Data in Social Context","Davitt","3.86","85.7","0","7.1","0","7.1","0","0","0","0","0","0","0","0","14","90043","  3"
"2025-26","Fall","SOC","2604","Intro Data in Social Context","Mandel","3.88","85.7","0","7.1","7.1","0","0","0","0","0","0","0","0","0","14","90044","  3"
"2025-26","Fall","SOC","2604","Intro Data in Social Context","Mandel","3.78","76.5","5.9","5.9","5.9","0","5.9","0","0","0","0","0","0","0","17","90039","  3"
"2025-26","Fall","SOC","2604","Intro Data in Social Context","Steinhauer","3.59","81","0","0","0","4.8","4.8","0","0","4.8","4.8","0","0","0","21","90040","  3"
"2025-26","Fall","SOC","2604","Intro Data in Social Context","Chambers","3.43","42.9","28.6","14.3","0","0","0","0","0","14.3","0","0","0","1","7","92137","  3"
"2025-26","Fall","SOC","2604","Intro Data in Social Context","Nazemi","3.83","42.9","57.1","0","0","0","0","0","0","0","0","0","0","0","7","90041","  3"
"2025-26","Fall","SOC","3004","Social Inequality","Money","3.64","55.6","27.8","0","5.6","0","0","11.1","0","0","0","0","0","0","18","90048","  3"
"2025-26","Fall","SOC","3004","Social Inequality","Presson","3.81","81","4.8","4.8","4.8","0","0","4.8","0","0","0","0","0","0","21","90049","  3"
"2025-26","Fall","SOC","3004","Social Inequality","Halcomb","3.59","61.5","7.7","11.5","7.7","7.7","0","0","0","0","0","3.8","0","0","26","90047","  3"
"2025-26","Fall","SOC","3004","Social Inequality","Presson","3.87","86.7","3.3","0","3.3","6.7","0","0","0","0","0","0","0","0","30","90050","  3"
"2025-26","Fall","SOC","3104","Sociological Theory","Brunsma","3.35","50","4.2","8.3","8.3","8.3","12.5","4.2","4.2","0","0","0","0","1","24","91472","  3"
"2025-26","Fall","SOC","3104","Sociological Theory","Roos","3.24","12","16","32","24","8","4","4","0","0","0","0","0","2","25","92521","  3"
"2025-26","Fall","SOC","3104","Sociological Theory","Weikart","3.46","32","20","12","24","12","0","0","0","0","0","0","0","1","25","90053","  3"
"2025-26","Fall","SOC","3104","Sociological Theory","Jamerson","3.26","46.2","3.8","0","19.2","7.7","11.5","7.7","3.8","0","0","0","0","0","26","90051","  3"
"2025-26","Fall","SOC","3104","Sociological Theory","Weikart","3.57","50","26.9","7.7","7.7","0","3.8","0","0","0","0","0","3.8","1","26","90052","  3"
"2025-26","Fall","SOC","3204","Social Research Methods","Illahe","3.49","48.3","17.2","3.4","17.2","3.4","0","6.9","3.4","0","0","0","0","0","29","90057","  4"
"2025-26","Fall","SOC","3204","Social Research Methods","Illahe","3.61","54.8","19.4","9.7","9.7","3.2","0","0","0","0","0","0","3.2","0","31","90058","  4"
"2025-26","Fall","SOC","3204","Social Research Methods","Wimberley","3.36","25.8","25.8","19.4","12.9","6.5","3.2","0","3.2","3.2","0","0","0","0","31","90056","  4"
"2025-26","Fall","SOC","3314","Social Movements","Stilley","3.91","69.2","30.8","0","0","0","0","0","0","0","0","0","0","0","13","90059","  3"
"2025-26","Fall","SOC","3504","Population Trends and Issues","Zhu","3.26","34.3","17.1","11.4","17.1","5.7","5.7","0","2.9","0","2.9","0","2.9","1","35","90061","  3"
"2025-26","Fall","SOC","3614","Gender and Work in the U.S.","Burroughs","4","100","0","0","0","0","0","0","0","0","0","0","0","0","39","91473","  3"
"2025-26","Fall","SOC","3714","Sociology of Aging","Geng","3.4","48.9","22.2","2.2","8.9","4.4","2.2","2.2","0","2.2","2.2","2.2","2.2","0","45","90063","  3"
"2025-26","Fall","SOC","4014","Sociology of the Family","McDonald","3.34","47.2","13.9","8.3","16.7","2.8","2.8","0","0","0","2.8","0","5.6","1","36","90065","  3"
"2025-26","Fall","SOC","4034","Sociology of Education","Ovink","3.31","42.1","21.1","10.5","5.3","10.5","0","0","0","0","5.3","0","5.3","1","19","91474","  3"
"2025-26","Fall","SOC","4114","The Sociology of Popular Music","Weikart","3.3","35.3","17.6","5.9","17.6","5.9","5.9","5.9","5.9","0","0","0","0","0","17","91916","  3"
"2025-26","Fall","SOC","4124","Topics in Culture","Precoda","3.08","0","16.7","33.3","25","16.7","0","8.3","0","0","0","0","0","0","12","92145","  3"
"2025-26","Fall","SOC","4194","Senior Seminar","Sedgwick","3.59","63","0","7.4","22.2","3.7","0","0","3.7","0","0","0","0","1","27","90067","  3"
"2025-26","Fall","SOC","4194","Senior Seminar","Jamerson","3.64","60.6","18.2","3","12.1","3","0","0","0","0","0","0","3","0","33","90068","  3"
"2025-26","Fall","SOC","4404","Sociology of Law","Grace","3.77","86.8","2.6","0","2.6","2.6","0","2.6","0","0","0","0","2.6","1","38","90069","  3"
"2025-26","Fall","SOC","4704","Medical Sociology","Halcomb","3.67","66.7","14.8","7.4","3.7","3.7","0","0","0","0","0","0","3.7","1","27","90073","  3"
"2025-26","Fall","SOC","4714","Sociology of Mental Illness","Vogt Yuan","3.54","38.9","38.9","16.7","0","0","0","0","0","0","0","0","5.6","0","18","90074","  3"
"2025-26","Fall","SOC","5034","Social Inequality","King","3.6","45.5","9.1","27.3","18.2","0","0","0","0","0","0","0","0","0","11","90081","  3"
"2025-26","Fall","SOC","5204","Data Analysis","Zhu","4","100","0","0","0","0","0","0","0","0","0","0","0","0","7","90082","  3"
"2025-26","Fall","SOC","5454","TS: Human Rights","Grace","4","100","0","0","0","0","0","0","0","0","0","0","0","0","5","91463","  3"
"2025-26","Fall","SOC","5454","TS: Environmental Sociology","Bell","3.97","88.9","11.1","0","0","0","0","0","0","0","0","0","0","0","9","91461","  3"
"2025-26","Fall","SOC","5624","Women and Work","Calasanti","3.6","33.3","33.3","22.2","0","11.1","0","0","0","0","0","0","0","0","9","91460","  3"
"2025-26","Fall","SOC","6454","TS: Mixed Methods","Ritchie","3.91","90.9","0","0","9.1","0","0","0","0","0","0","0","0","0","11","91464","  3"
"2025-26","Fall","SPAN","1105","Elementary Spanish","Cana Jimenez","3.34","36.4","18.2","18.2","0","9.1","0","18.2","0","0","0","0","0","0","11","90091","  3"
"2025-26","Fall","SPAN","1105","Elementary Spanish","Towns","3.34","36.4","18.2","18.2","0","9.1","0","18.2","0","0","0","0","0","0","11","90091","  3"
"2025-26","Fall","SPAN","1105","Elementary Spanish","Cana Jimenez","2.99","27.8","16.7","22.2","0","0","16.7","5.6","0","0","0","5.6","5.6","0","18","90089","  3"
"2025-26","Fall","SPAN","1105","Elementary Spanish","Towns","2.99","27.8","16.7","22.2","0","0","16.7","5.6","0","0","0","5.6","5.6","0","18","90089","  3"
"2025-26","Fall","SPAN","1105","Elementary Spanish","Tort-Ranson","3.34","14.3","28.6","14.3","28.6","14.3","0","0","0","0","0","0","0","3","7","90090","  3"
"2025-26","Fall","SPAN","1106","Elementary Spanish","Perez Smith","3.07","9.1","27.3","18.2","13.6","9.1","4.5","9.1","9.1","0","0","0","0","1","22","90093","  3"
"2025-26","Fall","SPAN","1106","Elementary Spanish","Perez Smith","3.28","0","55.6","22.2","0","11.1","0","0","11.1","0","0","0","0","0","9","90094","  3"
"2025-26","Fall","SPAN","1114","Accelerated Elementary Spanish","Cana Jimenez","2.86","17.4","8.7","17.4","4.3","26.1","8.7","8.7","0","0","0","8.7","0","0","23","90909","  4"
"2025-26","Fall","SPAN","2105","Intermediate Spanish","Lopez-Romero","3.76","72.2","0","16.7","5.6","5.6","0","0","0","0","0","0","0","0","18","90098","  3"
"2025-26","Fall","SPAN","2105","Intermediate Spanish","Lopez-Romero","3.49","55.6","18.5","0","7.4","3.7","11.1","0","0","0","0","0","3.7","0","27","90097","  3"
"2025-26","Fall","SPAN","2106","Intermediate Spanish","Perez Smith","3.61","46.7","26.7","0","13.3","13.3","0","0","0","0","0","0","0","0","15","90099","  3"
"2025-26","Fall","SPAN","2106","Intermediate Spanish","Perez Smith","3.57","34.8","34.8","4.3","13","13","0","0","0","0","0","0","0","1","23","90100","  3"
"2025-26","Fall","SPAN","2114","Accelerated Intermed Spanish","Lopez-Romero","3.42","50","16.7","0","8.3","0","16.7","8.3","0","0","0","0","0","1","12","90102","  6"
"2025-26","Fall","SPAN","2124","Span for Bldg Construction","Sierra","3.85","69.2","23.1","0","7.7","0","0","0","0","0","0","0","0","0","13","90910","  3"
"2025-26","Fall","SPAN","2764","Intro Latino American Studies","Ridge","3.67","64","25.6","0","3.5","1.2","0","1.2","0","0","0","1.2","3.5","1","86","90915","  3"
"2025-26","Fall","SPAN","3105","Gram/Composition/Conv","Sierra","3.89","75","20","0","5","0","0","0","0","0","0","0","0","0","20","90107","  3"
"2025-26","Fall","SPAN","3105","Gram/Composition/Conv","Austin","3.32","19.2","30.8","23.1","11.5","3.8","3.8","3.8","0","0","3.8","0","0","0","26","90105","  3"
"2025-26","Fall","SPAN","3105","Gram/Composition/Conv","Sierra","3.97","89.3","10.7","0","0","0","0","0","0","0","0","0","0","0","28","90106","  3"
"2025-26","Fall","SPAN","3106","Gram/Composition/Conv","Hesp","3.73","65","15","10","0","5","5","0","0","0","0","0","0","0","20","90110","  3"
"2025-26","Fall","SPAN","3106","Gram/Composition/Conv","Hesp","3.72","65.5","20.7","6.9","3.4","0","0","0","0","0","0","0","3.4","0","29","90109","  3"
"2025-26","Fall","SPAN","3154","Spanish for Natural Sciences","Venkatesh","3.69","66.7","20","6.7","0","0","0","0","0","0","6.7","0","0","0","15","90911","  3"
"2025-26","Fall","SPAN","3304","Intro Hispanic Literature","Jaime Castillo","3.92","80","15","5","0","0","0","0","0","0","0","0","0","1","20","90114","  3"
"2025-26","Fall","SPAN","3304","Intro Hispanic Literature","Ridge","3.55","40.9","31.8","4.5","4.5","13.6","0","0","4.5","0","0","0","0","0","22","90113","  3"
"2025-26","Fall","SPAN","3304","Intro Hispanic Literature","Jaime Castillo","3.94","85.2","11.1","3.7","0","0","0","0","0","0","0","0","0","0","27","90116","  3"
"2025-26","Fall","SPAN","3444","Topics Early Span-Am Cult","Jaque Hidalgo","3.56","46.4","21.4","10.7","10.7","3.6","0","7.1","0","0","0","0","0","0","28","90916","  3"
"2025-26","Fall","SPAN","3534","Spanish Business Professions","Hesp","3.87","80.8","7.7","7.7","0","3.8","0","0","0","0","0","0","0","1","26","90919","  3"
"2025-26","Fall","SPAN","3564","Community through Service","Austin","3.89","73.9","21.7","0","4.3","0","0","0","0","0","0","0","0","0","23","90918","  3"
"2025-26","Fall","SPAN","4304","Top in Early Modern Lit & Cult","Jaque Hidalgo","3.88","72.7","18.2","9.1","0","0","0","0","0","0","0","0","0","0","11","90937","  3"
"2025-26","Fall","SPAN","4334","Hisp Life/Lit/Lang","Venkatesh","3.9","80","10","10","0","0","0","0","0","0","0","0","0","0","10","90122","  3"
"2025-26","Fall","SPES","1004","First Year Seminar","Drake-Whitney","3.37","44.4","11.1","11.1","14.8","3.7","7.4","3.7","0","0","0","3.7","0","0","27","90137","  1"
"2025-26","Fall","SPES","1004","First Year Seminar","Drake-Whitney","3.12","37.5","16.1","12.5","1.8","7.1","3.6","5.4","5.4","3.6","1.8","3.6","1.8","0","56","90136","  1"
"2025-26","Fall","SPES","4984","SS: SPES Talks","Steele","3.72","75.4","9.2","6.2","1.5","3.1","0","0","0","1.5","0","1.5","1.5","0","65","92347","  1"
"2025-26","Fall","SPES","5004","Graduate Seminar Plant Env Sci","Beers","3.86","71.4","14.3","14.3","0","0","0","0","0","0","0","0","0","0","14","90166","  1"
"2025-26","Fall","SPES","5004","Graduate Seminar Plant Env Sci","Beers","4","100","0","0","0","0","0","0","0","0","0","0","0","0","6","90167","  1"
"2025-26","Fall","SPES","5984","SS: Intro to AI in Agriculture","Li","4","100","0","0","0","0","0","0","0","0","0","0","0","0","5","92271","  3"
"2025-26","Fall","SPES","5984","SS: Plant Genomics and Stress","Leisner","3.93","77.8","22.2","0","0","0","0","0","0","0","0","0","0","0","9","92242","  3"
"2025-26","Fall","SPES","5984","SS: Stormwater-Soil Interface","Stewart","4","100","0","0","0","0","0","0","0","0","0","0","0","0","9","92784","  2"
"2025-26","Fall","SPIA","1044","Life in the Built Environment","Tew","3.82","86.5","5.8","0","1.9","0","1.9","0","0","1.9","0","1.9","0","0","52","90187","  3"
"2025-26","Fall","SPIA","1044","Life in the Built Environment","Tew","4","100","0","0","0","0","0","0","0","0","0","0","0","0","8","91545","  3"
"2025-26","Fall","SPIA","2004","Intro to Urban Analytics","Gardezi","3.27","32.6","21.7","6.5","10.9","17.4","2.2","4.3","0","0","0","2.2","2.2","1","46","90188","  3"
"2025-26","Fall","SPIA","2554","Collaborative Policy & Plan","Farzaneh","3.73","66.7","15.3","5.6","6.9","2.8","1.4","0","0","0","0","0","1.4","2","72","90189","  3"
"2025-26","Fall","SPIA","4454","Future of Cities","Wagle","3.66","77.9","4.4","1.5","4.4","2.9","1.5","1.5","0","2.9","0","2.9","0","0","68","90191","  3"
"2025-26","Fall","SPIA","5134","Policy Tools in STEM-H Domains","Porter","3.86","85.7","0","0","14.3","0","0","0","0","0","0","0","0","0","7","90194","  3"
"2025-26","Fall","SPIA","5544","Public Non-Prof Financial Mgt","Bailey","4","100","0","0","0","0","0","0","0","0","0","0","0","0","7","90198","  3"
"2025-26","Fall","SPIA","5544","Public Non-Prof Financial Mgt","Davis","4","100","0","0","0","0","0","0","0","0","0","0","0","0","7","90198","  3"
"2025-26","Fall","SPIA","5544","Public Non-Prof Financial Mgt","Mondoro","4","100","0","0","0","0","0","0","0","0","0","0","0","0","7","90198","  3"
"2025-26","Fall","SPIA","5544","Public Non-Prof Financial Mgt","Bailey","3.96","87.5","12.5","0","0","0","0","0","0","0","0","0","0","0","8","92685","  3"
"2025-26","Fall","SPIA","5574","Nonprofit Org & Mgmt","Davis","4","100","0","0","0","0","0","0","0","0","0","0","0","0","8","90199","  3"
"2025-26","Fall","SPIA","5574","Nonprofit Org & Mgmt","Moore","4","100","0","0","0","0","0","0","0","0","0","0","0","0","8","90199","  3"
"2025-26","Fall","SPIA","5574","Nonprofit Org & Mgmt","Schnitzer","4","100","0","0","0","0","0","0","0","0","0","0","0","0","8","90199","  3"
"2025-26","Fall","STAT","1004","Experience Learning from Data","Robertson Evia","3.56","59.5","13.5","10.8","8.1","0","2.7","0","0","0","0","2.7","2.7","0","37","90209","  2"
"2025-26","Fall","STAT","1014","Data in Our Lives","Case","3.67","76.6","2.1","4.3","6.4","2.1","2.1","4.3","0","0","0","0","2.1","0","47","90210","  3"
"2025-26","Fall","STAT","2004","Introductory Statistics","Russell","3.5","42.9","32.1","7.1","0","7.1","0","3.6","0","7.1","0","0","0","0","28","90213","  3"
"2025-26","Fall","STAT","2004","Introductory Statistics","Russell","3.65","57.8","18.8","9.4","6.3","1.6","1.6","1.6","0","1.6","1.6","0","0","0","64","90211","  3"
"2025-26","Fall","STAT","2004","Introductory Statistics","Russell","3.64","71","10.1","1.4","8.7","1.4","1.4","0","1.4","1.4","0","0","2.9","0","69","90212","  3"
"2025-26","Fall","STAT","3005","Statistical Methods","Mahmoud","3.6","61.5","13.1","6.2","10","2.3","3.1","0","0","0.8","0.8","0.8","1.5","0","130","90215","  3"
"2025-26","Fall","STAT","3006","Statistical Methods","Loda","3.74","60","30","0","0","0","10","0","0","0","0","0","0","0","10","90217","  3"
"2025-26","Fall","STAT","3006","Statistical Methods","Loda","3.19","29.5","10.5","18.9","15.8","9.5","3.2","7.4","2.1","0","1.1","0","2.1","3","95","90216","  3"
"2025-26","Fall","STAT","3094","SAS Programming","Greene","3.86","81.3","6.3","0","12.5","0","0","0","0","0","0","0","0","0","16","90218","  3"
"2025-26","Fall","STAT","3104","Probability and Distributions","Xing","3.43","34.8","18.2","22.7","13.6","3","1.5","3","1.5","0","0","0","1.5","0","66","90219","  3"
"2025-26","Fall","STAT","3274","Introduction Sports Analytics","Merkes","3.87","81.8","0","18.2","0","0","0","0","0","0","0","0","0","1","11","90220","  3"
"2025-26","Fall","STAT","3504","Nonparametric Statistics","Datta","3.72","58.6","20.7","6.9","3.4","10.3","0","0","0","0","0","0","0","0","29","90221","  3"
"2025-26","Fall","STAT","3604","Statistics for Social Science","Robertson Evia","3.55","50.7","17.6","11.5","10.1","4","0.9","1.3","0.9","0.9","1.3","0","0.9","3","227","90222","  3"
"2025-26","Fall","STAT","3615","Biological Statistics","Loda","3.8","67.7","15.2","11.6","5.1","0","0","0","0","0","0","0","0.5","0","198","90226","  3"
"2025-26","Fall","STAT","3615","Biological Statistics","Russell","3.4","42.6","25.5","10.6","4.3","2.1","2.1","8.5","0","0","0","0","4.3","1","47","90229","  3"
"2025-26","Fall","STAT","3615","Biological Statistics","Loda","3.85","75.4","8.2","13.1","1.6","1.6","0","0","0","0","0","0","0","1","61","90227","  3"
"2025-26","Fall","STAT","3615","Biological Statistics","Russell","3.45","53.7","9","9","10.4","3","6","4.5","3","0","0","0","1.5","2","67","90223","  3"
"2025-26","Fall","STAT","3615","Biological Statistics","Case","3.7","50","23.5","14.7","10.3","1.5","0","0","0","0","0","0","0","0","68","90224","  3"
"2025-26","Fall","STAT","3615","Biological Statistics","Nazarewicz","3.63","63.2","0","13.2","19.1","0","0","4.4","0","0","0","0","0","2","68","90228","  3"
"2025-26","Fall","STAT","3615","Biological Statistics","Case","3.68","53.6","19","10.7","11.9","2.4","2.4","0","0","0","0","0","0","0","84","90225","  3"
"2025-26","Fall","STAT","3615","Biological Statistics","Liu","3.51","55.1","15.7","7.9","2.2","7.9","0","4.5","5.6","0","0","0","1.1","1","89","90231","  3"
"2025-26","Fall","STAT","3615","Biological Statistics","Conte","3.66","37.1","34","18.6","8.2","2.1","0","0","0","0","0","0","0","0","97","90230","  3"
"2025-26","Fall","STAT","3616","Biological Statistics","Twist","3.79","78.1","5.5","6.8","6.8","1.4","0","0","0","0","0","0","1.4","1","73","90232","  3"
"2025-26","Fall","STAT","3654","Intro Data Analytics & Visual","Nizamani","3.46","38.5","15.4","15.4","23.1","0","0","7.7","0","0","0","0","0","0","13","90235","  3"
"2025-26","Fall","STAT","3654","Intro Data Analytics & Visual","Liu","3.81","71.4","14.3","7.1","0","7.1","0","0","0","0","0","0","0","0","14","90233","  3"
"2025-26","Fall","STAT","3704","Stat for Eng Apps","Zhang","3.18","31.7","15.4","9.6","13.5","8.7","5.8","7.7","1.9","1.9","3.8","0","0","1","104","90238","  2"
"2025-26","Fall","STAT","3704","Stat for Eng Apps","Russell","3.9","87.3","3.6","3.6","4.5","0","0","0","0.9","0","0","0","0","0","110","90239","  2"
"2025-26","Fall","STAT","3704","Stat for Eng Apps","Nazarewicz","3.31","52.5","0","8.2","21.3","1.6","1.6","8.2","3.3","0","0","0","3.3","1","61","90236","  2"
"2025-26","Fall","STAT","3704","Stat for Eng Apps","Kubricki","3.53","43.7","14.1","16.9","16.9","5.6","1.4","0","0","0","1.4","0","0","2","71","92547","  2"
"2025-26","Fall","STAT","3704","Stat for Eng Apps","Zhang","3.09","33.7","3.5","16.3","12.8","7","10.5","8.1","5.8","0","0","0","2.3","4","86","90237","  2"
"2025-26","Fall","STAT","4024","Communication in Stat Collab","Robertson Evia","3.98","93.8","6.3","0","0","0","0","0","0","0","0","0","0","0","32","90240","  3"
"2025-26","Fall","STAT","4105","Theoretical Statistics","Zhu","3.69","56.8","11.4","22.7","4.5","2.3","2.3","0","0","0","0","0","0","0","44","90241","  3"
"2025-26","Fall","STAT","4204","Experimental Designs","Mahmoud","3.59","53.8","11.5","11.5","11.5","7.7","0","3.8","0","0","0","0","0","1","26","90243","  3"
"2025-26","Fall","STAT","4204","Experimental Designs","Mahmoud","3.65","54.1","24.3","5.4","10.8","0","0","2.7","0","0","2.7","0","0","0","37","90242","  3"
"2025-26","Fall","STAT","4214","Methods of Regression Analysis","Terrell","3.16","29.4","11.8","11.8","17.6","11.8","11.8","0","0","0","0","5.9","0","2","17","90244","  3"
"2025-26","Fall","STAT","4214","Methods of Regression Analysis","Johnson","2.78","12.5","12.5","12.5","25","4.2","4.2","16.7","4.2","0","4.2","0","4.2","2","24","90245","  3"
"2025-26","Fall","STAT","4364","Intro to Statistical Genomics","Wu","3.79","75","0","18.8","0","6.3","0","0","0","0","0","0","0","0","16","90246","  3"
"2025-26","Fall","STAT","4534","Applied Time Series","Bessac","3.71","65.4","13.5","7.7","5.8","1.9","1.9","1.9","1.9","0","0","0","0","1","52","90247","  3"
"2025-26","Fall","STAT","4584","Advanced Calculus for STAT","Du","3.01","40","0","6.7","6.7","26.7","0","13.3","0","0","0","0","6.7","0","15","90248","  3"
"2025-26","Fall","STAT","4604","Stat Methods for Engr","Kubricki","3.48","37.9","14.7","21.6","17.2","3.4","2.6","1.7","0","0","0","0","0.9","1","116","90249","  3"
"2025-26","Fall","STAT","4654","Intermed Data Analytics & Ml","Lucero","3.29","30","0","30","20","10","10","0","0","0","0","0","0","0","10","90250","  3"
"2025-26","Fall","STAT","4705","Statistics for Engr","Zhang","3.3","50.4","11.3","2.6","9.6","7","2.6","5.2","5.2","3.5","0.9","0","1.7","4","115","90252","  3"
"2025-26","Fall","STAT","4705","Statistics for Engr","Zhang","3.78","84.5","1.9","3.9","3.9","1.9","0.6","0.6","0","0","0","0","2.6","3","155","90253","  3"
"2025-26","Fall","STAT","4706","Statistics for Engr","Kubricki","3.63","50","17","17","11","1","3","0","1","0","0","0","0","0","100","90255","  3"
"2025-26","Fall","STAT","4706","Statistics for Engr","Kubricki","3.55","41.7","22.6","17.9","9.5","2.4","2.4","2.4","0","0","0","0","1.2","0","84","90254","  3"
"2025-26","Fall","STAT","4714","Prob & Stat for EE","Yun","3.41","57.8","0","10.8","9.8","9.8","4.9","2.9","0","0","1","0","2.9","1","102","90258","  3"
"2025-26","Fall","STAT","4714","Prob & Stat for EE","Schwob","3.3","48.9","2.1","10.6","12.8","4.3","11.7","6.4","1.1","0","0","0","2.1","2","94","90257","  3"
"2025-26","Fall","STAT","4734","Stat Methods for Digital Twins","Gel","3.6","77.8","11.1","0","0","0","0","0","0","0","0","11.1","0","0","9","91877","  3"
"2025-26","Fall","STAT","5034","Inference Fundamentals","Franck","3.82","56.3","31.3","12.5","0","0","0","0","0","0","0","0","0","0","16","90265","  3"
"2025-26","Fall","STAT","5044","Regression and ANOVA","Kim","3.74","40","40","20","0","0","0","0","0","0","0","0","0","0","15","90266","  3"
"2025-26","Fall","STAT","5104","Prob Distrib Theory","Wu","3.69","50","18.8","18.8","12.5","0","0","0","0","0","0","0","0","0","16","90267","  3"
"2025-26","Fall","STAT","5204","Exp Design: Concepts & Appl","Mahmoud","3.78","66.7","16.7","0","16.7","0","0","0","0","0","0","0","0","0","6","90271","  3"
"2025-26","Fall","STAT","5204","Exp Design: Concepts & Appl","Mahmoud","3.56","42.9","0","42.9","14.3","0","0","0","0","0","0","0","0","0","7","90272","  3"
"2025-26","Fall","STAT","5444","Bayesian Statistics","Leman","3.97","90.5","9.5","0","0","0","0","0","0","0","0","0","0","1","21","90277","  3"
"2025-26","Fall","STAT","5504","Multivariate Methods","Gel","4","100","0","0","0","0","0","0","0","0","0","0","0","0","5","91809","  3"
"2025-26","Fall","STAT","5514","Regression Analysis","Franck","4","100","0","0","0","0","0","0","0","0","0","0","0","0","11","90279","  3"
"2025-26","Fall","STAT","5525","Statistical Learning","House","4","100","0","0","0","0","0","0","0","0","0","0","0","0","16","90280","  3"
"2025-26","Fall","STAT","5574","Response Surface I","DeHart","3.9","66.7","33.3","0","0","0","0","0","0","0","0","0","0","0","6","92040","  3"
"2025-26","Fall","STAT","5605","Biometry","Hanlon","3.49","28.1","37.5","15.6","12.5","3.1","0","0","0","0","0","0","3.1","0","32","90282","  3"
"2025-26","Fall","STAT","5615","Statistics in Research","Driscoll","3.98","96.4","1.2","2","0","0.4","0","0","0","0","0","0","0","0","248","90283","  3"
"2025-26","Fall","STAT","5616","Statistics in Research","Ortega Villa","3.74","52","20","28","0","0","0","0","0","0","0","0","0","0","25","90284","  3"
"2025-26","Fall","STAT","5664","Applied Time Series","Bessac","4","100","0","0","0","0","0","0","0","0","0","0","0","0","8","90285","  3"
"2025-26","Fall","STAT","6114","Advanced Inference","Zhu","4","100","0","0","0","0","0","0","0","0","0","0","0","0","12","91859","  3"
"2025-26","Fall","STL","2304","Foundations of STL","Cockrum","4","100","0","0","0","0","0","0","0","0","0","0","0","0","40","90299","  3"
"2025-26","Fall","STL","4304","Intellectual Property Law","Steiner","3.96","91.4","5.7","2.9","0","0","0","0","0","0","0","0","0","1","35","90300","  3"
"2025-26","Fall","STL","4324","Global Aspects of IP","Steiner","3.9","85.7","0","14.3","0","0","0","0","0","0","0","0","0","0","28","90301","  3"
"2025-26","Fall","STS","1504","Intro Science, Tech, Society","Breslau","3.14","10","20","30","0","30","0","10","0","0","0","0","0","0","10","91908","  3"
"2025-26","Fall","STS","1504","Intro Science, Tech, Society","Breslau","3.12","7.1","28.6","28.6","14.3","0","0","14.3","7.1","0","0","0","0","1","14","90306","  3"
"2025-26","Fall","STS","1504","Intro Science, Tech, Society","Breslau","3.66","44.4","27.8","11.1","11.1","5.6","0","0","0","0","0","0","0","0","18","90304","  3"
"2025-26","Fall","STS","1504","Intro Science, Tech, Society","Breslau","3.71","50","27.8","11.1","5.6","5.6","0","0","0","0","0","0","0","0","18","90305","  3"
"2025-26","Fall","STS","2054","Engineering Cultures","Haines","3.71","61.5","0","30.8","7.7","0","0","0","0","0","0","0","0","0","13","90308","  3"
"2025-26","Fall","STS","2054","Engineering Cultures","Barman","4","100","0","0","0","0","0","0","0","0","0","0","0","0","9","90310","  3"
"2025-26","Fall","STS","2054","Engineering Cultures","Hosseinpour","3.84","77.8","0","22.2","0","0","0","0","0","0","0","0","0","0","9","91614","  3"
"2025-26","Fall","STS","2154","The Life Sciences and Society","Goodrum","3.08","4","20","20","28","12","12","4","0","0","0","0","0","0","25","91502","  3"
"2025-26","Fall","STS","2444","Global Sci & Tech Policy","Halfon","3.07","22.2","16.7","16.7","16.7","5.6","11.1","5.6","0","0","0","0","5.6","0","18","91376","  3"
"2025-26","Fall","STS","2604","Intro Data in Social Context","Davitt","3.8","80","0","10","0","10","0","0","0","0","0","0","0","1","10","90316","  3"
"2025-26","Fall","STS","2604","Intro Data in Social Context","Davitt","3.7","90","0","0","0","0","0","0","0","0","10","0","0","0","10","90318","  3"
"2025-26","Fall","STS","2604","Intro Data in Social Context","Mandel","4","100","0","0","0","0","0","0","0","0","0","0","0","0","11","90317","  3"
"2025-26","Fall","STS","2604","Intro Data in Social Context","Steinhauer","3.39","63.6","9.1","9.1","0","0","9.1","0","0","0","0","0","9.1","0","11","90315","  3"
"2025-26","Fall","STS","2604","Intro Data in Social Context","Nazemi","3.8","50","37.5","12.5","0","0","0","0","0","0","0","0","0","1","8","90314","  3"
"2025-26","Fall","STS","2604","Intro Data in Social Context","Mandel","3.92","88.9","0","11.1","0","0","0","0","0","0","0","0","0","0","9","90319","  3"
"2025-26","Fall","STS","2664","Technology Ethics","Olson","3.26","31.8","22.7","4.5","22.7","4.5","4.5","4.5","0","0","0","0","4.5","0","22","90320","  3"
"2025-26","Fall","STS","2664","Technology Ethics","Olson","2.91","11.1","66.7","0","0","0","0","0","0","0","0","0","22.2","1","9","90321","  3"
"2025-26","Fall","STS","2716","History of Technology","Hirsh","2.81","30","20","10","0","20","0","0","0","0","0","0","20","0","10","91193","  3"
"2025-26","Fall","STS","3104","Sci & Tech in Modern Society","Goodrum","3.11","11.1","38.9","5.6","11.1","11.1","5.6","11.1","0","0","5.6","0","0","0","18","90326","  3"
"2025-26","Fall","STS","3124","Societal Health","Hester","3.3","50","10","20","0","10","0","0","0","0","0","0","10","0","10","91987","  3"
"2025-26","Fall","STS","3124","Societal Health","Satterwhite","3.3","50","10","20","0","10","0","0","0","0","0","0","10","0","10","91987","  3"
"2025-26","Fall","STS","3284","Technology and Disability","Shew","3.84","88.2","0","2.9","2.9","2.9","0","0","2.9","0","0","0","0","0","34","90328","  3"
"2025-26","Fall","STS","3284","Technology and Disability","Labuski","3.74","83.3","5.6","0","2.8","0","2.8","2.8","0","0","0","0","2.8","0","36","90327","  3"
"2025-26","Fall","STS","3314","Medical Dilemmas & Human Exper","Olson","3.75","76.5","8.8","2.9","2.9","2.9","0","2.9","0","2.9","0","0","0","0","34","90329","  3"
"2025-26","Fall","STS","3314","Medical Dilemmas & Human Exper","Olson","3.9","87.2","7.7","2.6","0","0","0","0","2.6","0","0","0","0","0","39","91466","  3"
"2025-26","Fall","STS","5024","Intro to Sci & Tech Studies","Aggrey","3.88","83.3","0","16.7","0","0","0","0","0","0","0","0","0","0","6","90334","  3"
"2025-26","Fall","STS","5205","Hist Sci & Tech","Goodrum","3.95","84.6","15.4","0","0","0","0","0","0","0","0","0","0","0","13","90338","  3"
"2025-26","Fall","STS","5284","Nuclear Nonproliferation","Schmid","4","100","0","0","0","0","0","0","0","0","0","0","0","0","5","91554","  3"
"2025-26","Fall","STS","5304","Philosophy of Science and Tech","Collier","4","100","0","0","0","0","0","0","0","0","0","0","0","0","7","91608","  3"
"2025-26","Fall","STS","5304","Philosophy of Science and Tech","Collier","3.96","87.5","12.5","0","0","0","0","0","0","0","0","0","0","0","8","91519","  3"
"2025-26","Fall","STS","5444","Issues in Bioethics","Olson","4","100","0","0","0","0","0","0","0","0","0","0","0","0","5","91520","  3"
"2025-26","Fall","STS","6614","Adv Top Tech Studies","Olson","3.68","20","60","20","0","0","0","0","0","0","0","0","0","0","5","90347","  3"
"2025-26","Fall","SYSB","3035","Genomics and Bioinformatics","Aylward","3.77","90.9","0","0","4.5","0","0","0","0","0","0","0","4.5","0","22","90353","  4"
"2025-26","Fall","TA","1004","Perf Arts First Year Exper","Hopkins","2.87","36.4","9.1","9.1","9.1","0","0","9.1","0","18.2","9.1","0","0","0","11","90406","  1"
"2025-26","Fall","TA","1004","Perf Arts First Year Exper","Loeffert","2.87","36.4","9.1","9.1","9.1","0","0","9.1","0","18.2","9.1","0","0","0","11","90406","  1"
"2025-26","Fall","TA","2014","Introduction to Theatre","Berg","3.86","82.7","6.4","4.5","0.9","2.7","1.8","0.9","0","0","0","0","0","0","110","91072","  3"
"2025-26","Fall","TA","2024","Introduction to Acting","Rawlings","3.48","72.2","11.1","5.6","0","0","0","0","0","0","0","0","11.1","0","18","90408","  3"
"2025-26","Fall","TA","2024","Introduction to Acting","Piro","3.91","86.4","9.1","0","0","4.5","0","0","0","0","0","0","0","0","22","90409","  3"
"2025-26","Fall","TA","2024","Introduction to Acting","Piro","3.8","90.9","4.5","0","0","0","0","0","0","0","0","0","4.5","0","22","90410","  3"
"2025-26","Fall","TA","2024","Introduction to Acting","Piro","3.97","90.9","9.1","0","0","0","0","0","0","0","0","0","0","0","22","90412","  3"
"2025-26","Fall","TA","2024","Introduction to Acting","Devine","3.99","96","4","0","0","0","0","0","0","0","0","0","0","0","25","90411","  3"
"2025-26","Fall","TA","2104","Fund of Theatre & Production","Sanders","2.88","23.8","14.3","0","23.8","14.3","4.8","4.8","0","4.8","0","4.8","4.8","0","21","90413","  3"
"2025-26","Fall","TA","2114","Script Analysis","Devine","3.55","81.8","0","0","9.1","0","0","0","0","0","0","0","9.1","0","11","90414","  3"
"2025-26","Fall","TA","2134","Acting Lab","Rawlings","2.49","26.7","6.7","13.3","6.7","0","13.3","0","13.3","0","0","0","20","1","15","90416","  3"
"2025-26","Fall","TA","2164","Scene Design Lab","Utley","3.93","76.9","23.1","0","0","0","0","0","0","0","0","0","0","0","13","90417","  3"
"2025-26","Fall","TA","2174","Costume Design Lab","Morrison","3.7","53.8","30.8","0","7.7","0","7.7","0","0","0","0","0","0","0","13","90418","  3"
"2025-26","Fall","TA","2224","Interm Perf Intensive","Staley","3.55","58.3","8.3","8.3","8.3","0","16.7","0","0","0","0","0","0","0","12","90421","  3"
"2025-26","Fall","TA","2404","Intro App Collaborative Tech","Bennett-Tuel","3.51","57.1","14.3","0","9.5","4.8","4.8","4.8","4.8","0","0","0","0","0","21","90423","  3"
"2025-26","Fall","TA","2404","Intro App Collaborative Tech","Ginn","3.91","81","14.3","0","4.8","0","0","0","0","0","0","0","0","0","21","91090","  3"
"2025-26","Fall","TA","2404","Intro App Collaborative Tech","Harris","3.94","86.4","9.1","4.5","0","0","0","0","0","0","0","0","0","0","22","90422","  3"
"2025-26","Fall","TA","2414","Stage and Lighting Technology","Rosing","3.07","6.7","26.7","26.7","6.7","6.7","6.7","20","0","0","0","0","0","1","15","90424","  3"
"2025-26","Fall","TA","3014","Theatre Production Lab","Blackburn","3.93","92.3","0","0","7.7","0","0","0","0","0","0","0","0","0","13","90433","  1"
"2025-26","Fall","TA","3014","Theatre Production Lab","Dye","3.84","76.5","0","17.6","5.9","0","0","0","0","0","0","0","0","0","17","90445","  1"
"2025-26","Fall","TA","3014","Theatre Production Lab","Blackburn","3.81","85.7","0","0","14.3","0","0","0","0","0","0","0","0","0","7","90432","  1"
"2025-26","Fall","TA","3105","History of Drama and Theatre","Piro","3.72","66.7","25","0","4.2","0","0","0","0","0","0","0","4.2","0","24","90447","  3"
"2025-26","Fall","TA","3164","TS: Dialects","Staley","3.26","44.4","11.1","22.2","0","0","0","11.1","0","0","11.1","0","0","1","9","91977","  3"
"2025-26","Fall","TA","3604","Arts Management","Cooper","3.76","37.5","50","12.5","0","0","0","0","0","0","0","0","0","0","8","91135","  3"
"2025-26","Fall","TA","4315","Directing","Devine","4","100","0","0","0","0","0","0","0","0","0","0","0","0","9","91136","  3"
"2025-26","Fall","TA","5015","Graduate Seminar","Raun","3.94","80","20","0","0","0","0","0","0","0","0","0","0","0","10","90465","  3"
"2025-26","Fall","TA","5614","TS: Ldrship & Comm Engagement","Nelson","4","100","0","0","0","0","0","0","0","0","0","0","0","0","5","90489","  3"
"2025-26","Fall","TA","5614","Topics in Art Leadership I","Nelson","4","100","0","0","0","0","0","0","0","0","0","0","0","0","8","92026","  3"
"2025-26","Fall","TA","5634","Topics in Art Leadership III","Pace","4","100","0","0","0","0","0","0","0","0","0","0","0","0","9","92027","  3"
"2025-26","Fall","TBMH","5004","Translational Biol, Med & Hlth","Allen","3.96","89.7","6.9","3.4","0","0","0","0","0","0","0","0","0","0","29","90499","  8"
"2025-26","Fall","TBMH","5004","Translational Biol, Med & Hlth","Chappell","3.96","89.7","6.9","3.4","0","0","0","0","0","0","0","0","0","0","29","90499","  8"
"2025-26","Fall","TBMH","5004","Translational Biol, Med & Hlth","DiFeliceantonio","3.96","89.7","6.9","3.4","0","0","0","0","0","0","0","0","0","0","29","90499","  8"
"2025-26","Fall","TBMH","5004","Translational Biol, Med & Hlth","Farris","3.96","89.7","6.9","3.4","0","0","0","0","0","0","0","0","0","0","29","90499","  8"
"2025-26","Fall","TBMH","5004","Translational Biol, Med & Hlth","Hourigan","3.96","89.7","6.9","3.4","0","0","0","0","0","0","0","0","0","0","29","90499","  8"
"2025-26","Fall","TBMH","5004","Translational Biol, Med & Hlth","Johnstone","3.96","89.7","6.9","3.4","0","0","0","0","0","0","0","0","0","0","29","90499","  8"
"2025-26","Fall","TBMH","5004","Translational Biol, Med & Hlth","LaConte","3.96","89.7","6.9","3.4","0","0","0","0","0","0","0","0","0","0","29","90499","  8"
"2025-26","Fall","TBMH","5004","Translational Biol, Med & Hlth","LaMantia","3.96","89.7","6.9","3.4","0","0","0","0","0","0","0","0","0","0","29","90499","  8"
"2025-26","Fall","TBMH","5004","Translational Biol, Med & Hlth","Lamouille","3.96","89.7","6.9","3.4","0","0","0","0","0","0","0","0","0","0","29","90499","  8"
"2025-26","Fall","TBMH","5004","Translational Biol, Med & Hlth","Parker","3.96","89.7","6.9","3.4","0","0","0","0","0","0","0","0","0","0","29","90499","  8"
"2025-26","Fall","TBMH","5004","Translational Biol, Med & Hlth","Poelzing","3.96","89.7","6.9","3.4","0","0","0","0","0","0","0","0","0","0","29","90499","  8"
"2025-26","Fall","TBMH","5004","Translational Biol, Med & Hlth","Sassi","3.96","89.7","6.9","3.4","0","0","0","0","0","0","0","0","0","0","29","90499","  8"
"2025-26","Fall","TBMH","5004","Translational Biol, Med & Hlth","Sheng","3.96","89.7","6.9","3.4","0","0","0","0","0","0","0","0","0","0","29","90499","  8"
"2025-26","Fall","TBMH","5004","Translational Biol, Med & Hlth","Smyth","3.96","89.7","6.9","3.4","0","0","0","0","0","0","0","0","0","0","29","90499","  8"
"2025-26","Fall","TBMH","5004","Translational Biol, Med & Hlth","Vaughn-Cooke","3.96","89.7","6.9","3.4","0","0","0","0","0","0","0","0","0","0","29","90499","  8"
"2025-26","Fall","TBMH","5004","Translational Biol, Med & Hlth","Warren","3.96","89.7","6.9","3.4","0","0","0","0","0","0","0","0","0","0","29","90499","  8"
"2025-26","Fall","TBMH","5105","Prof Development and Ethics","Walker","4","100","0","0","0","0","0","0","0","0","0","0","0","0","21","90501","  2"
"2025-26","Fall","TBMH","5304","Translational Research Exper","Gourdie","3.96","88","12","0","0","0","0","0","0","0","0","0","0","0","25","90506","  3"
"2025-26","Fall","TBMH","5304","Translational Research Exper","Van Montfrans","3.96","88","12","0","0","0","0","0","0","0","0","0","0","0","25","90506","  3"
"2025-26","Fall","TBMH","5304","Translational Research Exper","Gourdie","4","100","0","0","0","0","0","0","0","0","0","0","0","0","5","90507","  3"
"2025-26","Fall","TBMH","5304","Translational Research Exper","Van Montfrans","4","100","0","0","0","0","0","0","0","0","0","0","0","0","5","90507","  3"
"2025-26","Fall","TBMH","5404","Scientific Logic and Analysis","Howell","3.83","83.3","0","0","16.7","0","0","0","0","0","0","0","0","0","12","90509","  1"
"2025-26","Fall","TBMH","5404","Scientific Logic and Analysis","Howell","4","100","0","0","0","0","0","0","0","0","0","0","0","0","9","90508","  1"
"2025-26","Fall","TBMH","5984","SS: Quant Cardiac Electro","Poelzing","3.76","20","80","0","0","0","0","0","0","0","0","0","0","0","5","92721","  3"
"2025-26","Fall","UAP","1004","Careers in Public Service","Hankey","3.75","72.5","15","0","7.5","2.5","0","0","0","0","0","0","2.5","0","40","90519","  1"
"2025-26","Fall","UAP","1024","Leadership Service Pub Probs","Davis","3.61","38.9","27.8","22.2","5.6","0","5.6","0","0","0","0","0","0","0","36","90520","  3"
"2025-26","Fall","UAP","2004","Principles of Real Estate","Clements","2.97","6.3","25","6.3","18.8","18.8","12.5","6.3","6.3","0","0","0","0","1","16","90521","  3"
"2025-26","Fall","UAP","3014","Urban Policy and Planning","Venkataraman","3.46","30.8","23.1","23.1","15.4","0","0","7.7","0","0","0","0","0","0","13","90523","  3"
"2025-26","Fall","UAP","3024","Urban and Regional Analysis","Akbari","3.83","62.9","29","1.6","4.8","1.6","0","0","0","0","0","0","0","1","62","90524","  3"
"2025-26","Fall","UAP","3344","Global Environmental Issues","Alphin","3.83","83.3","0","0","16.7","0","0","0","0","0","0","0","0","0","6","90525","  3"
"2025-26","Fall","UAP","3344","Global Environmental Issues","Glasson","3.56","88.9","0","0","0","0","0","0","0","0","0","0","11.1","0","9","90526","  3"
"2025-26","Fall","UAP","3354","Environ Policy & Plan","Riddle","3.74","74.6","7.9","4.8","7.9","0","1.6","1.6","0","0","0","0","1.6","0","63","90527","  3"
"2025-26","Fall","UAP","3714","The U. S. Policy Process","Mastracci","3.44","40","15","20","5","10","5","0","5","0","0","0","0","0","20","90530","  3"
"2025-26","Fall","UAP","4344","Law of Critical Envl Areas","Heidt","3.89","89.3","2.7","0","2.7","2.7","2.7","0","0","0","0","0","0","0","75","90531","  3"
"2025-26","Fall","UAP","4354","Environ Prob Solving","Hall","3.72","85","5","0","0","5","0","0","0","0","0","0","5","0","20","90532","  3"
"2025-26","Fall","UAP","4354","Environ Prob Solving","Meyers","3.72","85","5","0","0","5","0","0","0","0","0","0","5","0","20","90532","  3"
"2025-26","Fall","UAP","4374","Land Use and Environ","Hankey","3.65","56.8","26.1","4.5","3.4","3.4","0","1.1","2.3","0","0","0","2.3","0","88","90533","  3"
"2025-26","Fall","UAP","4914","Public & Urban Seminar","Velez","3.87","70","20","10","0","0","0","0","0","0","0","0","0","0","10","91628","  3"
"2025-26","Fall","UAP","5014","Gateway to Planning","Cowell","3.98","92.3","7.7","0","0","0","0","0","0","0","0","0","0","0","13","90542","  3"
"2025-26","Fall","UAP","5014","Gateway to Planning","Zahm","3.69","35.3","35.3","29.4","0","0","0","0","0","0","0","0","0","0","17","90541","  3"
"2025-26","Fall","UAP","5084","Collab Community Involvement","Helfer","4","100","0","0","0","0","0","0","0","0","0","0","0","0","11","90544","  3"
"2025-26","Fall","UAP","5084","Collab Community Involvement","Schenk","3.96","85.7","14.3","0","0","0","0","0","0","0","0","0","0","0","21","90543","  3"
"2025-26","Fall","UAP","5125","Planning Studio","Wagle","4","100","0","0","0","0","0","0","0","0","0","0","0","0","10","90549","  3"
"2025-26","Fall","UAP","5125","Planning Studio","Zahm","3.76","45.5","36.4","18.2","0","0","0","0","0","0","0","0","0","0","11","90547","  3"
"2025-26","Fall","UAP","5134","Adv Land Use & Env: Plan & Pol","Hankey","3.92","85","10","0","5","0","0","0","0","0","0","0","0","0","20","90550","  3"
"2025-26","Fall","UAP","5234","Urban Econ Equity Society","Cowell","3.89","71.4","21.4","7.1","0","0","0","0","0","0","0","0","0","0","14","90552","  3"
"2025-26","Fall","UAP","5234","Urban Econ Equity Society","Lyon-Hill","3.9","78.3","17.4","0","4.3","0","0","0","0","0","0","0","0","0","23","90551","  3"
"2025-26","Fall","UAP","5234","Urban Econ Equity Society","Tate","3.9","78.3","17.4","0","4.3","0","0","0","0","0","0","0","0","0","23","90551","  3"
"2025-26","Fall","UAP","5604","TS: Creative Housing","Burns","3.96","87.5","12.5","0","0","0","0","0","0","0","0","0","0","0","8","92725","  1"
"2025-26","Fall","UAP","5604","TS: Housing Foundations","Jones O'Brien","4","100","0","0","0","0","0","0","0","0","0","0","0","0","8","92724","  1"
"2025-26","Fall","UAP","5784","Economic Devel Planning Topics","Hall","4","100","0","0","0","0","0","0","0","0","0","0","0","0","8","91611","  3"
"2025-26","Fall","UAP","5784","Economic Devel Planning Topics","Hall","3.84","75","12.5","0","12.5","0","0","0","0","0","0","0","0","0","8","91612","  3"
"2025-26","Fall","UAP","5794","Environ Plan Studio","Buehler","3.96","85.7","14.3","0","0","0","0","0","0","0","0","0","0","0","7","91613","  3"
"2025-26","Fall","UAP","5794","Environ Plan Studio","Buehler","3.79","28.6","71.4","0","0","0","0","0","0","0","0","0","0","0","7","91615","  3"
"2025-26","Fall","UAP","5864","Topics in Transport Policy","Buehler","3.9","66.7","33.3","0","0","0","0","0","0","0","0","0","0","0","15","90574","  3"
"2025-26","Fall","UAP","5864","Topics in Transport Policy","Buehler","4","100","0","0","0","0","0","0","0","0","0","0","0","0","8","90575","  3"
"2025-26","Fall","UH","1404","Principles Collab Discovery","Jones","3.93","86.7","8.4","1.8","1.2","1.8","0","0","0","0","0","0","0","0","166","90639","  3"
"2025-26","Fall","UH","1404","Principles Collab Discovery","Patrick","3.87","84.5","9.1","1.1","2.1","0.5","1.6","0","0","0","0","0","1.1","2","187","91568","  3"
"2025-26","Fall","UH","1404","Principles Collab Discovery","Henshaw","3.87","77.8","14.3","3.2","3.2","0","0","1.6","0","0","0","0","0","0","63","90640","  3"
"2025-26","Fall","UH","1504","PGS Pre-Departure Seminar","Heilker","4","100","0","0","0","0","0","0","0","0","0","0","0","0","30","90641","  2"
"2025-26","Fall","UH","2604","Inter HonorsQuantQual Research","Lewis","3.81","64.7","17.6","11.8","5.9","0","0","0","0","0","0","0","0","0","17","90654","  3"
"2025-26","Fall","UH","2604","Inter HonorsQuantQual Research","Patrick","3.81","64.7","17.6","11.8","5.9","0","0","0","0","0","0","0","0","0","17","90654","  3"
"2025-26","Fall","UH","2604","Inter HonorsQuantQual Research","Lewis","3.97","90","10","0","0","0","0","0","0","0","0","0","0","0","20","90653","  3"
"2025-26","Fall","UH","2604","Inter HonorsQuantQual Research","Patrick","3.97","90","10","0","0","0","0","0","0","0","0","0","0","0","20","90653","  3"
"2025-26","Fall","UH","3204","Honors Service Learning","Budowle","4","100","0","0","0","0","0","0","0","0","0","0","0","0","11","90658","  3"
"2025-26","Fall","UH","3504","Honors Transdiscipline Seminar","Heilker","4","100","0","0","0","0","0","0","0","0","0","0","0","0","15","90659","  3"
"2025-26","Fall","UH","3504","Honors Transdiscipline Seminar","Kretser","3.78","93.3","0","0","0","0","0","0","0","0","0","6.7","0","0","15","90660","  3"
"2025-26","Fall","UH","3604","Protocols HonorsQuantQual Res","Lewis","4","100","0","0","0","0","0","0","0","0","0","0","0","0","5","90661","  3"
"2025-26","Fall","UH","4504","Topics Honors Dis Inn Studios","Jones","3.95","81.8","18.2","0","0","0","0","0","0","0","0","0","0","0","11","90668","  3"
"2025-26","Fall","UH","4504","Topics Honors Dis Inn Studios","Budowle","3.9","66.7","33.3","0","0","0","0","0","0","0","0","0","0","0","12","90667","  3"
"2025-26","Fall","UH","4504","Topics Honors Dis Inn Studios","Stephens","3.9","66.7","33.3","0","0","0","0","0","0","0","0","0","0","0","6","91511","  3"
"2025-26","Fall","UH","4504","Topics Honors Dis Inn Studios","Ruiz Geli","4","100","0","0","0","0","0","0","0","0","0","0","0","0","8","90670","  3"
"2025-26","Fall","UH","4514","Honors SuperStudio","Budowle","3.9","71.4","26.2","2.4","0","0","0","0","0","0","0","0","0","0","42","90671","  1"
"2025-26","Fall","UH","4514","Honors SuperStudio","Jones","3.9","71.4","26.2","2.4","0","0","0","0","0","0","0","0","0","0","42","90671","  1"
"2025-26","Fall","UH","4514","Honors SuperStudio","Stephens","3.9","71.4","26.2","2.4","0","0","0","0","0","0","0","0","0","0","42","90671","  1"
"2025-26","Fall","UH","4514","Honors SuperStudio","Velez","3.9","71.4","26.2","2.4","0","0","0","0","0","0","0","0","0","0","42","90671","  1"
"2025-26","Fall","UH","4855","Calhoun Trans Capstone Studio","Ruiz Geli","3.92","75","25","0","0","0","0","0","0","0","0","0","0","0","12","90672","  3"
"2025-26","Fall","UH","4855","Calhoun Trans Capstone Studio","Kretser","3.95","84.6","15.4","0","0","0","0","0","0","0","0","0","0","0","13","90673","  3"
"2025-26","Fall","UH","4974","Independent Study","Budowle","2.86","42.9","14.3","14.3","0","0","0","0","0","0","14.3","0","14.3","0","7","90675","  2"
"2025-26","Fall","UNIV","1004","College Success Strategies","Smith","2.83","25","0","0","50","0","0","16.7","0","0","0","0","8.3","1","12","90680","  3"
"2025-26","Fall","UNIV","1824","Pathways to Success Exploring","Daniel","3.67","50","27.3","9.1","4.5","4.5","4.5","0","0","0","0","0","0","0","22","90683","  3"
"2025-26","Fall","UNIV","1824","Pathways to Success Exploring","Goetz","3.74","65.2","17.4","8.7","0","4.3","0","4.3","0","0","0","0","0","0","23","90681","  3"
"2025-26","Fall","UNIV","1824","Pathways to Success Exploring","Johnson","3.98","91.7","8.3","0","0","0","0","0","0","0","0","0","0","0","24","90682","  3"
"2025-26","Fall","UNIV","1824","Pathways to Success Exploring","Trask","3.37","51.9","11.1","3.7","14.8","7.4","3.7","0","0","0","3.7","0","3.7","0","27","90684","  3"
"2025-26","Fall","UNIV","2114","Unleash Your HokiePotential","Schwab","3.83","89.7","0","0","0","6.9","0","0","3.4","0","0","0","0","0","29","90690","  1"
"2025-26","Fall","UNIV","2114","Unleash Your HokiePotential","Tucker","3.86","86.2","0","3.4","6.9","3.4","0","0","0","0","0","0","0","0","29","90686","  1"
"2025-26","Fall","UNIV","2114","Unleash Your HokiePotential","Chatham","3.85","76.7","13.3","0","6.7","3.3","0","0","0","0","0","0","0","0","30","90688","  1"
"2025-26","Fall","UNIV","2114","Unleash Your HokiePotential","Bryant","3.87","96.8","0","0","0","0","0","0","0","0","0","0","3.2","0","31","90689","  1"
"2025-26","Fall","UNIV","2114","Unleash Your HokiePotential","Takacs","3.9","93.5","0","3.2","0","0","0","0","3.2","0","0","0","0","0","31","90685","  1"
"2025-26","Fall","UNIV","2114","Unleash Your HokiePotential","Takacs","3.96","93.5","3.2","0","3.2","0","0","0","0","0","0","0","0","1","31","90691","  1"
"2025-26","Fall","UNIV","2114","Unleash Your HokiePotential","Tucker","3.88","90.3","3.2","0","3.2","0","0","0","3.2","0","0","0","0","0","31","90687","  1"
"2025-26","Fall","UNIV","2114","Unleash Your HokiePotential","Dean","3.81","89.4","0","0","2.1","2.1","4.3","0","0","0","2.1","0","0","0","47","92248","  1"
"2025-26","Fall","WATR","1984","SS: First Year in Water","Kirker","4","100","0","0","0","0","0","0","0","0","0","0","0","0","5","91891","  1"
"2025-26","Fall","WATR","1984","SS: First Year in Water","McGuire","4","100","0","0","0","0","0","0","0","0","0","0","0","0","5","91891","  1"
"2025-26","Fall","WATR","2004","Water, Environment & Society","Juran","3.49","45.5","18.2","13.6","18.2","0","0","0","0","0","0","0","4.5","0","22","90825","  3"
"2025-26","Fall","WATR","3104","Prin of Watershed Hydrology","McGuire","2.93","23.1","15.4","0","7.7","23.1","23.1","0","0","0","0","7.7","0","0","13","90870","  3"
"2025-26","Fall","WATR","4464","Water Resources Policy & Econ","Cobourn","3.38","66.7","0","16.7","0","0","0","0","0","0","16.7","0","0","0","6","90874","  3"
"2025-26","Fall","WGS","1114","Intro to LGBTQ+ Lives","Graves","3.53","65","5","10","10","0","5","0","0","0","0","0","5","0","20","90833","  3"
"2025-26","Fall","WGS","1824","Intro Women's & Gender Studies","Long","3.94","84.6","12.8","0","2.6","0","0","0","0","0","0","0","0","0","39","90834","  3"
"2025-26","Fall","WGS","1824","Intro Women's & Gender Studies","McElwain","3.76","84.6","0","5.1","5.1","0","0","0","0","0","5.1","0","0","0","39","90836","  3"
"2025-26","Fall","WGS","1824","Intro Women's & Gender Studies","Zare","3.34","31","28.6","9.5","14.3","7.1","4.8","0","0","0","0","0","4.8","1","42","91953","  3"
"2025-26","Fall","WGS","1824","Intro Women's & Gender Studies","Diaz","3.9","85.1","10.6","0","2.1","0","0","0","2.1","0","0","0","0","0","47","90840","  3"
"2025-26","Fall","WGS","1824","Intro Women's & Gender Studies","Diaz","3.88","79.6","12.2","4.1","2","0","2","0","0","0","0","0","0","0","49","91954","  3"
"2025-26","Fall","WGS","1824","Intro Women's & Gender Studies","Diaz","3.92","88","6","2","2","2","0","0","0","0","0","0","0","0","50","90839","  3"
"2025-26","Fall","WGS","2114","Feminist Theory","Zare","3.66","71.4","0","7.1","14.3","0","0","7.1","0","0","0","0","0","0","14","90841","  3"
"2025-26","Fall","WGS","2204","Race & Gender in Rel & Cult","Nurani","2.98","23.1","7.7","7.7","23.1","15.4","7.7","7.7","0","0","7.7","0","0","0","13","90842","  3"
"2025-26","Fall","WGS","3214","Global Feminisms","Illahe","3.58","60","10","0","0","30","0","0","0","0","0","0","0","0","10","90845","  3"
"2025-26","Fall","WGS","5924","Feminist Research Methods","Bell","4","100","0","0","0","0","0","0","0","0","0","0","0","0","10","91574","  3"
"2025-26","Fall","WGS","5934","Sexualities and Queer Theory","Cassinelli","3.83","66.7","16.7","16.7","0","0","0","0","0","0","0","0","0","0","12","91575","  3"
"2025-26","Summer I","AAEC","2104","Personal Financial Planning","McWilliams","3.82","78.8","0","17.2","1","0","3","0","0","0","0","0","0","0","99","60058","  3"
"2025-26","Summer I","AAEC","5034","Agribusiness Marketing","Dalton","3.74","40","40","20","0","0","0","0","0","0","0","0","0","0","5","60072","  3"
"2025-26","Summer I","AAEC","5424","AgBus Finance and Risk Mgmt","Phillips","3.03","58.3","0","8.3","8.3","0","0","8.3","0","0","0","0","16.7","0","12","60073","  3"
"2025-26","Summer I","ACIS","1004","Accounting Foundations","Lacoste","2.99","41.2","11.8","0","0","17.6","0","11.8","11.8","0","0","0","5.9","2","17","64183","  3"
"2025-26","Summer I","ACIS","1504","Intro to Bus Analytics & BI","Martin","3.15","26.3","10.5","15.8","15.8","26.3","0","0","0","0","0","0","5.3","0","19","60086","  3"
"2025-26","Summer I","ACIS","1504","Intro to Bus Analytics & BI","Sharp","3.77","78.3","4.4","10.9","0","4.3","0","0","0","0","0","0","2.2","0","46","60087","  3"
"2025-26","Summer I","ACIS","2115","Principles of Accounting","Brassine","3.15","48","4","8","10","2","4","12","4","2","2","2","2","0","50","60088","  3"
"2025-26","Summer I","ACIS","2116","Principles of Accounting","Martin","3.06","25.9","16.7","9.3","13","13","7.4","1.9","5.6","1.9","3.7","0","1.9","2","54","60089","  3"
"2025-26","Summer I","ACIS","2504","Intro to Accounting Analytics","Kogan","3.36","39.5","14","18.6","11.6","4.7","4.7","0","2.3","0","2.3","0","2.3","0","43","60090","  3"
"2025-26","Summer I","ACIS","3115","Intermediate Financial Acct.","Shortt","3.17","25","23.1","5.8","15.4","5.8","13.5","3.8","5.8","0","1.9","0","0","2","52","60091","  3"
"2025-26","Summer I","ACIS","3504","Acct Sys and Controls","Shortt","2.89","16.7","8.3","16.7","16.7","8.3","4.2","16.7","12.5","0","0","0","0","0","24","64165","  3"
"2025-26","Summer I","ADV","2134","Intro to Health Communication","Holz","3.55","52.4","23.8","9.5","0","9.5","0","0","0","0","0","0","4.8","0","21","60106","  3"
"2025-26","Summer I","AFST","1714","Intro African American Studies","Seniors","4","100","0","0","0","0","0","0","0","0","0","0","0","0","18","60107","  3"
"2025-26","Summer I","AFST","2204","Race & Gender in Rel & Cult","Nurani","3.68","33.3","50","0","16.7","0","0","0","0","0","0","0","0","0","6","64247","  3"
"2025-26","Summer I","AHRM","1014","Design and Art for Consumers","Walsh","3.65","71.7","10.9","2.2","4.3","2.2","0","2.2","4.3","0","0","0","2.2","0","46","60112","  3"
"2025-26","Summer I","AHRM","3954","Study Abroad","Walsh","4","100","0","0","0","0","0","0","0","0","0","0","0","0","11","64327","  3"
"2025-26","Summer I","ALCE","3624","Comm Ag & Life Sci in Writing","Greaud","3.66","75","0","0","12.5","0","12.5","0","0","0","0","0","0","0","8","60115","  3"
"2025-26","Summer I","ALCE","3634","Comm Ag & Life Sci in Speaking","McCain","3.16","44.4","22.2","0","11.1","0","0","11.1","0","0","0","0","11.1","0","9","64185","  3"
"2025-26","Summer I","ALCE","5014","Non-formal Teaching & Learning","Kaufman","3.26","40","0","20","20","0","0","20","0","0","0","0","0","0","5","60121","  3"
"2025-26","Summer I","ALCE","5154","Partnerships and Volunteerism","Friedel","4","100","0","0","0","0","0","0","0","0","0","0","0","0","10","64382","  3"
"2025-26","Summer I","ALS","3304","Physiology of Reproduction","Rhoads","2.46","15.6","0","12.5","18.8","0","6.3","28.1","0","0","15.6","0","3.1","1","32","60149","  3"
"2025-26","Summer I","ALS","5234","Adv Concepts Comm Food Systems","Carper","3.75","71","12.9","3.2","6.5","0","0","6.5","0","0","0","0","0","0","31","60159","  3"
"2025-26","Summer I","AOE","2104","Intro Aerospace Engr & Perform","Seidel","3.62","38.5","23.1","30.8","0","7.7","0","0","0","0","0","0","0","1","13","60160","  3"
"2025-26","Summer I","AOE","3014","Fluid Dynamics for AOE","Davoudi","3.4","70","0","10","0","10","0","0","0","0","0","0","10","2","10","64187","  3"
"2025-26","Summer I","AOE","5034","Mechanical & Struct Dynamics","Philen","3.86","88.9","0","0","0","11.1","0","0","0","0","0","0","0","0","9","64189","  3"
"2025-26","Summer I","AOE","5234","Orbital Mechanics","Fitzgerald","3.72","50","16.7","33.3","0","0","0","0","0","0","0","0","0","0","6","60179","  3"
"2025-26","Summer I","APS","1704","Intro to Appalachian Studies","Edmondson","3.59","61.9","9.5","4.8","4.8","9.5","4.8","4.8","0","0","0","0","0","1","21","64240","  3"
"2025-26","Summer I","APS","2404","Folk Cultures in Appalachia","Plummer","3.87","82.6","4.4","8.7","0","4.3","0","0","0","0","0","0","0","0","23","64243","  3"
"2025-26","Summer I","APSC","3134","Animal Ag and the Environment","Knowlton","3.61","85.7","0","0","0","0","0","0","0","14.3","0","0","0","0","7","60337","  3"
"2025-26","Summer I","APSC","5264","Animal Cognition","Sewall","3.97","88.9","11.1","0","0","0","0","0","0","0","0","0","0","0","9","60346","  3"
"2025-26","Summer I","APSC","5374","Animal Behavior Consulting","Spaulding","3.9","66.7","33.3","0","0","0","0","0","0","0","0","0","0","0","9","60347","  3"
"2025-26","Summer I","APSC","5374","Animal Behavior Consulting","Waite","3.9","66.7","33.3","0","0","0","0","0","0","0","0","0","0","0","9","60347","  3"
"2025-26","Summer I","ARBC","2774","Arab Culture and Civilization","Taggart","4","100","0","0","0","0","0","0","0","0","0","0","0","0","13","64334","  3"
"2025-26","Summer I","ARCH","1015","Foundation Design Laboratory","Caywood","3.6","45.5","9.1","27.3","18.2","0","0","0","0","0","0","0","0","0","11","60367","  6"
"2025-26","Summer I","ARCH","1015","Foundation Design Laboratory","Daniel","3.6","45.5","9.1","27.3","18.2","0","0","0","0","0","0","0","0","0","11","60367","  6"
"2025-26","Summer I","ARCH","1015","Foundation Design Laboratory","Shaver","3.95","81.8","18.2","0","0","0","0","0","0","0","0","0","0","0","22","64312","  6"
"2025-26","Summer I","ARCH","1016","Foundation Design Laboratory","Muscatello","3.16","10","10","30","30","10","10","0","0","0","0","0","0","0","10","64314","  6"
"2025-26","Summer I","ARCH","1016","Foundation Design Laboratory","Whitney","3.16","10","10","30","30","10","10","0","0","0","0","0","0","0","10","64314","  6"
"2025-26","Summer I","ARCH","1016","Foundation Design Laboratory","Hernandez","3.71","27.3","54.6","18.2","0","0","0","0","0","0","0","0","0","0","11","60368","  6"
"2025-26","Summer I","ARCH","1024","Innovative Design Thinking","Rabago","3.28","50","0","0","33.3","0","0","0","16.7","0","0","0","0","0","6","60369","  3"
"2025-26","Summer I","ARCH","1034","Seeing Design","Sullivan","3.77","66.7","0","33.3","0","0","0","0","0","0","0","0","0","0","6","60370","  3"
"2025-26","Summer I","ARCH","4014","Architecture IV - Integrative","Becker","2.6","0","20","40","0","20","0","0","0","0","0","0","20","0","5","60374","  8"
"2025-26","Summer I","ARCH","4014","Architecture IV - Integrative","Dugas","2.6","0","20","40","0","20","0","0","0","0","0","0","20","0","5","60374","  8"
"2025-26","Summer I","ARCH","4114","Ideas-Concepts-Representations","Bedford","3.68","25","56.3","12.5","6.3","0","0","0","0","0","0","0","0","0","16","64375","  3"
"2025-26","Summer I","ARCH","4124","Adv. Topics Arch Hist & Theory","Bedford","3.53","18.8","37.5","25","18.8","0","0","0","0","0","0","0","0","0","16","64376","  3"
"2025-26","Summer I","ARCH","5755","Advanced Design Laboratory","Becker","3.63","22.2","44.4","33.3","0","0","0","0","0","0","0","0","0","0","9","60385","  3"
"2025-26","Summer I","ARCH","5755","Advanced Design Laboratory","Dugas","3.63","22.2","44.4","33.3","0","0","0","0","0","0","0","0","0","0","9","60385","  3"
"2025-26","Summer I","ARCH","5756","Advanced Design Laboratory","Pittman","3.63","22.2","44.4","33.3","0","0","0","0","0","0","0","0","0","0","9","60387","  3"
"2025-26","Summer I","ART","1104","Language of Visual Arts","Jewitt","3.36","21.1","47.4","10.5","0","0","10.5","5.3","0","5.3","0","0","0","1","19","60401","  3"
"2025-26","Summer I","ART","2385","Surv Hist West Art","Knoblauch","2.55","36.4","9.1","0","0","0","0","27.3","0","9.1","9.1","0","9.1","0","11","64324","  3"
"2025-26","Summer I","ART","2386","Surv Hist West Art","Moseley Christian","2.71","44.4","11.1","0","0","0","11.1","0","11.1","0","0","11.1","11.1","0","9","60403","  3"
"2025-26","Summer I","AT","0194","AT Internship","Kohl","3.13","38.5","12.8","12.8","2.6","5.1","7.7","10.3","2.6","0","5.1","0","2.6","0","39","60411","  1"
"2025-26","Summer I","BC","1114","Intro to Building Construction","Shojaei kol kachi","2.8","6.9","24.1","6.9","13.8","17.2","3.4","10.3","13.8","0","0","0","3.4","0","29","64196","  3"
"2025-26","Summer I","BC","1124","Constr Documents & Safety","Bluey","3.35","28.1","28.1","9.4","21.9","3.1","3.1","3.1","0","0","0","0","3.1","0","32","64197","  2"
"2025-26","Summer I","BC","2014","Construction Principles I","Lv","3.2","40.8","16.3","12.2","2","8.2","2","6.1","4.1","2","0","2","4.1","1","49","60414","  3"
"2025-26","Summer I","BC","2114","IT in Design and Construction","Withers","3.22","45.2","7.1","11.9","7.1","14.3","2.4","2.4","0","0","4.8","0","4.8","3","42","60415","  3"
"2025-26","Summer I","BC","3134","Temporary Structures","Zhang","3.41","32.4","35.3","8.8","5.9","8.8","0","0","5.9","0","0","0","2.9","1","34","64195","  3"
"2025-26","Summer I","BC","4444","Construction Practice II","Bluey","3.91","71.4","28.6","0","0","0","0","0","0","0","0","0","0","0","14","60418","  4"
"2025-26","Summer I","BCHM","2024","Concepts of Biochemistry","Slade","2.89","23.1","11.5","11.5","3.8","19.2","7.7","11.5","3.8","3.8","0","0","3.8","1","26","60439","  3"
"2025-26","Summer I","BCHM","4115","General Biochemistry","Slade","2.62","30.8","7.7","23.1","0","7.7","0","0","7.7","0","0","0","23.1","1","13","60440","  4"
"2025-26","Summer I","BCHM","4116","General Biochemistry","Slade","3.28","33.3","16.7","0","16.7","16.7","16.7","0","0","0","0","0","0","0","6","60441","  3"
"2025-26","Summer I","BIOL","1105","Principles of Biology","Rosenzweig","3.67","64.4","0","11.9","22","0","1.7","0","0","0","0","0","0","0","59","60452","  3"
"2025-26","Summer I","BIOL","1106","Principles of Biology","Emori","3.23","48.8","0","0","34.9","0","0","9.3","0","0","4.7","0","2.3","0","43","60453","  3"
"2025-26","Summer I","BIOL","1115","Principles of Biol Lab","Lee","3.47","58.1","9.7","12.9","6.5","0","3.2","3.2","0","0","3.2","0","3.2","0","31","60454","  1"
"2025-26","Summer I","BIOL","1116","Principles of Biol Lab","Lee","3.67","45.5","22.7","18.2","13.6","0","0","0","0","0","0","0","0","0","22","60456","  1"
"2025-26","Summer I","BIOL","2004","Genetics","Voshell","3.79","71.2","13.6","3.4","8.5","0","1.7","1.7","0","0","0","0","0","0","59","60457","  3"
"2025-26","Summer I","BIOL","2134","Cell Function Differentiation","Watkinson","3.74","70.2","14.9","2.1","6.4","4.3","0","0","0","0","0","0","2.1","0","47","60458","  3"
"2025-26","Summer I","BIOL","2604","General Microbiology","Seyler","3.9","89.6","2.1","2.1","2.1","4.2","0","0","0","0","0","0","0","0","48","60459","  3"
"2025-26","Summer I","BIOL","2704","Evolutionary Biology","Sheppard","3.33","31.3","18.8","12.5","25","0","6.3","0","0","6.3","0","0","0","0","16","60460","  3"
"2025-26","Summer I","BIOL","2804","Ecology","Lipscomb","3.68","55.9","20.6","11.8","2.9","2.9","2.9","2.9","0","0","0","0","0","0","34","60461","  3"
"2025-26","Summer I","BIOL","3514","Introduction to Histology","Sheppard","3.47","30.4","26.1","26.1","4.3","4.3","0","8.7","0","0","0","0","0","0","23","60468","  3"
"2025-26","Summer I","BIT","2405","Bus Stats Analytics & Model","Sudweeks","3.41","27","24.3","27","10.8","2.7","2.7","2.7","0","0","2.7","0","0","0","37","60485","  3"
"2025-26","Summer I","BIT","2405","Bus Stats Analytics & Model","Kern","3.39","34.7","20.4","18.4","10.2","4.1","8.2","2","0","0","0","0","2","0","49","60486","  3"
"2025-26","Summer I","BIT","2406","Bus Stats Analytics & Model","Simundza","3.39","40","9.1","12.7","21.8","5.5","5.5","5.5","0","0","0","0","0","0","55","60488","  3"
"2025-26","Summer I","BIT","2406","Bus Stats Analytics & Model","Sudweeks","3.06","12.5","11.1","18.1","26.4","11.1","15.3","5.6","0","0","0","0","0","0","72","60487","  3"
"2025-26","Summer I","BIT","2554","Linux for Business","Raman","3.42","42.9","0","14.3","35.7","0","7.1","0","0","0","0","0","0","0","14","64293","  3"
"2025-26","Summer I","BIT","3414","Operations & Supply Chain Mgt","Deane","3.71","50","32","8","6","0","2","2","0","0","0","0","0","0","50","60490","  3"
"2025-26","Summer I","BIT","3414","Operations & Supply Chain Mgt","Teets","3.8","62","32","0","2","0","0","4","0","0","0","0","0","0","50","60489","  3"
"2025-26","Summer I","BIT","3424","Intro Bus Analytics Modeling","Zhang","3.61","59.1","18.2","4.5","0","4.5","9.1","4.5","0","0","0","0","0","0","22","60491","  3"
"2025-26","Summer I","BIT","3434","Adv Modeling for Bus Analytics","Arnette","3","9.5","14.3","33.3","0","23.8","4.8","4.8","4.8","4.8","0","0","0","0","21","60492","  3"
"2025-26","Summer I","BIT","3444","Adv Bus Comp and App","Zahadat","3.09","39.5","14","7","9.3","4.7","2.3","9.3","7","0","0","0","7","5","43","60493","  3"
"2025-26","Summer I","BIT","3554","Networks, Telecom, & Security","Raman","3.06","10","16","18","18","22","10","4","0","2","0","0","0","0","50","60494","  3"
"2025-26","Summer I","BIT","3664","Cybersecurity Management I","Mancini","4","100","0","0","0","0","0","0","0","0","0","0","0","0","12","64295","  3"
"2025-26","Summer I","BIT","3674","Cybersecurity Management II","Mancini","3.32","56.5","8.7","4.3","8.7","0","4.3","8.7","0","4.3","0","0","4.3","0","23","64296","  3"
"2025-26","Summer I","BIT","3954","Study Abroad","Teets","4","100","0","0","0","0","0","0","0","0","0","0","0","0","14","60495","  6"
"2025-26","Summer I","BIT","3954","Study Abroad","Matheson","4","100","0","0","0","0","0","0","0","0","0","0","0","0","18","60496","  3"
"2025-26","Summer I","BIT","4444","Web-Based DSS","Flora","3.34","41.7","25","8.3","0","0","0","16.7","8.3","0","0","0","0","0","12","60497","  3"
"2025-26","Summer I","BIT","4454","Bus Analysis Seminar in IT","Abrahams","2.94","8.3","16.7","16.7","16.7","8.3","25","0","8.3","0","0","0","0","0","12","60498","  3"
"2025-26","Summer I","BIT","4484","Project Management","Deane","3.63","45.5","24.2","15.2","6.1","6.1","3","0","0","0","0","0","0","0","33","60499","  3"
"2025-26","Summer I","BIT","4604","Data Gov, Privacy, Ethics","Flora","3.3","48.3","6.9","6.9","10.3","10.3","6.9","0","3.4","3.4","3.4","0","0","0","29","60500","  3"
"2025-26","Summer I","BIT","4604","Data Gov, Privacy, Ethics","Sahin","3.39","42.9","14.3","14.3","14.3","0","0","0","14.3","0","0","0","0","0","7","64297","  3"
"2025-26","Summer I","BIT","4624","Cybersecurity Analytics","Zahadat","2.79","26.3","10.5","5.3","26.3","5.3","10.5","0","0","0","0","0","15.8","0","19","60501","  3"
"2025-26","Summer I","BIT","4964","Field Study","Monday","3.82","80.3","5.7","3.3","4.9","3.3","0.8","0.8","0.8","0","0","0","0","0","122","60502","  3"
"2025-26","Summer I","BIT","5114","Crime & Conflict in Cyberspace","Baker","3.64","68","12","8","4","0","4","0","0","0","0","0","4","0","25","64211","  3"
"2025-26","Summer I","BIT","5114","Crime & Conflict in Cyberspace","Baker","3.94","93.8","3.7","1.2","0","0","0","0","0","0","0","1.2","0","0","81","64204","  3"
"2025-26","Summer I","BIT","5514","Emerging Tech Transformation","Simpson","4","100","0","0","0","0","0","0","0","0","0","0","0","0","6","64308","  2"
"2025-26","Summer I","BIT","5544","Intro to Gen AI in Business","Durham","3.83","61","26.8","9.8","2.4","0","0","0","0","0","0","0","0","0","41","64239","  3"
"2025-26","Summer I","BIT","5574","Healthcare Data Management","Hyler","3.4","47.6","14.3","19","4.8","0","0","0","4.8","4.8","4.8","0","0","0","21","60511","  3"
"2025-26","Summer I","BIT","5594","Web Apps & Elec Com","Ghandforoush","3.77","50.6","35.1","11.7","0","1.3","0","1.3","0","0","0","0","0","0","77","60512","  3"
"2025-26","Summer I","BIT","5644","Mgt of Info for Bus Decisions","Abrahams","3.96","88","12","0","0","0","0","0","0","0","0","0","0","0","25","60514","  2"
"2025-26","Summer I","BIT","5724","Managerial Statistics","Fraticelli","3.33","36.5","17.6","14.9","8.1","6.8","6.8","4.1","4.1","0","0","0","1.4","0","74","60515","  3"
"2025-26","Summer I","BIT","5954","Study Abroad","Hoopes","3.9","90","0","0","10","0","0","0","0","0","0","0","0","0","10","64301","  3"
"2025-26","Summer I","BMSP","2135","Human Anatomy & Physiology","He","3.09","34.9","18.6","2.3","16.3","4.7","4.7","0","9.3","0","4.7","0","4.7","0","43","60545","  3"
"2025-26","Summer I","BMSP","2136","Human Anatomy and Physiology","He","3.68","69.2","12.8","5.1","5.1","0","0","0","5.1","0","2.6","0","0","0","39","60546","  3"
"2025-26","Summer I","BMSP","2145","Human Anatomy & Physiology Lab","He","2.95","9.1","22.7","22.7","18.2","4.5","4.5","4.5","0","4.5","4.5","4.5","0","0","22","60547","  1"
"2025-26","Summer I","BMSP","2146","Human Anatomy & Physiology Lab","He","3.03","20.8","16.7","12.5","16.7","8.3","12.5","0","4.2","4.2","0","4.2","0","0","24","60548","  1"
"2025-26","Summer I","CEE","3274","Intro Land Development","Casey","2.45","0","0","25","25","12.5","12.5","12.5","0","0","0","0","12.5","0","8","60658","  3"
"2025-26","Summer I","CEE","3404","Intro Structural Engineering","Mouras","2.64","9.1","18.2","9.1","9.1","9.1","18.2","18.2","0","0","0","0","9.1","1","11","60660","  3"
"2025-26","Summer I","CEE","3604","Intro Transport Engr","Katz","3.54","47.4","15.8","15.8","10.5","0","5.3","5.3","0","0","0","0","0","0","19","60661","  3"
"2025-26","Summer I","CEE","3804","Computer Applications for CEE","Abbas","3.52","43.8","18.8","6.3","18.8","6.3","6.3","0","0","0","0","0","0","0","16","60662","  3"
"2025-26","Summer I","CHE","4014","Unit Operations Laboratory","Martin","3.52","32","28","22","10","2","2","4","0","0","0","0","0","0","50","60704","  4"
"2025-26","Summer I","CHEM","1014","Calculations in Chemistry","Wall","2.7","11.1","11.1","22.2","11.1","11.1","11.1","11.1","0","0","0","0","11.1","0","9","60718","  3"
"2025-26","Summer I","CHEM","1035","General Chemistry","Eddleton","2.86","20.5","10.3","12.8","17.9","10.3","5.1","7.7","2.6","5.1","2.6","2.6","2.6","0","39","60719","  3"
"2025-26","Summer I","CHEM","1036","General Chemistry","Santos","3.12","39.6","10.4","4.2","14.6","6.3","4.2","14.6","0","0","2.1","0","4.2","2","48","60721","  3"
"2025-26","Summer I","CHEM","1036","General Chemistry","Wagner","2.8","23.2","7.3","17.1","9.8","4.9","11","11","4.9","1.2","2.4","2.4","4.9","5","82","60720","  3"
"2025-26","Summer I","CHEM","1045","General Chemistry Laboratory","Tohidi","2.75","45.5","0","0","9.1","0","9.1","9.1","9.1","9.1","0","0","9.1","0","11","60722","  1"
"2025-26","Summer I","CHEM","1046","General Chemistry Laboratory","Tohidi","3.48","57.1","0","7.1","21.4","7.1","0","0","7.1","0","0","0","0","1","14","60726","  1"
"2025-26","Summer I","CHEM","1046","General Chemistry Laboratory","Tohidi","2.81","21.4","7.1","7.1","35.7","0","7.1","0","7.1","7.1","0","0","7.1","0","14","60728","  1"
"2025-26","Summer I","CHEM","2514","Survey of Organic Chemistry","Bowen","3.04","18.2","18.2","18.2","9.1","18.2","0","9.1","0","0","9.1","0","0","0","11","60731","  3"
"2025-26","Summer I","CHEM","2535","Organic Chemistry","Saluga","2.44","8.9","8.9","13.3","15.6","4.4","15.6","8.9","0","13.3","2.2","0","8.9","2","45","60732","  3"
"2025-26","Summer I","CHEM","2536","Organic Chemistry","Schulz","2.85","16","6.7","22.7","17.3","8","9.3","6.7","4","4","1.3","0","4","4","75","60733","  3"
"2025-26","Summer I","CHEM","2545","Organic Chemistry Laboratory","Santos","3.24","18.2","18.2","27.3","18.2","0","9.1","9.1","0","0","0","0","0","0","11","60734","  1"
"2025-26","Summer I","CHEM","2545","Organic Chemistry Laboratory","Santos","3.09","11.1","22.2","11.1","11.1","33.3","0","11.1","0","0","0","0","0","0","9","60736","  1"
"2025-26","Summer I","CHEM","2546","Organic Chemistry Laboratory","Santos","2.82","5.6","5.6","11.1","22.2","27.8","16.7","11.1","0","0","0","0","0","0","18","60740","  1"
"2025-26","Summer I","CINE","2054","Introduction to Cinema","Yates","3.89","85.7","9.5","0","0","0","4.8","0","0","0","0","0","0","0","21","60790","  3"
"2025-26","Summer I","CLA","2464","Myth, Philosophy, Video Games","Mandolia","3.44","37.5","37.5","0","0","12.5","0","0","12.5","0","0","0","0","0","8","60792","  3"
"2025-26","Summer I","CMDA","3605","Math Modeling: Methods & Tools","Carracedo Rodriguez","2.72","8.3","8.3","8.3","16.7","8.3","25","25","0","0","0","0","0","0","12","64298","  3"
"2025-26","Summer I","CMDA","3654","Intro Data Analytics & Visual","Lucero","3.4","34.5","24.1","13.8","6.9","10.3","3.4","3.4","0","0","3.4","0","0","0","29","60803","  3"
"2025-26","Summer I","CMST","2034","Visual Media","Bennett","4","100","0","0","0","0","0","0","0","0","0","0","0","0","5","64352","  3"
"2025-26","Summer I","CMST","3124","Interpersonal Communication","Deuyour","3.47","9.1","54.6","9.1","18.2","9.1","0","0","0","0","0","0","0","0","11","60804","  3"
"2025-26","Summer I","CMST","3214","Professional Communication","Quesenberry","3.98","93.3","6.7","0","0","0","0","0","0","0","0","0","0","0","15","60805","  3"
"2025-26","Summer I","CMST","3214","Professional Communication","Widgeon","3.04","11.1","22.2","22.2","22.2","0","0","0","22.2","0","0","0","0","0","9","64411","  3"
"2025-26","Summer I","COMM","1014","Introduction to Communication","Woods","3.34","25","6.3","37.5","25","0","0","6.3","0","0","0","0","0","0","16","60811","  3"
"2025-26","Summer I","COMM","2004","Public Speaking","Cassady","3.94","88.9","5.6","5.6","0","0","0","0","0","0","0","0","0","0","18","60816","  3"
"2025-26","Summer I","COMM","2004","Public Speaking","Peyton","3.39","16.7","22.2","33.3","16.7","11.1","0","0","0","0","0","0","0","1","18","60821","  3"
"2025-26","Summer I","COMM","2004","Public Speaking","Quesenberry","3.3","38.9","16.7","11.1","16.7","5.6","0","5.6","0","0","0","0","5.6","1","18","60820","  3"
"2025-26","Summer I","COMM","2004","Public Speaking","Quesenberry","3.39","16.7","22.2","33.3","16.7","11.1","0","0","0","0","0","0","0","1","18","60821","  3"
"2025-26","Summer I","COMM","2004","Public Speaking","Williams","3.3","38.9","16.7","11.1","16.7","5.6","0","5.6","0","0","0","0","5.6","1","18","60820","  3"
"2025-26","Summer I","COMM","2004","Public Speaking","Kuhl","3.27","26.3","26.3","10.5","15.8","15.8","0","0","0","0","0","0","5.3","1","19","60819","  3"
"2025-26","Summer I","COMM","2004","Public Speaking","Land","3.38","21.1","21.1","31.6","21.1","0","0","0","5.3","0","0","0","0","0","19","60815","  3"
"2025-26","Summer I","COMM","2004","Public Speaking","Quesenberry","3.38","21.1","21.1","31.6","21.1","0","0","0","5.3","0","0","0","0","0","19","60815","  3"
"2025-26","Summer I","COMM","2004","Public Speaking","Quesenberry","3.27","26.3","26.3","10.5","15.8","15.8","0","0","0","0","0","0","5.3","1","19","60819","  3"
"2025-26","Summer I","COMM","2004","Public Speaking","Sowder","3.59","36.8","36.8","10.5","10.5","0","0","0","5.3","0","0","0","0","0","19","60814","  3"
"2025-26","Summer I","COMM","2004","Public Speaking","Boor","3.44","30","20","15","25","5","5","0","0","0","0","0","0","0","20","60813","  3"
"2025-26","Summer I","COMM","2004","Public Speaking","Quesenberry","3.47","15","30","40","10","5","0","0","0","0","0","0","0","0","20","60817","  3"
"2025-26","Summer I","COMM","2024","Media Writing","Jenkins","2.91","7.1","0","35.7","14.3","14.3","21.4","7.1","0","0","0","0","0","0","14","60824","  3"
"2025-26","Summer I","COMM","2024","Media Writing","Jenkins","3.04","0","11.1","11.1","55.6","22.2","0","0","0","0","0","0","0","0","9","60822","  3"
"2025-26","Summer I","COMM","2084","Media and Society","Smith","3.56","37.8","33.3","13.3","6.7","2.2","2.2","0","2.2","0","2.2","0","0","1","45","60825","  3"
"2025-26","Summer I","COMM","2124","Intro Comm Research","Holz","3.21","18.2","18.2","18.2","13.6","18.2","13.6","0","0","0","0","0","0","0","22","60826","  3"
"2025-26","Summer I","COMM","4024","Communication Law","Myers","3.21","26.1","34.8","4.3","8.7","4.3","13","0","0","4.3","0","0","4.3","0","23","60829","  3"
"2025-26","Summer I","COMM","4024","Communication Law","Myers","3.36","23.4","23.4","17","23.4","8.5","0","2.1","0","0","2.1","0","0","2","47","60830","  3"
"2025-26","Summer I","COMM","4204","Communication Internship","Smith","3.66","70","0","10","10","0","10","0","0","0","0","0","0","0","10","60831","  3"
"2025-26","Summer I","CONS","2304","Consumer and Family Finances","Cheng","3.68","45.8","25","16.7","12.5","0","0","0","0","0","0","0","0","0","24","60838","  3"
"2025-26","Summer I","CONS","2304","Consumer and Family Finances","Cheng","3.5","20","36","20","20","4","0","0","0","0","0","0","0","0","25","60839","  3"
"2025-26","Summer I","CONS","4964","Field Work/Practicum","Leech","3.53","44.4","33.3","0","0","11.1","0","11.1","0","0","0","0","0","1","9","60840","  3"
"2025-26","Summer I","CRIM","3124","Murder in American History","Branum","3.65","77.3","4.6","4.5","0","9.1","0","0","0","0","0","0","4.5","0","22","64220","  3"
"2025-26","Summer I","CRIM","3414","Criminology","Presson","3.37","63.2","21.1","0","0","0","0","0","0","5.3","0","0","10.5","0","19","64271","  3"
"2025-26","Summer I","CRIM","3434","Systems of Justice","Perdue","3.57","76.2","0","9.5","0","0","4.8","4.8","0","0","0","0","4.8","0","21","64158","  3"
"2025-26","Summer I","CRIM","4454","TS: Serial Killers","Dearden","3.95","84.6","15.4","0","0","0","0","0","0","0","0","0","0","0","13","60844","  3"
"2025-26","Summer I","CRIM","4454","TS: Sociology of Cults","McCown","3.35","53.8","7.7","15.4","7.7","0","0","0","0","7.7","7.7","0","0","0","13","64160","  3"
"2025-26","Summer I","CS","1064","Intro to Programming in Python","Wenskovitch","3.45","66.7","8.3","0","2.8","8.3","0","8.3","0","0","0","0","5.6","0","36","60850","  3"
"2025-26","Summer I","CS","1114","Intro to Software Design","Emebo","3.03","20","6.7","33.3","13.3","0","6.7","6.7","6.7","6.7","0","0","0","0","15","60852","  3"
"2025-26","Summer I","CS","2064","Intermediate Prog in Python","McPherson","3.87","76.9","7.7","15.4","0","0","0","0","0","0","0","0","0","0","13","64153","  3"
"2025-26","Summer I","CS","2064","Intermediate Prog in Python","Mondal","3.87","76.9","7.7","15.4","0","0","0","0","0","0","0","0","0","0","13","64153","  3"
"2025-26","Summer I","CS","2104","Intro to Problem Solving in CS","Emebo","3.38","60","10","5","10","0","5","0","0","0","0","5","5","0","20","60855","  3"
"2025-26","Summer I","CS","2114","Softw Des & Data Structures","Das","2.99","47.1","8.8","2.9","5.9","2.9","5.9","14.7","0","0","0","0","11.8","0","34","60856","  3"
"2025-26","Summer I","CS","2505","Intro Computer Organization","Wenskovitch","3.34","26.2","31","14.3","9.5","7.1","2.4","7.1","0","0","0","0","2.4","1","42","60857","  3"
"2025-26","Summer I","CS","2506","Intro to Computer Organization","Wenskovitch","3.29","37.7","11.6","11.6","20.3","5.8","4.3","4.3","0","0","1.4","0","2.9","0","69","60858","  3"
"2025-26","Summer I","CS","3114","Data Structures and Algorithms","Hicks","3.2","36.5","17.5","9.5","12.7","6.3","1.6","7.9","0","1.6","1.6","0","4.8","5","63","60872","  3"
"2025-26","Summer I","CS","3304","Comparative Languages","Khan","3.61","68.4","13.2","2.6","5.3","5.3","0","0","0","0","0","0","5.3","0","38","60873","  3"
"2025-26","Summer I","CS","3604","Professionalism in Computing","Dunlap","3.77","71.4","23.8","0","0","0","0","0","0","0","0","4.8","0","0","21","60874","  3"
"2025-26","Summer I","CS","3654","Intro Data Analytics & Visual","Lucero","2.67","33.3","0","11.1","22.2","11.1","0","0","0","0","0","0","22.2","0","9","60875","  3"
"2025-26","Summer I","CS","3714","Mobile Software Development","Mansur","3.79","80","10","0","3.3","0","0","3.3","3.3","0","0","0","0","0","30","60877","  3"
"2025-26","Summer I","CS","3744","Intro GUI Programming/Graphics","Mansur","3.79","88.9","0","3.7","3.7","0","0","0","0","0","0","0","3.7","2","27","64154","  3"
"2025-26","Summer I","CS","4104","Data and Algorithm Analysis","Liu","3.53","54.2","16.7","8.3","8.3","8.3","0","0","0","0","0","0","4.2","0","24","60879","  3"
"2025-26","Summer I","CS","4604","Int Data Base Mgt Sys","Hamouda","3.97","95","0","5","0","0","0","0","0","0","0","0","0","0","20","60880","  3"
"2025-26","Summer I","CS","4704","Software Engineering Capstone","Charles","3.83","42.9","57.1","0","0","0","0","0","0","0","0","0","0","0","7","64155","  3"
"2025-26","Summer I","CS","5024","Ethics & Professionalism in CS","Farghally","3.99","97.1","2.9","0","0","0","0","0","0","0","0","0","0","0","34","60909","  3"
"2025-26","Summer I","CS","5044","Object-Oriented Pgmming Java","Oliva","3.7","54.5","18.2","9.1","18.2","0","0","0","0","0","0","0","0","0","22","60911","  3"
"2025-26","Summer I","CS","5244","Web Application Development","Mengistu","3.5","26.1","26.1","21.7","21.7","4.3","0","0","0","0","0","0","0","0","23","60912","  3"
"2025-26","Summer I","CS","5244","Web Application Development","Mengistu","3.51","25","42.9","10.7","10.7","3.6","3.6","3.6","0","0","0","0","0","0","28","60913","  3"
"2025-26","Summer I","CS","5764","Information Visualization","Jafari","3.8","67.6","20.6","2.9","5.9","0","0","2.9","0","0","0","0","0","0","34","60914","  3"
"2025-26","Summer I","CS","5934","Capstone Project","Mengistu","3.77","77.4","0","0","22.6","0","0","0","0","0","0","0","0","0","31","60916","  3"
"2025-26","Summer I","ECE","1004","Introduction to ECE Concepts","Yu","2.84","12.1","12.1","12.1","21.2","12.1","3","18.2","0","6.1","3","0","0","2","33","60957","  3"
"2025-26","Summer I","ECE","1004","Introduction to ECE Concepts","Yu","3.2","25","25","12.5","0","0","37.5","0","0","0","0","0","0","0","8","60956","  3"
"2025-26","Summer I","ECE","2024","Circuits and Devices","Ball","2.93","15.8","0","5.3","31.6","21.1","26.3","0","0","0","0","0","0","0","19","60958","  3"
"2025-26","Summer I","ECE","2214","Physical Electronics","Hudait","3.27","22.2","33.3","11.1","11.1","16.7","0","0","0","0","0","0","5.6","0","18","60959","  3"
"2025-26","Summer I","ECE","2714","Signals and Systems","Lanzerotti","2.84","4","12","20","12","20","16","12","4","0","0","0","0","1","25","64214","  3"
"2025-26","Summer I","ECE","2714","Signals and Systems","Lanzerotti","3.03","11.1","22.2","11.1","11.1","11.1","33.3","0","0","0","0","0","0","0","9","60960","  3"
"2025-26","Summer I","ECE","3004","AC Circuit Analysis","Safaai-Jazi","2.72","7.1","14.3","0","21.4","14.3","21.4","7.1","14.3","0","0","0","0","0","14","60985","  3"
"2025-26","Summer I","ECE","5480","Cybersecurity and the IoT","Giles","3.96","85.7","14.3","0","0","0","0","0","0","0","0","0","0","0","21","61017","  3"
"2025-26","Summer I","ECE","5480","Cybersecurity and the IoT","Giles","3.86","80","0","20","0","0","0","0","0","0","0","0","0","0","5","61016","  3"
"2025-26","Summer I","ECE","5484","Fundamentals Computer Systems","Soysal","3.66","77.1","5.7","5.7","0","5.7","0","0","0","0","0","2.9","2.9","0","35","61018","  3"
"2025-26","Summer I","ECON","2005","Principles of Economics","Tavakoli Jaghargh","3.41","36.1","8.3","22.2","19.4","8.3","2.8","2.8","0","0","0","0","0","0","36","61748","  3"
"2025-26","Summer I","ECON","2005","Principles of Economics","Rezaei Aderiani","3.51","32.4","24.3","21.6","8.1","10.8","2.7","0","0","0","0","0","0","1","37","61747","  3"
"2025-26","Summer I","ECON","2006","Principles of Economics","Sukhee","3.37","9.1","54.6","18.2","0","0","9.1","9.1","0","0","0","0","0","0","11","61749","  3"
"2025-26","Summer I","ECON","2006","Principles of Economics","Lkhagvadorj","3.53","47.1","17.7","11.8","5.9","5.9","11.8","0","0","0","0","0","0","0","17","61750","  3"
"2025-26","Summer I","ECON","3004","Contemporary Economic Issues","Gebremariam","3.57","36.4","18.2","27.3","18.2","0","0","0","0","0","0","0","0","0","11","61751","  3"
"2025-26","Summer I","ECON","3104","Microeconomic Theory","Park","2.98","9.1","36.4","18.2","0","9.1","0","18.2","0","0","0","9.1","0","0","11","61752","  3"
"2025-26","Summer I","ECON","3204","Macroeconomic Theory","Lahiri","3.26","23.5","29.4","17.6","5.9","5.9","11.8","0","0","0","0","5.9","0","0","17","61753","  3"
"2025-26","Summer I","ECON","3254","Analysis of Economic Data","Gong","2.59","14.3","0","14.3","14.3","28.6","0","0","14.3","0","0","14.3","0","0","7","61754","  3"
"2025-26","Summer I","ECON","3954","Study Abroad: ECON of Tourism","Tantihkarnchana","4","100","0","0","0","0","0","0","0","0","0","0","0","0","15","61755","  3"
"2025-26","Summer I","EDCI","5104","Schooling in American Society","Hunt","3.91","81.8","13.6","0","4.5","0","0","0","0","0","0","0","0","0","22","61778","  3"
"2025-26","Summer I","EDCI","5264","Comp and Cont Rdg","Kuehl","3.63","69.6","4.4","4.3","4.3","8.7","0","8.7","0","0","0","0","0","0","23","61779","  3"
"2025-26","Summer I","EDCI","5274","Curr & Instr Elem Math Pre-K-3","Kreye","3.75","84.6","7.7","0","0","0","0","0","0","0","7.7","0","0","0","13","61780","  3"
"2025-26","Summer I","EDCI","5414","Early Literacy Inst (PK-3)","Fortune","3.75","84.6","7.7","0","0","0","0","0","0","0","7.7","0","0","0","13","61784","  3"
"2025-26","Summer I","EDCI","5554","Educ Except Learners","Washburn","3.92","92.3","0","0","7.7","0","0","0","0","0","0","0","0","0","13","64386","  3"
"2025-26","Summer I","EDCI","5984","SS: Adv Top in Gen Mus","Foster","3.33","66.7","0","0","16.7","0","0","0","0","0","16.7","0","0","0","6","64304","  3"
"2025-26","Summer I","EDCO","2004","Healthy Relationships","Mack","3.8","73.9","13","4.3","4.3","0","0","4.3","0","0","0","0","0","0","23","61816","  3"
"2025-26","Summer I","EDCO","2004","Healthy Relationships","Mack","3.88","87.5","8.3","0","0","0","0","0","4.2","0","0","0","0","0","24","61815","  3"
"2025-26","Summer I","EDCO","5204","Orient Profsnl Cslg","Lawson","4","100","0","0","0","0","0","0","0","0","0","0","0","0","20","61818","  3"
"2025-26","Summer I","EDCO","5354","Addictions Counseling","Collins","3.94","94.4","0","0","5.6","0","0","0","0","0","0","0","0","0","18","64218","  3"
"2025-26","Summer I","EDCO","5364","School Counseling","Henry","4","100","0","0","0","0","0","0","0","0","0","0","0","0","8","61820","  3"
"2025-26","Summer I","EDCO","5374","Clin Mental Health Counseling","Bayne","4","100","0","0","0","0","0","0","0","0","0","0","0","0","11","61821","  3"
"2025-26","Summer I","EDCO","5514","Counseling Evidence-Base Rsrch","Locklear","4","100","0","0","0","0","0","0","0","0","0","0","0","0","17","61822","  3"
"2025-26","Summer I","EDCO","6534","DSM Application in Counseling","Welfare","4","100","0","0","0","0","0","0","0","0","0","0","0","0","20","61824","  3"
"2025-26","Summer I","EDCO","6984","SS: Animal Assisted Counseling","Davis","4","100","0","0","0","0","0","0","0","0","0","0","0","0","6","64389","  3"
"2025-26","Summer I","EDEL","5114","Leader and Change in P-12 Educ","Brinkmann","4","100","0","0","0","0","0","0","0","0","0","0","0","0","16","64235","  3"
"2025-26","Summer I","EDEL","5164","Research, Assess K-12 Leaders","Monroe","4","100","0","0","0","0","0","0","0","0","0","0","0","0","13","64228","  3"
"2025-26","Summer I","EDEL","6014","Admin Instruct Progs","Lowery","4","100","0","0","0","0","0","0","0","0","0","0","0","0","8","61836","  3"
"2025-26","Summer I","EDEL","6034","Plan Ed Facilities","Cash","4","100","0","0","0","0","0","0","0","0","0","0","0","0","8","61837","  3"
"2025-26","Summer I","EDEL","6104","Lit Rev in K-12 Ed Leadership","Lowery","4","100","0","0","0","0","0","0","0","0","0","0","0","0","7","64229","  3"
"2025-26","Summer I","EDEL","6134","Adv Public School Finance","Alexander","4","100","0","0","0","0","0","0","0","0","0","0","0","0","7","64230","  3"
"2025-26","Summer I","EDEL","6254","Legal Aspects Spec Ed","Cash","4","100","0","0","0","0","0","0","0","0","0","0","0","0","11","61838","  3"
"2025-26","Summer I","EDEL","6914","Problems in Education","Cash","4","100","0","0","0","0","0","0","0","0","0","0","0","0","11","61839","  1"
"2025-26","Summer I","EDEL","6914","Problems in Education","Brinkmann","4","100","0","0","0","0","0","0","0","0","0","0","0","0","8","61840","  3"
"2025-26","Summer I","EDEP","5154","Psych Foundations for Teachers","Jones","3.53","38.1","28.6","14.3","4.8","4.8","4.8","4.8","0","0","0","0","0","0","21","61847","  3"
"2025-26","Summer I","EDRE","6794","TS: Case Study Methods","Lane","3.91","87.5","0","12.5","0","0","0","0","0","0","0","0","0","0","8","64225","  3"
"2025-26","Summer I","ENGE","1014","Engineering Success Seminar","Chin","3.96","90.3","6.5","3.2","0","0","0","0","0","0","0","0","0","0","31","61909","  1"
"2025-26","Summer I","ENGE","1215","Foundations of Engineering","Wallwey","3.69","67.7","12.9","3.2","6.5","3.2","0","3.2","3.2","0","0","0","0","0","31","61910","  2"
"2025-26","Summer I","ENGE","1216","Foundations of Engineering","Twyman","3.79","64.3","25","3.6","0","3.6","3.6","0","0","0","0","0","0","0","28","61911","  2"
"2025-26","Summer I","ENGE","2094","Create!: Ideation & Innovation","Bairaktarova","4","100","0","0","0","0","0","0","0","0","0","0","0","0","15","61912","  3"
"2025-26","Summer I","ENGL","1105","First-Year Writing","Corradi","3.53","25","25","33.3","16.7","0","0","0","0","0","0","0","0","0","12","61941","  3"
"2025-26","Summer I","ENGL","1105","First-Year Writing","Austin","3.86","70.6","17.7","11.8","0","0","0","0","0","0","0","0","0","0","17","61942","  3"
"2025-26","Summer I","ENGL","1105","First-Year Writing","Bennington","4","100","0","0","0","0","0","0","0","0","0","0","0","0","5","61943","  3"
"2025-26","Summer I","ENGL","1106","First-Year Writing","Marzolf","3.03","41.7","0","16.7","0","16.7","0","8.3","8.3","0","0","8.3","0","0","12","61948","  3"
"2025-26","Summer I","ENGL","1106","First-Year Writing","Hall","3.38","53.8","7.7","15.4","7.7","7.7","0","0","0","0","0","0","7.7","0","13","61944","  3"
"2025-26","Summer I","ENGL","1106","First-Year Writing","Becker","3.07","57.1","0","0","21.4","0","0","7.1","0","0","0","0","14.3","0","14","61946","  3"
"2025-26","Summer I","ENGL","1106","First-Year Writing","Drapeau","3.1","21.4","21.4","14.3","14.3","7.1","7.1","7.1","0","0","0","7.1","0","1","14","61945","  3"
"2025-26","Summer I","ENGL","1106","First-Year Writing","Corwin","2.59","20","20","0","20","6.7","6.7","0","6.7","0","0","0","20","0","15","61947","  3"
"2025-26","Summer I","ENGL","1614","Introduction to Short Fiction","Johnson","3.62","69.2","7.7","7.7","0","0","0","15.4","0","0","0","0","0","0","13","61949","  3"
"2025-26","Summer I","ENGL","1704","The Harry Potter Phenomenon","Baker","3.71","72.2","11.1","5.6","0","0","5.6","0","5.6","0","0","0","0","0","18","61950","  3"
"2025-26","Summer I","ENGL","2444","Greek and Roman Myth","Phillips","3.73","50","33.3","0","16.7","0","0","0","0","0","0","0","0","0","6","64365","  3"
"2025-26","Summer I","ENGL","2744","Intro to Creative Writing","Truscello","3.59","76.5","11.8","0","0","0","0","0","0","0","5.9","5.9","0","0","17","61953","  3"
"2025-26","Summer I","ENGL","2744","Intro to Creative Writing","Craig","3.84","89.5","0","5.3","0","0","0","0","5.3","0","0","0","0","1","19","61952","  3"
"2025-26","Summer I","ENGL","3764","Technical Writing","Saeidfar","3.53","58.3","16.7","8.3","0","0","0","8.3","8.3","0","0","0","0","0","12","61959","  3"
"2025-26","Summer I","ENGL","3764","Technical Writing","Nath","3.9","76.9","15.4","7.7","0","0","0","0","0","0","0","0","0","0","13","61965","  3"
"2025-26","Summer I","ENGL","3764","Technical Writing","Mooney","3.81","85.7","0","0","7.1","0","7.1","0","0","0","0","0","0","0","14","61958","  3"
"2025-26","Summer I","ENGL","3764","Technical Writing","Ruccolo","3.98","92.9","7.1","0","0","0","0","0","0","0","0","0","0","0","14","61966","  3"
"2025-26","Summer I","ENGL","3764","Technical Writing","Mooney","3.95","93.3","0","6.7","0","0","0","0","0","0","0","0","0","0","15","61963","  3"
"2025-26","Summer I","ENGL","3764","Technical Writing","Ryan","3.6","80","0","0","0","0","6.7","6.7","6.7","0","0","0","0","0","15","61961","  3"
"2025-26","Summer I","ENGL","3764","Technical Writing","Patcha-Lum","3.56","88.9","0","0","0","0","0","0","0","0","0","0","11.1","0","9","61960","  3"
"2025-26","Summer I","ENGL","3844","Writing and Digital Media","Lewis","3.98","94.1","5.9","0","0","0","0","0","0","0","0","0","0","0","17","61967","  3"
"2025-26","Summer I","ENGL","4954","Study Abroad","Carmichael","3.97","92.3","7.7","0","0","0","0","0","0","0","0","0","0","0","13","61968","  3"
"2025-26","Summer I","ESM","2104","Statics","Galitz","2.96","23.5","17.7","5.9","11.8","0","11.8","17.6","11.8","0","0","0","0","0","17","62015","  3"
"2025-26","Summer I","ESM","2104","Statics","Bolton","3.22","16.7","16.7","33.3","16.7","0","0","16.7","0","0","0","0","0","1","6","62014","  3"
"2025-26","Summer I","ESM","2204","Mechanics of Deformable Bodies","Gragg","3.59","18.2","54.6","9.1","18.2","0","0","0","0","0","0","0","0","0","11","64309","  3"
"2025-26","Summer I","ESM","2204","Mechanics of Deformable Bodies","Aidi","3.32","13.3","33.3","6.7","33.3","6.7","6.7","0","0","0","0","0","0","0","15","62016","  3"
"2025-26","Summer I","ESM","2204","Mechanics of Deformable Bodies","Gragg","3.01","5.9","17.7","0","47.1","11.8","11.8","5.9","0","0","0","0","0","0","17","64177","  3"
"2025-26","Summer I","ESM","2304","Dynamics","Pendar","2.52","12.5","6.3","12.5","12.5","12.5","12.5","18.8","0","0","0","0","12.5","0","16","62018","  3"
"2025-26","Summer I","ESM","2304","Dynamics","Tahmasian","2.08","12.5","4.2","0","0","0","25","4.2","29.2","12.5","8.3","4.2","0","0","24","62017","  3"
"2025-26","Summer I","ESM","3704","Basic Principles of Structures","Lord","3.6","40","20","20","20","0","0","0","0","0","0","0","0","0","10","64176","  3"
"2025-26","Summer I","FIN","3054","Legal & Ethical Env of Bus","Showalter","3.43","30","24","18","14","12","0","0","0","0","0","0","2","0","50","62044","  3"
"2025-26","Summer I","FIN","3104","Introduction to Finance","Hart","3.44","46.7","16.7","13.3","6.7","5","0","3.3","5","0","3.3","0","0","1","60","62045","  3"
"2025-26","Summer I","FIN","3104","Introduction to Finance","Powell","3.13","7.8","23.4","21.9","21.9","10.9","7.8","4.7","0","0","0","0","1.6","0","64","64422","  3"
"2025-26","Summer I","FIN","3134","Financial Analytics","Hart","3.11","23.7","7.9","23.7","18.4","7.9","7.9","2.6","2.6","0","2.6","2.6","0","1","38","62046","  3"
"2025-26","Summer I","FIN","3144","Investments:Debt,Equity,&Deriv","Lineberry","2.77","16.7","4.2","16.7","8.3","8.3","29.2","12.5","0","0","0","0","4.2","0","24","62047","  3"
"2025-26","Summer I","FIN","3154","Corporate Financial Analytics","Lineberry","2.69","13.3","6.7","6.7","20","13.3","20","13.3","0","0","0","0","6.7","2","15","62048","  3"
"2025-26","Summer I","FIN","4014","Cyberlaw and Policy","Malone","3.12","0","18.2","22.7","45.5","9.1","0","4.5","0","0","0","0","0","0","22","64178","  3"
"2025-26","Summer I","FIN","5964","Field Study","Livingston","3.85","50","50","0","0","0","0","0","0","0","0","0","0","0","6","62049","  2"
"2025-26","Summer I","FIW","2114","Prin Fish and Wildl","Hamed","3.85","63.6","27.3","9.1","0","0","0","0","0","0","0","0","0","1","11","62053","  3"
"2025-26","Summer I","FR","3954","Study Abroad: VT in Paris 3","Johnson","3.96","87.5","12.5","0","0","0","0","0","0","0","0","0","0","0","8","62101","  3"
"2025-26","Summer I","FR","3954","Study Abroad: VT in Paris 4","Johnson","3.96","87.5","12.5","0","0","0","0","0","0","0","0","0","0","0","8","62102","  3"
"2025-26","Summer I","FREC","1004","Digital Planet","Gannon","3.25","53.3","6.7","13.3","6.7","6.7","0","0","0","0","0","6.7","6.7","0","15","62114","  3"
"2025-26","Summer I","FREC","2004","Forest Ecosystems","Strahm","3.83","78.6","0","14.3","7.1","0","0","0","0","0","0","0","0","0","14","62115","  3"
"2025-26","Summer I","GEOG","1004","Intro Human Geography","Oliver","2.86","22.2","22.2","11.1","11.1","0","11.1","0","11.1","0","0","0","11.1","0","9","62164","  3"
"2025-26","Summer I","GEOG","1014","World Regions","Boyer","3.65","76.5","5.9","5.9","0","0","0","5.9","0","0","5.9","0","0","1","17","62165","  3"
"2025-26","Summer I","GEOG","1084","Digital Planet","Gannon","3.27","55.6","22.2","0","0","0","0","11.1","0","0","0","0","11.1","0","9","62166","  3"
"2025-26","Summer I","GEOG","2084","Principles of GIS","Rijal","3.66","52.9","29.4","0","5.9","5.9","0","5.9","0","0","0","0","0","1","17","62170","  3"
"2025-26","Summer I","GEOG","4054","Geography of Wine","Boyer","4","100","0","0","0","0","0","0","0","0","0","0","0","0","8","62173","  3"
"2025-26","Summer I","GEOG","4354","Introduction to Remote Sensing","Rijal","3.58","45.5","18.2","9.1","18.2","9.1","0","0","0","0","0","0","0","0","11","62174","  3"
"2025-26","Summer I","GEOS","1004","Introduction to Earth Science","Neser","3.69","64.5","12.9","3.2","9.7","6.5","0","3.2","0","0","0","0","0","0","31","62192","  3"
"2025-26","Summer I","GEOS","1024","Earth Resources, Soc, & Env","Neser","3.61","76.5","5.9","0","5.9","5.9","0","0","0","0","0","0","5.9","0","17","62193","  3"
"2025-26","Summer I","GEOS","1054","Age of Dinosaurs","Nohomovich","2.91","45.5","0","9.1","18.2","0","0","9.1","0","0","0","9.1","9.1","1","11","62194","  3"
"2025-26","Summer I","GIA","5214","Contemporary Political Theory","Alphin","3.96","85.7","14.3","0","0","0","0","0","0","0","0","0","0","0","7","62217","  3"
"2025-26","Summer I","HD","1004","Childhood and Adolescence","Ucar","3.57","50","30","5","0","0","5","5","5","0","0","0","0","1","20","62320","  3"
"2025-26","Summer I","HD","1134","Intro to Disabilities Studies","Toman","3.74","72.7","4.6","9.1","9.1","0","0","4.5","0","0","0","0","0","0","22","62321","  3"
"2025-26","Summer I","HD","2004","Adulthood and Aging","Seago","2.91","36.8","5.3","0","5.3","21.1","5.3","10.5","5.3","0","5.3","5.3","0","1","19","62322","  3"
"2025-26","Summer I","HD","2014","Integrative Health Practices","Komelski","3.64","72.7","0","9.1","9.1","0","0","0","9.1","0","0","0","0","0","11","62323","  3"
"2025-26","Summer I","HD","2336","Principles of Human Services","Srinivasan","3.66","69.2","0","15.4","0","7.7","7.7","0","0","0","0","0","0","0","13","62325","  3"
"2025-26","Summer I","HD","4964","Field Study","Henderson","3.77","78.1","9.4","0","6.3","3.1","0","3.1","0","0","0","0","0","0","32","62331","  3"
"2025-26","Summer I","HD","5964","Practicum","Case Pease","3.81","71.4","14.3","0","14.3","0","0","0","0","0","0","0","0","0","7","62340","  1"
"2025-26","Summer I","HIST","1115","History of the United States","Minor","3.02","28.6","19.1","14.3","19","4.8","0","0","0","0","0","0","14.3","0","21","62347","  3"
"2025-26","Summer I","HIST","1116","History of the United States","McKagen","3.49","64.3","21.4","0","0","0","0","0","7.1","0","0","0","7.1","1","14","62348","  3"
"2025-26","Summer I","HIST","1215","Intro to World History","Nurani","3.71","58.3","25","0","0","16.7","0","0","0","0","0","0","0","0","12","62349","  3"
"2025-26","Summer I","HIST","2054","Engineering Cultures","Nazemi","3.23","50","33.3","0","0","0","0","0","0","0","0","0","16.7","0","6","62351","  3"
"2025-26","Summer I","HIST","2604","Intro Data in Social Context","Davitt","3.94","80","20","0","0","0","0","0","0","0","0","0","0","0","10","62352","  3"
"2025-26","Summer I","HIST","2604","Intro Data in Social Context","Steinhauer","3.8","80","10","0","0","0","10","0","0","0","0","0","0","0","10","62353","  3"
"2025-26","Summer I","HIST","3124","Murder in American History","Branum","3.84","76.2","9.5","9.5","0","4.8","0","0","0","0","0","0","0","0","21","64219","  3"
"2025-26","Summer I","HIST","3544","World War II","Douglas","3.06","35.7","14.3","7.1","14.3","14.3","0","0","0","0","0","7.1","7.1","0","14","64221","  3"
"2025-26","Summer I","HNFE","1004","Foods, Nutrition And Exercise","Gaines","3.53","54.8","3.2","9.7","22.6","3.2","0","6.5","0","0","0","0","0","0","31","62376","  3"
"2025-26","Summer I","HNFE","1804","Principles of Sport Science","Williams","3.91","81.8","9.1","9.1","0","0","0","0","0","0","0","0","0","0","11","62378","  3"
"2025-26","Summer I","HNFE","1804","Principles of Sport Science","Williams","3.86","80","0","20","0","0","0","0","0","0","0","0","0","0","5","64438","  3"
"2025-26","Summer I","HNFE","2204","Medical Terminology","Eaton","3.95","92.9","0","7.1","0","0","0","0","0","0","0","0","0","0","28","62379","  3"
"2025-26","Summer I","HNFE","2664","Behav Theory in Hlth Promotion","Furr","3.91","88.2","5.9","0","0","5.9","0","0","0","0","0","0","0","0","17","62380","  3"
"2025-26","Summer I","HNFE","4025","Metabolic Nutrition","Anderson","3.22","29.4","14.7","23.5","2.9","14.7","0","8.8","0","2.9","0","2.9","0","0","34","62381","  3"
"2025-26","Summer I","HNFE","4026","Metabolic Nutrition","Good","3.3","42.4","15.2","15.2","3","3","3","6.1","6.1","6.1","0","0","0","0","33","62382","  3"
"2025-26","Summer I","HNFE","4644","Health Counseling","Myers","3.82","40","60","0","0","0","0","0","0","0","0","0","0","0","5","62383","  3"
"2025-26","Summer I","HNFE","5214","Physical Activity and Health","Anderson","3.8","70","10","10","10","0","0","0","0","0","0","0","0","0","10","64141","  3"
"2025-26","Summer I","HNFE","5314","Bus Dietetics Healthcare","Chang","3.97","90","10","0","0","0","0","0","0","0","0","0","0","0","10","62386","  3"
"2025-26","Summer I","HNFE","5344","Nutr Coun for Behav Change","Foster","4","100","0","0","0","0","0","0","0","0","0","0","0","0","10","62387","  3"
"2025-26","Summer I","HNFE","5354","Food for Optimal Health","Parker","3.89","94.7","0","0","0","0","0","5.3","0","0","0","0","0","0","19","62388","  3"
"2025-26","Summer I","HNFE","5704","Diet Prof Mgt Supervise Pract","Chang","4","100","0","0","0","0","0","0","0","0","0","0","0","0","10","64276","  2"
"2025-26","Summer I","HNFE","5714","Community Nutr Supervise Pract","Parker","3.56","88.9","0","0","0","0","0","0","0","0","0","0","11.1","0","9","64275","  4"
"2025-26","Summer I","HNFE","5724","Foodserv Mgmt Supervise Pract","Parker","4","100","0","0","0","0","0","0","0","0","0","0","0","0","10","64277","  3"
"2025-26","Summer I","HORT","2144","Indoor Plants","Kardos","3.61","73.3","13.3","0","0","6.7","0","0","0","0","0","0","6.7","0","15","62406","  3"
"2025-26","Summer I","HORT","4334","Greenhouse & CEA Management","Kardos","3","25","12.5","0","25","0","12.5","25","0","0","0","0","0","0","8","64152","  3"
"2025-26","Summer I","HTM","2314","Intro International Business","Raschke","3.33","26.7","33.3","0","26.7","0","0","0","13.3","0","0","0","0","0","15","62408","  3"
"2025-26","Summer I","HTM","3484","Socio-Cult Impacts of Tourism","Ko","3.97","90.9","9.1","0","0","0","0","0","0","0","0","0","0","0","11","64169","  3"
"2025-26","Summer I","HTM","4354","IT & Social Media in HTM","Han","3.83","75","5","15","5","0","0","0","0","0","0","0","0","0","20","62417","  3"
"2025-26","Summer I","HTM","5984","SS: Hospitality Real Estate","Burnett","3.84","45.5","54.6","0","0","0","0","0","0","0","0","0","0","0","11","64325","  3"
"2025-26","Summer I","HTM","5984","SS: Hospitality Real Estate","McDonald","3.84","45.5","54.6","0","0","0","0","0","0","0","0","0","0","0","11","64325","  3"
"2025-26","Summer I","HUM","1504","Into to Pop Culture","Wheeler","4","100","0","0","0","0","0","0","0","0","0","0","0","0","5","64249","  3"
"2025-26","Summer I","IDS","2044","Human Factors","Kirkland","3.6","60","20","0","0","0","20","0","0","0","0","0","0","0","5","64179","  3"
"2025-26","Summer I","IDS","2214","IDS Studio for Minors","Hauptman","3.79","62.5","12.5","25","0","0","0","0","0","0","0","0","0","0","8","62448","  6"
"2025-26","Summer I","IS","2054","Introduction to World Politics","Gignoux","3.43","42.9","28.6","14.3","0","0","0","0","0","14.3","0","0","0","0","7","62456","  3"
"2025-26","Summer I","IS","3125","Intelligence & Natl Security","Hodges","3.63","28.6","42.9","14.3","14.3","0","0","0","0","0","0","0","0","0","7","62460","  3"
"2025-26","Summer I","IS","3734","National Security","Burkette","3.71","62.5","12.5","0","25","0","0","0","0","0","0","0","0","0","8","64311","  3"
"2025-26","Summer I","IS","3984","SS: DC Exp-Gov & Int'l Affairs","Levinson","4","100","0","0","0","0","0","0","0","0","0","0","0","0","5","64347","  3"
"2025-26","Summer I","ISE","2004","Introduction to ISE","Lee","3.18","45.5","0","0","36.4","0","0","9.1","0","0","9.1","0","0","0","11","62474","  1"
"2025-26","Summer I","ISE","2014","Engineering Economy","Yang","3.65","52.9","23.5","5.9","11.8","0","0","5.9","0","0","0","0","0","0","17","62475","  2"
"2025-26","Summer I","ISE","2024","Prob Foundations for ISEs","MohammadiJozani","3.22","40.8","6.1","14.3","4.1","10.2","10.2","6.1","8.2","0","0","0","0","0","49","62476","  3"
"2025-26","Summer I","ISE","2034","Data Management for ISEs","Nguyen","3.67","62.5","12.5","0","12.5","12.5","0","0","0","0","0","0","0","0","8","62477","  3"
"2025-26","Summer I","ISE","2404","Determ Operations Research I","Hildebrand","2.99","15.8","21.1","7.9","23.7","21.1","0","0","2.6","0","0","0","7.9","0","38","62479","  3"
"2025-26","Summer I","ISE","3034","Tech Comm for Engineers","Carper","2.85","0","0","41.7","16.7","16.7","8.3","16.7","0","0","0","0","0","0","12","62483","  3"
"2025-26","Summer I","ISE","3214","Facilities and Logistics","Cetinkaya","3.38","42.1","0","36.8","0","10.5","0","5.3","5.3","0","0","0","0","0","19","62484","  3"
"2025-26","Summer I","ISE","3414","Prob Operations Research","Savage","3.66","52","24","8","8","4","0","4","0","0","0","0","0","0","25","62485","  3"
"2025-26","Summer I","ISE","3424","Discrete-Event Simulation","Zhao","3.23","24","4","16","36","16","0","4","0","0","0","0","0","0","25","62488","  3"
"2025-26","Summer I","ISE","3624","Industrial Ergonomics","Madigan","2.31","0","5.3","5.3","10.5","36.8","5.3","10.5","5.3","15.8","0","0","5.3","0","19","62490","  3"
"2025-26","Summer I","ISE","4204","Production Plan Inventory Ctrl","Chan","3.25","24.2","21.2","21.2","15.2","6.1","3","3","3","0","0","0","3","0","33","62491","  3"
"2025-26","Summer I","ITAL","2404","European Food Practices","Steinert Borella","3.96","88.2","11.8","0","0","0","0","0","0","0","0","0","0","0","17","64209","  3"
"2025-26","Summer I","JMC","3154","Multimedia Reporting","Robinson","2.28","16.7","0","0","33.3","0","0","22.2","0","0","16.7","0","11.1","2","18","62529","  3"
"2025-26","Summer I","JMC","4044","International Communication","Stinson","4","100","0","0","0","0","0","0","0","0","0","0","0","1","15","62530","  3"
"2025-26","Summer I","JMC","4264","Social Media Theory & Practice","Watkins","2.7","20","6.7","26.7","13.3","0","6.7","6.7","0","6.7","0","0","13.3","0","15","62532","  3"
"2025-26","Summer I","JMC","4264","Social Media Theory & Practice","Watkins","3.34","47.1","11.8","11.8","0","11.8","5.9","5.9","0","0","5.9","0","0","0","17","62533","  3"
"2025-26","Summer I","JPN","1105","Elementary Japanese","Simmerman","4","100","0","0","0","0","0","0","0","0","0","0","0","0","7","62534","  3"
"2025-26","Summer I","JPN","3954","Study Abroad: Kyoto, Japan I","Kumazawa","3.83","88.9","0","0","5.6","0","0","5.6","0","0","0","0","0","0","18","62539","  3"
"2025-26","Summer I","JPN","3954","Study Abroad: Kyoto, Japan II","Kumazawa","3.83","88.9","0","0","5.6","0","0","5.6","0","0","0","0","0","0","18","62540","  3"
"2025-26","Summer I","LAR","1014","LAR Foundation Design Lab","Rosier","3.58","30","40","10","10","10","0","0","0","0","0","0","0","0","10","64162","  6"
"2025-26","Summer I","LDRS","5454","Leadership Diverse Contexts","Walz","3.8","60","20","20","0","0","0","0","0","0","0","0","0","0","5","64328","  3"
"2025-26","Summer I","MATH","1014","Precalc with Transcendental","Walker","2.09","6.7","6.7","0","6.7","6.7","33.3","13.3","6.7","0","0","6.7","13.3","0","15","62635","  3"
"2025-26","Summer I","MATH","1025","Elementary Calculus","Pidaparthi","2.15","2.9","8.8","2.9","17.6","8.8","14.7","8.8","11.8","2.9","8.8","0","11.8","2","34","62637","  3"
"2025-26","Summer I","MATH","1025","Elementary Calculus","Sharpe","1.98","10","5","5","15","5","12.5","15","0","2.5","2.5","0","27.5","3","40","62636","  3"
"2025-26","Summer I","MATH","1026","Elementary Calculus","England","3.3","42.4","12.1","6.1","15.2","9.1","0","6.1","6.1","0","3","0","0","1","33","62638","  3"
"2025-26","Summer I","MATH","1214","Preparation for Calculus","Yang","2.75","10","30","10","0","20","0","10","0","0","10","10","0","0","10","62640","  3"
"2025-26","Summer I","MATH","1225","Calculus of a Single Variable","Pei","2.68","28","4","12","8","8","4","4","16","0","12","0","4","3","25","62642","  4"
"2025-26","Summer I","MATH","1225","Calculus of a Single Variable","Mozaffarikhah","2.03","3.1","12.5","9.4","3.1","6.3","12.5","12.5","9.4","3.1","9.4","6.3","12.5","3","32","64262","  4"
"2025-26","Summer I","MATH","1226","Calculus of a Single Variable","Chenicheri Chathoth","2","4.3","4.4","4.3","0","26.1","8.7","4.3","17.4","8.7","8.7","4.3","8.7","3","23","62646","  4"
"2025-26","Summer I","MATH","1226","Calculus of a Single Variable","Flanagan","2.34","3.2","9.7","6.5","9.7","29","9.7","9.7","3.2","3.2","3.2","3.2","9.7","2","31","62645","  4"
"2025-26","Summer I","MATH","1524","Business Calculus","Jones","2.56","14.3","9.5","7.1","11.9","9.5","4.8","14.3","21.4","0","2.4","0","4.8","2","42","62648","  4"
"2025-26","Summer I","MATH","1524","Business Calculus","Agud","3.05","17.6","17.7","15.7","15.7","9.8","7.8","9.8","3.9","0","0","0","2","4","51","62647","  4"
"2025-26","Summer I","MATH","2114","Introduction to Linear Algebra","Kasebian","2.56","13.6","11.4","13.6","9.1","11.4","9.1","2.3","11.4","6.8","0","4.5","6.8","3","44","62650","  3"
"2025-26","Summer I","MATH","2114","Introduction to Linear Algebra","Cvitanov","2.84","3.9","11.8","15.7","33.3","7.8","11.8","7.8","3.9","0","2","0","2","1","51","62649","  3"
"2025-26","Summer I","MATH","2204","Intro Multivariable Calculus","Soomro","3.14","41.5","7.3","14.6","7.3","7.3","2.4","2.4","7.3","4.9","0","2.4","2.4","0","41","62652","  3"
"2025-26","Summer I","MATH","2204","Intro Multivariable Calculus","Letona Bolivar","2.62","6.1","0","16.3","20.4","20.4","12.2","10.2","10.2","0","0","2","2","0","49","62651","  3"
"2025-26","Summer I","MATH","2214","Intro Diff Equations","Ouliaei-Nia","3.19","38.5","2.6","10.3","33.3","2.6","0","2.6","2.6","0","5.1","0","2.6","1","39","62653","  3"
"2025-26","Summer I","MATH","2214","Intro Diff Equations","Elsrrawi","3.13","25","14.6","20.8","12.5","10.4","4.2","0","6.3","2.1","0","2.1","2.1","0","48","62654","  3"
"2025-26","Summer I","MATH","2534","Intro Discrete Math","Quinlan","3.17","22.6","19.4","12.9","22.6","3.2","0","9.7","9.7","0","0","0","0","2","31","62655","  3"
"2025-26","Summer I","MATH","3034","Introduction to Proofs","Barreto","2.86","20","0","40","0","0","0","20","20","0","0","0","0","0","5","62660","  3"
"2025-26","Summer I","MATH","3124","Modern Algebra","Chung","2.63","28.6","28.6","0","0","0","14.3","0","0","0","0","14.3","14.3","0","7","62661","  3"
"2025-26","Summer I","MATH","3134","Applied Combinatorics","Clemons","3.57","44.2","20.9","11.6","11.6","7","4.7","0","0","0","0","0","0","0","43","64261","  3"
"2025-26","Summer I","MATH","3214","Calculus of Several Variables","Hammer","3.47","42.9","14.3","14.3","14.3","0","14.3","0","0","0","0","0","0","0","7","62664","  3"
"2025-26","Summer I","MATH","4175","Cryptography","Manoharan","3.55","42.1","21.1","10.5","15.8","5.3","5.3","0","0","0","0","0","0","0","19","64260","  3"
"2025-26","Summer I","MATH","4564","Operational Methods","Alam","3.11","23.5","23.5","11.8","11.8","11.8","0","5.9","5.9","0","0","2.9","2.9","0","34","62666","  3"
"2025-26","Summer I","ME","2004","Eng Analysis Numerical Methods","Galitz","3.29","30.8","23.1","0","15.4","15.4","7.7","7.7","0","0","0","0","0","0","13","64338","  3"
"2025-26","Summer I","ME","2134","Thermodynamics","Gonzales","2.59","0","0","22.2","0","44.4","22.2","0","0","11.1","0","0","0","1","9","64331","  4"
"2025-26","Summer I","ME","3534","Controls Engineering I","Pressgrove","2.91","29.6","14.8","3.7","25.9","3.7","0","3.7","3.7","0","3.7","0","11.1","0","27","62686","  4"
"2025-26","Summer I","ME","4005","Mechanical Engineering Lab","Nowinski","3.46","54.9","7.8","9.8","9.8","5.9","5.9","0","3.9","0","0","0","2","0","51","62689","  3"
"2025-26","Summer I","MGT","1104","Foundations of Business","Boyette","3.11","16.7","16.7","23.3","13.3","13.3","10","0","0","0","6.7","0","0","0","30","63056","  3"
"2025-26","Summer I","MGT","2064","Foundations Entrepreneurship","Reed","3.34","20","40","15","5","5","5","0","10","0","0","0","0","0","20","63057","  3"
"2025-26","Summer I","MGT","2314","Intro International Business","Raschke","3.26","31.6","5.3","26.3","26.3","5.3","0","0","0","0","0","0","5.3","0","19","63058","  3"
"2025-26","Summer I","MGT","2314","Intro International Business","Kim","3.42","50","12.5","0","25","0","0","0","12.5","0","0","0","0","0","8","63059","  3"
"2025-26","Summer I","MGT","3304","Mgt Th & Lead Pract","Cordova","3.09","42.9","7.1","21.4","0","0","14.3","0","0","0","7.1","0","7.1","0","14","64170","  3"
"2025-26","Summer I","MGT","3404","Principles of Management","Deck","2.57","12.5","8.3","12.5","8.3","12.5","4.2","25","8.3","0","0","4.2","4.2","4","24","63060","  3"
"2025-26","Summer I","MGT","3404","Principles of Management","Mer","2.83","6.7","13.3","13.3","16.7","23.3","10","13.3","0","0","0","0","3.3","3","30","63061","  3"
"2025-26","Summer I","MGT","4394","Strategic Management","Slagel","3.42","7.5","40","27.5","20","5","0","0","0","0","0","0","0","0","40","63065","  3"
"2025-26","Summer I","MGT","4394","Strategic Management","Lewis","3.75","48","32","16","4","0","0","0","0","0","0","0","0","0","50","63064","  3"
"2025-26","Summer I","MGT","5614","Designing & Managing Orgs","Hodge","3.73","57.7","23.1","3.8","7.7","7.7","0","0","0","0","0","0","0","0","26","63068","  2"
"2025-26","Summer I","MGT","5634","Strategic Business Environment","Simpson","3.98","92.3","7.7","0","0","0","0","0","0","0","0","0","0","0","26","63069","  1"
"2025-26","Summer I","MGT","5824","Tech-based Entrepreneurship","Townsend","3.81","54.7","34","9.4","1.9","0","0","0","0","0","0","0","0","0","53","63070","  3"
"2025-26","Summer I","MGT","5906","Business Analytics Capstone","Riley","3.81","75","10.4","6.3","4.2","2.1","0","2.1","0","0","0","0","0","0","48","63071","  3"
"2025-26","Summer I","MGT","5964","Field Study","Caul","4","100","0","0","0","0","0","0","0","0","0","0","0","0","27","63072","  1"
"2025-26","Summer I","MGT","5984","SS: Sustainable Bus Mgmt","Buengel","3.57","28.6","28.6","28.6","14.3","0","0","0","0","0","0","0","0","0","7","64305","  1"
"2025-26","Summer I","MKTG","3104","Marketing Management","Reilly","3.1","6.7","30","20","26.7","3.3","3.3","3.3","0","0","3.3","0","3.3","0","30","63098","  3"
"2025-26","Summer I","MKTG","3954","Study Abroad","Al Jumaily","4","100","0","0","0","0","0","0","0","0","0","0","0","0","28","63099","  3"
"2025-26","Summer I","MKTG","4354","Mktg Chnl & Lgst","Michalisin","3.42","10.7","32.1","35.7","14.3","7.1","0","0","0","0","0","0","0","0","28","63101","  3"
"2025-26","Summer I","MKTG","4404","Field Practicum in Marketing","Collins","3.86","80","0","20","0","0","0","0","0","0","0","0","0","0","5","63103","  3"
"2025-26","Summer I","MKTG","4554","Principles of Prof Selling","Collins","3.25","20","0","40","30","0","10","0","0","0","0","0","0","0","10","63104","  3"
"2025-26","Summer I","MKTG","4754","Strategic Marketing","Reilly","3.04","0","44.4","22.2","0","11.1","11.1","0","0","0","11.1","0","0","0","9","63105","  3"
"2025-26","Summer I","MSE","2034","Elem of Materials Eng","Clark","3.12","9.1","9.1","27.3","27.3","18.2","9.1","0","0","0","0","0","0","1","22","63118","  3"
"2025-26","Summer I","MSE","2034","Elem of Materials Eng","Corcoran","3.12","9.1","9.1","27.3","27.3","18.2","9.1","0","0","0","0","0","0","1","22","63118","  3"
"2025-26","Summer I","MSE","4414","Physical Ceramics","Burgoyne","3.6","80","0","0","0","0","0","20","0","0","0","0","0","0","5","64388","  3"
"2025-26","Summer I","MSE","4414","Physical Ceramics","Clark","3.6","80","0","0","0","0","0","20","0","0","0","0","0","0","5","64388","  3"
"2025-26","Summer I","MSE","4414","Physical Ceramics","Hill","3.6","80","0","0","0","0","0","20","0","0","0","0","0","0","5","64388","  3"
"2025-26","Summer I","MTRG","3524","Meteorology Field Methods","Carroll","4","100","0","0","0","0","0","0","0","0","0","0","0","0","14","63144","  3"
"2025-26","Summer I","MTRG","3524","Meteorology Field Methods","Carroll","4","100","0","0","0","0","0","0","0","0","0","0","0","0","6","63145","  3"
"2025-26","Summer I","MUS","1005","Theory Fundamentals","Lantz","3.25","50","8.3","8.3","8.3","8.3","8.3","0","0","0","0","0","8.3","1","12","63150","  3"
"2025-26","Summer I","MUS","1104","Music Appreciation","Crafton","3.29","41.2","29.4","5.9","5.9","0","5.9","0","2.9","0","0","0","8.8","0","34","63151","  3"
"2025-26","Summer I","MUS","1104","Music Appreciation","Hutchins","3.76","73.5","8.2","8.2","2","2","4.1","2","0","0","0","0","0","1","49","63152","  3"
"2025-26","Summer I","NEUR","2025","Introduction to Neuroscience","McDaniel","2.81","22.7","13.6","4.5","9.1","13.6","0","27.3","0","4.5","0","0","4.5","1","22","63164","  3"
"2025-26","Summer I","NEUR","2026","Introduction to Neuroscience","McDaniel","2.92","33.3","4.8","9.5","19","9.5","0","0","9.5","4.8","4.8","0","4.8","0","21","63165","  3"
"2025-26","Summer I","NEUR","2035","Neuroscience Laboratory","Fu","2.98","0","20","26.7","13.3","20","6.7","13.3","0","0","0","0","0","1","15","63166","  1"
"2025-26","Summer I","NEUR","2036","Neuroscience Laboratory","McDaniel","3.13","33.3","14.3","9.5","9.5","14.3","4.8","4.8","0","0","4.8","4.8","0","0","21","63167","  1"
"2025-26","Summer I","NEUR","2364","Mind Altering Substances","Phillips","3.22","33.3","20","20","13.3","0","0","0","0","6.7","0","0","6.7","0","15","64363","  3"
"2025-26","Summer I","NEUR","2464","Neuroscience and Society","Unroe","3.54","81","0","4.8","4.8","0","0","0","0","0","0","0","9.5","0","21","64201","  3"
"2025-26","Summer I","NEUR","4034","Diseases of the Nervous System","Phillips","3.83","69.6","17.4","4.3","8.7","0","0","0","0","0","0","0","0","0","23","63171","  3"
"2025-26","Summer I","NEUR","4044","Neuroscience Senior Seminar","Phillips","4","100","0","0","0","0","0","0","0","0","0","0","0","0","23","63172","  3"
"2025-26","Summer I","NEUR","4044","TS: Teaching and Research","Cline","4","100","0","0","0","0","0","0","0","0","0","0","0","1","8","64200","  3"
"2025-26","Summer I","NR","5014","Constructing Sustainablity","Kimmel","3.91","81.8","9.1","9.1","0","0","0","0","0","0","0","0","0","0","11","63184","  3"
"2025-26","Summer I","NR","5014","Constructing Sustainablity","Hull","4","100","0","0","0","0","0","0","0","0","0","0","0","0","20","63186","  3"
"2025-26","Summer I","NR","5114","Global Issues Environ Sustain","O'Brien","3.97","90.9","9.1","0","0","0","0","0","0","0","0","0","0","0","11","63187","  3"
"2025-26","Summer I","NR","5174","Sustainability Systems","Marcucci","4","100","0","0","0","0","0","0","0","0","0","0","0","0","8","63188","  3"
"2025-26","Summer I","NR","5214","Urban Water Systems","Marcucci","3.88","87.5","0","0","12.5","0","0","0","0","0","0","0","0","0","8","63190","  3"
"2025-26","Summer I","NR","5454","Biodiversity Stewardship","Egenrieder","4","100","0","0","0","0","0","0","0","0","0","0","0","0","10","63191","  3"
"2025-26","Summer I","NR","5454","Biodiversity Stewardship","Egenrieder","4","100","0","0","0","0","0","0","0","0","0","0","0","0","10","63192","  3"
"2025-26","Summer I","NR","5464","Biodiversity Policy","DiMauro","4","100","0","0","0","0","0","0","0","0","0","0","0","0","13","63193","  3"
"2025-26","Summer I","NR","5534","Climate Change Policy","Kalkstein","3.73","57.1","28.6","0","0","14.3","0","0","0","0","0","0","0","0","7","63195","  3"
"2025-26","Summer I","NR","5544","Clim Adapt & Mitigation Plan","Robertson","3.75","71.4","4.8","0","23.8","0","0","0","0","0","0","0","0","0","21","64306","  3"
"2025-26","Summer I","NR","5724","Conservation Ecology","Patterson","3.92","75","25","0","0","0","0","0","0","0","0","0","0","0","12","63197","  3"
"2025-26","Summer I","NR","5854","Leadership Comm Sustain Prof","Dardis","4","100","0","0","0","0","0","0","0","0","0","0","0","0","16","63199","  3"
"2025-26","Summer I","NR","5874","Strategies for Sustainability","McCullough","3.41","55.6","0","11.1","11.1","5.6","0","16.7","0","0","0","0","0","0","18","63201","  3"
"2025-26","Summer I","NSEG","5114","Nuclear Eng Fundamentals","Haghighat","3.96","85.7","14.3","0","0","0","0","0","0","0","0","0","0","0","7","64339","  3"
"2025-26","Summer I","PAPA","5315","Government Administration","Mastracci","4","100","0","0","0","0","0","0","0","0","0","0","0","0","16","64294","  3"
"2025-26","Summer I","PAPA","6154","Adv Topics Pub Orgs","Budesky","3.69","37.5","50","0","0","12.5","0","0","0","0","0","0","0","0","8","64282","  3"
"2025-26","Summer I","PAPA","6154","Adv Topics Pub Orgs","Davis","3.69","37.5","50","0","0","12.5","0","0","0","0","0","0","0","0","8","64282","  3"
"2025-26","Summer I","PAPA","6154","Adv Topics Pub Orgs","Romanello","3.69","37.5","50","0","0","12.5","0","0","0","0","0","0","0","0","8","64282","  3"
"2025-26","Summer I","PAPA","6214","Public Policy Process","Zuniga","4","100","0","0","0","0","0","0","0","0","0","0","0","0","6","63409","  3"
"2025-26","Summer I","PHIL","1204","Knowledge and Reality","Patton","3.4","44.4","11.1","22.2","0","0","11.1","11.1","0","0","0","0","0","0","9","63534","  3"
"2025-26","Summer I","PHIL","1304","Morality and Justice","Lind","3.73","41.7","41.7","8.3","8.3","0","0","0","0","0","0","0","0","0","24","63535","  3"
"2025-26","Summer I","PHIL","1504","Critical Thinking","Novack","3.11","38.5","7.7","0","15.4","15.4","7.7","7.7","0","0","7.7","0","0","1","13","63536","  3"
"2025-26","Summer I","PHIL","2304","Global Ethics","D'amato","3.96","87.5","12.5","0","0","0","0","0","0","0","0","0","0","0","16","63537","  3"
"2025-26","Summer I","PHIL","3324","Biomedical Ethics","Wildman Short","3.81","64.3","14.3","21.4","0","0","0","0","0","0","0","0","0","0","14","63542","  3"
"2025-26","Summer I","PHS","1514","Personal Health","Smith","3.9","77.3","18.2","0","4.5","0","0","0","0","0","0","0","0","0","22","63554","  3"
"2025-26","Summer I","PHS","1514","Personal Health","Smith","3.78","70.8","6.3","16.7","4.2","0","0","2.1","0","0","0","0","0","0","48","63553","  3"
"2025-26","Summer I","PHS","2004","Introduction to Public Health","Gautam","3.7","77.8","0","11.1","0","0","0","11.1","0","0","0","0","0","0","9","63555","  3"
"2025-26","Summer I","PHS","3534","Drug Education","Smith","3.67","72.7","13.6","0","0","4.5","0","4.5","0","0","4.5","0","0","0","22","63557","  3"
"2025-26","Summer I","PHS","3534","Drug Education","Smith","3.7","76.5","5.9","2.9","5.9","0","2.9","2.9","0","0","0","2.9","0","0","34","63556","  3"
"2025-26","Summer I","PHS","5024","Epi & Quant Meth Publ Hlth Lab","Ruktanonchai","3.84","76.5","5.9","11.8","5.9","0","0","0","0","0","0","0","0","0","17","63561","  1"
"2025-26","Summer I","PHS","5025","Epi & Quant Meth Publ Hlth","Holt","3.65","77.8","5.6","0","11.1","0","0","0","0","0","0","0","5.6","0","18","63562","  3"
"2025-26","Summer I","PHS","5026","Epi & Quant Meth Publ Hlth","Holt","3.88","75","12.5","12.5","0","0","0","0","0","0","0","0","0","0","16","63563","  3"
"2025-26","Summer I","PHS","5034","Health Behav & Health Ed","Gautam","3.87","80","10","0","10","0","0","0","0","0","0","0","0","0","10","64142","  3"
"2025-26","Summer I","PHYS","1055","Introduction to Astronomy","Bear","3.89","94.7","0","0","0","0","0","5.3","0","0","0","0","0","0","19","63572","  3"
"2025-26","Summer I","PHYS","1056","Introduction to Astronomy","Bear","3.56","70","0","0","10","0","20","0","0","0","0","0","0","0","10","63573","  3"
"2025-26","Summer I","PHYS","2205","General Physics","Papavasiliou","3.53","47.5","27.5","7.5","5","2.5","2.5","0","5","0","0","0","2.5","0","40","63574","  3"
"2025-26","Summer I","PHYS","2206","General Physics","Papavasiliou","3.53","30.4","26.1","26.1","4.3","13","0","0","0","0","0","0","0","0","23","63575","  3"
"2025-26","Summer I","PHYS","2206","General Physics","Bear","3.77","82.8","6.9","3.4","0","3.4","0","0","0","0","0","0","3.4","0","29","63576","  3"
"2025-26","Summer I","PHYS","2215","General Physics Laboratory","Merritt","2.54","30","0","10","10","10","0","10","10","0","0","10","10","0","10","63578","  1"
"2025-26","Summer I","PHYS","2215","General Physics Laboratory","Merritt","3.8","69.2","15.4","0","15.4","0","0","0","0","0","0","0","0","0","13","63577","  1"
"2025-26","Summer I","PHYS","2215","General Physics Laboratory","Merritt","3.94","80","20","0","0","0","0","0","0","0","0","0","0","0","5","63579","  1"
"2025-26","Summer I","PHYS","2216","General Physics Laboratory","Merritt","3.15","25","16.7","8.3","8.3","25","0","16.7","0","0","0","0","0","0","12","63580","  1"
"2025-26","Summer I","PHYS","2216","General Physics Laboratory","Merritt","2.71","42.9","7.1","7.1","0","0","0","0","14.3","14.3","7.1","0","7.1","0","14","63581","  1"
"2025-26","Summer I","PHYS","2216","General Physics Laboratory","Merritt","3.2","20","20","40","0","0","0","0","20","0","0","0","0","0","5","63582","  1"
"2025-26","Summer I","PHYS","2216","General Physics Laboratory","Merritt","3.2","80","0","0","0","0","0","0","0","0","0","0","20","0","5","63583","  1"
"2025-26","Summer I","PHYS","2305","Foundations of Physics","Khan","3","33.3","6.7","13.3","0","6.7","13.3","13.3","13.3","0","0","0","0","0","15","63584","  4"
"2025-26","Summer I","PHYS","2305","Foundations of Physics","Khan","3.05","66.7","0","0","0","0","16.7","0","0","0","0","0","16.7","0","6","63586","  4"
"2025-26","Summer I","PHYS","2305","Foundations of Physics","Lin","2.42","0","12.5","0","37.5","0","0","37.5","0","0","0","12.5","0","1","8","63589","  4"
"2025-26","Summer I","PHYS","2306","Foundations of Physics","Khan","2.94","40","20","0","0","0","0","30","0","0","0","0","10","0","10","63595","  4"
"2025-26","Summer I","PHYS","2306","Foundations of Physics","Lin","2.57","6.3","12.5","12.5","6.3","12.5","12.5","12.5","18.8","0","6.3","0","0","3","16","63591","  4"
"2025-26","Summer I","PHYS","2306","Foundations of Physics","Khan","3.17","25","20","5","25","0","15","0","10","0","0","0","0","0","20","63596","  4"
"2025-26","Summer I","PHYS","2306","Foundations of Physics","Lin","2.66","20","0","20","20","0","20","0","0","0","0","20","0","0","5","63597","  4"
"2025-26","Summer I","PM","3684","Sustainable Property Mgt.","Hopkins","2.98","38.5","7.7","7.7","0","15.4","7.7","0","7.7","7.7","7.7","0","0","0","13","64166","  3"
"2025-26","Summer I","PM","4684","Leasing Commercial Properties","Yoo","3.49","30.8","23.1","7.7","38.5","0","0","0","0","0","0","0","0","0","13","63614","  3"
"2025-26","Summer I","PM","4964","Field Work/Practicum","Avery","3.4","63.3","0","6.7","6.7","3.3","3.3","3.3","10","3.3","0","0","0","0","30","63615","  3"
"2025-26","Summer I","PR","2044","Principles of Public Relations","Deuyour","3.5","27.8","22.2","27.8","16.7","5.6","0","0","0","0","0","0","0","0","18","63618","  3"
"2025-26","Summer I","PR","4414","PR Standards and Practices","Smith","3.12","16.7","16.7","0","33.3","16.7","16.7","0","0","0","0","0","0","0","6","63619","  3"
"2025-26","Summer I","PSCI","1014","US Gov & Politics","Bohland","3.65","50","25","12.5","6.3","0","0","6.3","0","0","0","0","0","0","16","63620","  3"
"2025-26","Summer I","PSCI","1024","Comp Gov & Politics","Gill","3.83","66.7","16.7","16.7","0","0","0","0","0","0","0","0","0","0","12","63621","  3"
"2025-26","Summer I","PSCI","2014","Intro to Political Theory","Smith","3.06","33.3","27.8","16.7","0","0","0","0","0","11.1","0","0","11.1","0","18","63622","  3"
"2025-26","Summer I","PSCI","2054","Introduction to World Politics","Thomas","3.55","63.6","0","9.1","18.2","0","0","0","9.1","0","0","0","0","0","11","63623","  3"
"2025-26","Summer I","PSCI","2054","Introduction to World Politics","Gignoux","3.59","71.4","7.1","14.3","0","0","0","0","0","0","0","0","7.1","0","14","63624","  3"
"2025-26","Summer I","PSCI","2064","Global Econ and World Politics","Alphin","3.8","60","20","20","0","0","0","0","0","0","0","0","0","0","5","63625","  3"
"2025-26","Summer I","PSCI","3016","Political Theory","McPherson","3.34","43.5","8.7","8.7","13","13","4.3","0","8.7","0","0","0","0","0","23","63627","  3"
"2025-26","Summer I","PSCI","3115","Selected World Problems","Caraccioli","4","100","0","0","0","0","0","0","0","0","0","0","0","0","10","64251","  3"
"2025-26","Summer I","PSCI","3125","Intelligence & Natl Security","Hodges","3.78","60","30","0","0","10","0","0","0","0","0","0","0","0","10","63629","  3"
"2025-26","Summer I","PSCI","3344","Global Environmental Issues","Glasson","3.67","66.7","16.7","0","8.3","0","0","0","8.3","0","0","0","0","0","12","63633","  3"
"2025-26","Summer I","PSCI","3434","Urban Politics","Caraccioli","4","100","0","0","0","0","0","0","0","0","0","0","0","0","11","64250","  3"
"2025-26","Summer I","PSCI","3734","National Security","Burkette","2.73","0","33.3","16.7","16.7","16.7","0","0","0","0","0","0","16.7","0","6","64310","  3"
"2025-26","Summer I","PSCI","3984","SS: DC Exp-Gov & Int'l Affairs","Levinson","4","100","0","0","0","0","0","0","0","0","0","0","0","0","9","64345","  3"
"2025-26","Summer I","PSCI","4754","Internship Program","Thomas","4","100","0","0","0","0","0","0","0","0","0","0","0","0","5","63640","  3"
"2025-26","Summer I","PSYC","1004","Introductory Psychology","Adams","3.76","69.2","11.5","11.5","0","3.8","0","3.8","0","0","0","0","0","0","26","64317","  3"
"2025-26","Summer I","PSYC","1004","Introductory Psychology","Yuksel","3.62","60","13.3","6.7","10","6.7","0","0","0","0","0","3.3","0","0","30","64257","  3"
"2025-26","Summer I","PSYC","1094","Prin Psyc Research","Netto","3.78","83.3","8.3","0","0","0","0","0","8.3","0","0","0","0","0","12","64408","  3"
"2025-26","Summer I","PSYC","2034","Developmental Psychology","Chen","3.45","53.8","23.1","0","7.7","0","0","0","7.7","0","7.7","0","0","0","13","63663","  3"
"2025-26","Summer I","PSYC","2044","Psychology of Learning","Shafer","3.93","93.3","0","0","6.7","0","0","0","0","0","0","0","0","0","15","63664","  3"
"2025-26","Summer I","PSYC","2064","Intro Neuroscience of Behavior","Uscatescu","4","100","0","0","0","0","0","0","0","0","0","0","0","0","14","63666","  3"
"2025-26","Summer I","PSYC","2074","Animal Behavior","Hoffman","3.76","69.2","0","23.1","7.7","0","0","0","0","0","0","0","0","0","13","64258","  3"
"2025-26","Summer I","PSYC","2084","Social Psychology","Rogers","3.23","40","20","20","0","0","10","0","0","0","0","0","10","0","10","63667","  3"
"2025-26","Summer I","PSYC","3034","Psyc Dis Children","Neal","3.73","63.6","9.1","18.2","0","9.1","0","0","0","0","0","0","0","0","11","63674","  3"
"2025-26","Summer I","REAL","2004","Principles of Real Estate","Bieri","3.44","38.9","11.1","27.8","0","16.7","0","5.6","0","0","0","0","0","0","18","63688","  3"
"2025-26","Summer I","RED","4964","Field Work/Practicum","Galford","3.92","83.3","8.3","8.3","0","0","0","0","0","0","0","0","0","0","12","63692","  3"
"2025-26","Summer I","RLCL","1014","World Religions","Sidky","3.69","80","6.7","0","6.7","0","0","0","0","0","0","6.7","0","1","15","64242","  3"
"2025-26","Summer I","RLCL","2204","Race & Gender in Rel & Cult","Nurani","3.73","66.7","16.7","0","0","16.7","0","0","0","0","0","0","0","0","6","64245","  3"
"2025-26","Summer I","RUS","3954","Study Abroad: Latvia I","Efird","4","100","0","0","0","0","0","0","0","0","0","0","0","0","12","63708","  3"
"2025-26","Summer I","RUS","3954","Study Abroad: Latvia II","Efird","4","100","0","0","0","0","0","0","0","0","0","0","0","0","12","63709","  3"
"2025-26","Summer I","SBIO","3284","Packaging Polymers & Prod","Kim","3.42","41.7","25","8.3","8.3","8.3","0","0","0","0","8.3","0","0","0","12","63714","  3"
"2025-26","Summer I","SBIO","3954","SA: Australia & New Zealand","Bush","3.94","90.5","4.8","4.8","0","0","0","0","0","0","0","0","0","0","21","63715","  3"
"2025-26","Summer I","SOC","1004","Introductory Sociology","Bhattacharya","3.89","84.2","0","15.8","0","0","0","0","0","0","0","0","0","0","19","63736","  3"
"2025-26","Summer I","SOC","1004","Introductory Sociology","Jamerson","3.49","66.7","7.4","7.4","7.4","0","3.7","0","0","0","0","0","7.4","0","27","63734","  3"
"2025-26","Summer I","SOC","1004","Introductory Sociology","Dhillon-Jamerson","3.84","82.8","6.9","3.4","0","0","6.9","0","0","0","0","0","0","0","29","63735","  3"
"2025-26","Summer I","SOC","2004","Social Problems","Baller","2.84","50","12.5","0","12.5","0","0","0","0","0","0","0","25","0","8","63738","  3"
"2025-26","Summer I","SOC","2104","Quantitative Community Researc","Stilley","2.96","11.1","0","22.2","22.2","22.2","22.2","0","0","0","0","0","0","0","9","63739","  3"
"2025-26","Summer I","SOC","2604","Intro Data in Social Context","Steinhauer","3.66","80","0","0","0","0","20","0","0","0","0","0","0","1","5","63741","  3"
"2025-26","Summer I","SOC","2604","Intro Data in Social Context","Davitt","3.95","83.3","16.7","0","0","0","0","0","0","0","0","0","0","0","6","63742","  3"
"2025-26","Summer I","SOC","3004","Social Inequality","Wimberley","4","100","0","0","0","0","0","0","0","0","0","0","0","0","9","63745","  3"
"2025-26","Summer I","SOC","3204","Social Research Methods","Illahe","3.85","83.3","8.3","0","0","4.2","4.2","0","0","0","0","0","0","1","24","64263","  4"
"2025-26","Summer I","SOC","3714","Sociology of Aging","Diaz","3.67","66.7","16.7","0","0","0","16.7","0","0","0","0","0","0","0","6","64265","  3"
"2025-26","Summer I","SOC","4454","TS: Sociology of Cults","McCown","2.96","50","0","10","0","10","10","0","0","10","0","0","10","0","10","64268","  3"
"2025-26","Summer I","SPAN","1106","Elementary Spanish","Jaime Castillo","2.95","33.3","16.7","16.7","0","16.7","0","0","0","0","0","0","16.7","0","6","63765","  3"
"2025-26","Summer I","SPAN","3106","Gram/Composition/Conv","Lopez-Romero","3.88","87.5","0","0","12.5","0","0","0","0","0","0","0","0","0","8","63774","  3"
"2025-26","Summer I","SPAN","3304","Intro Hispanic Literature","Jaque Hidalgo","4","100","0","0","0","0","0","0","0","0","0","0","0","0","6","63775","  3"
"2025-26","Summer I","SPAN","3524","Intro Spanish Translation","Jaque Hidalgo","4","100","0","0","0","0","0","0","0","0","0","0","0","0","8","63778","  3"
"2025-26","Summer I","SPAN","3574","Spanish for Legal Professions","Venkatesh","3.86","77.8","11.1","0","11.1","0","0","0","0","0","0","0","0","0","9","64207","  3"
"2025-26","Summer I","SPIA","4454","Future of Cities","Tirpak","3.69","80","13.3","0","0","0","0","0","0","0","0","0","6.7","0","15","63841","  3"
"2025-26","Summer I","SPIA","5524","Nonprofit Acct Evaluation","Davis","3.88","60","40","0","0","0","0","0","0","0","0","0","0","0","5","64283","  3"
"2025-26","Summer I","SPIA","5524","Nonprofit Acct Evaluation","Schnitzer","3.88","60","40","0","0","0","0","0","0","0","0","0","0","0","5","64283","  3"
"2025-26","Summer I","SPIA","5544","Public Non-Prof Financial Mgt","Bailey","3.45","16.7","33.3","33.3","0","16.7","0","0","0","0","0","0","0","0","6","64425","  3"
"2025-26","Summer I","STAT","2004","Introductory Statistics","Russell","3.7","68.2","9.1","9.1","4.5","0","4.5","4.5","0","0","0","0","0","0","22","63846","  3"
"2025-26","Summer I","STAT","3005","Statistical Methods","Loda","3.77","76.5","11.8","0","5.9","0","0","0","5.9","0","0","0","0","0","17","63850","  3"
"2025-26","Summer I","STAT","3104","Probability and Distributions","Loda","3.76","78.6","0","7.1","0","14.3","0","0","0","0","0","0","0","0","14","63851","  3"
"2025-26","Summer I","STAT","3604","Statistics for Social Science","Conte","3.6","63.6","0","18.2","9.1","0","0","9.1","0","0","0","0","0","1","22","63852","  3"
"2025-26","Summer I","STAT","3615","Biological Statistics","Russell","3.43","54.5","4.6","18.2","0","0","13.6","4.5","4.5","0","0","0","0","0","22","63853","  3"
"2025-26","Summer I","STAT","3615","Biological Statistics","Mahmoud","3.82","82.6","4.4","4.3","4.3","2.2","0","0","0","0","2.2","0","0","0","46","63854","  3"
"2025-26","Summer I","STAT","3704","Stat for Eng Apps","Zhang","3.84","80","13.3","0","3.3","0","0","0","0","3.3","0","0","0","0","30","63856","  2"
"2025-26","Summer I","STAT","4214","Methods of Regression Analysis","Ortega Villa","3.76","73.3","6.7","6.7","0","13.3","0","0","0","0","0","0","0","0","15","63857","  3"
"2025-26","Summer I","STAT","4444","Applied Bayesian Statistics","Mahmoud","3.98","92.9","7.1","0","0","0","0","0","0","0","0","0","0","0","14","63858","  3"
"2025-26","Summer I","STAT","4705","Statistics for Engr","Zhang","3.93","90","7.5","0","0","0","0","2.5","0","0","0","0","0","0","40","63859","  3"
"2025-26","Summer I","STAT","4706","Statistics for Engr","Tavera","3.83","76.2","0","23.8","0","0","0","0","0","0","0","0","0","0","21","63860","  3"
"2025-26","Summer I","STAT","4714","Prob & Stat for EE","Zagvozdkin","3.91","80.6","12.9","3.2","3.2","0","0","0","0","0","0","0","0","2","31","63861","  3"
"2025-26","Summer I","STS","1504","Intro Science, Tech, Society","Hosseinpour","4","100","0","0","0","0","0","0","0","0","0","0","0","0","13","63876","  3"
"2025-26","Summer I","STS","2054","Engineering Cultures","Nazemi","3.59","50","42.9","0","0","0","0","0","0","0","0","0","7.1","0","14","63877","  3"
"2025-26","Summer I","STS","3284","Technology and Disability","Azamnia","3.63","68.8","12.5","12.5","0","0","0","0","0","0","0","0","6.3","0","16","63882","  3"
"2025-26","Summer I","STS","6534","Adv Topics Cult Stud of STEM-H","Abbate","4","100","0","0","0","0","0","0","0","0","0","0","0","0","6","64255","  3"
"2025-26","Summer I","UAP","3344","Global Environmental Issues","Glasson","3.95","83.3","16.7","0","0","0","0","0","0","0","0","0","0","0","6","63935","  3"
"2025-26","Summer I","UAP","5184","Local Planning Administration","Davis","4","100","0","0","0","0","0","0","0","0","0","0","0","0","12","63943","  3"
"2025-26","Summer I","UAP","5184","Local Planning Administration","Lawrence","4","100","0","0","0","0","0","0","0","0","0","0","0","0","12","63943","  3"
"2025-26","Summer I","WGS","1824","Intro Women's & Gender Studies","Hernandez","3.16","44.4","22.2","0","11.1","0","0","11.1","0","0","0","0","11.1","0","9","64131","  3"
"2025-26","Summer I","WGS","2204","Race & Gender in Rel & Cult","Nurani","2.8","16.7","50","0","0","0","0","0","16.7","0","0","0","16.7","0","6","64246","  3"
"2025-26","Winter","ACIS","1004","Accounting Foundations","Lacoste","3.35","9.1","54.5","0","18.2","9.1","0","9.1","0","0","0","0","0","0","11","40138","  3"
"2025-26","Winter","ACIS","1504","Intro to Bus Analytics & BI","Sharp","3.31","65.2","13","0","0","4.3","4.3","0","0","0","0","0","13","0","23","40139","  3"
"2025-26","Winter","ACIS","2115","Principles of Accounting","Brassine","3.1","36.4","9.1","13.6","9.1","18.2","0","0","0","4.5","0","4.5","4.5","0","22","40140","  3"
"2025-26","Winter","ACIS","2116","Principles of Accounting","Martin","2.86","42.9","7.1","7.1","3.6","3.6","3.6","10.7","3.6","3.6","3.6","0","10.7","1","28","40141","  3"
"2025-26","Winter","ACIS","2504","Intro to Accounting Analytics","Kogan","3.54","42.9","38.1","0","4.8","4.8","0","4.8","0","0","4.8","0","0","0","21","40223","  3"
"2025-26","Winter","ADV","2134","Intro to Health Communication","Deuyour","3.4","18.8","25","25","18.8","12.5","0","0","0","0","0","0","0","1","16","40234","  3"
"2025-26","Winter","ADV","2134","Intro to Health Communication","Holz","3.54","63.2","5.3","10.5","10.5","0","0","5.3","0","0","5.3","0","0","0","19","40142","  3"
"2025-26","Winter","AFST","1714","Intro African American Studies","Seniors","3.78","63.6","9.1","27.3","0","0","0","0","0","0","0","0","0","0","11","40090","  3"
"2025-26","Winter","AHRM","1014","Design and Art for Consumers","Walsh","3.72","62.5","16.7","8.3","8.3","0","0","4.2","0","0","0","0","0","0","24","40116","  3"
"2025-26","Winter","APS","1704","Intro to Appalachian Studies","Edmondson","3.91","80","13.3","6.7","0","0","0","0","0","0","0","0","0","0","15","40006","  3"
"2025-26","Winter","ARBC","3954","Study Abroad: VT-Dubai","Sinno","3.98","94.1","5.9","0","0","0","0","0","0","0","0","0","0","0","17","40008","  3"
"2025-26","Winter","ARCH","1044","Life in the Built Environment","Tew","3.89","86.4","0","9.1","4.5","0","0","0","0","0","0","0","0","0","22","40118","  3"
"2025-26","Winter","ARCH","2004","Architecture and Culture","Raja","4","100","0","0","0","0","0","0","0","0","0","0","0","0","8","40119","  3"
"2025-26","Winter","ART","1104","Language of Visual Arts","Jewitt","3.42","11.8","47.1","17.6","11.8","5.9","0","5.9","0","0","0","0","0","0","17","40120","  3"
"2025-26","Winter","ART","2386","Surv Hist West Art","Moseley Christian","2.83","14.3","28.6","14.3","0","14.3","0","0","14.3","0","0","14.3","0","0","7","40121","  3"
"2025-26","Winter","ART","3104","Art Japan: Samurai to Kawaii","Moseley Christian","2.04","20","10","0","0","10","10","10","0","0","10","10","20","0","10","40111","  3"
"2025-26","Winter","BC","1114","Intro to Building Construction","Oliver","3.64","42.1","31.6","10.5","5.3","10.5","0","0","0","0","0","0","0","0","38","40009","  3"
"2025-26","Winter","BC","3134","Temporary Structures","Clark","3.67","57.1","28.6","0","0","0","14.3","0","0","0","0","0","0","0","7","40010","  3"
"2025-26","Winter","BIOL","1105","Principles of Biology","Wills","3.74","83.9","0","0","12.9","0","0","0","0","0","0","0","3.2","0","31","40011","  3"
"2025-26","Winter","BIOL","1106","Principles of Biology","Hogan","3.79","78.8","0","0","21.2","0","0","0","0","0","0","0","0","0","33","40012","  3"
"2025-26","Winter","BIOL","2134","Cell Function Differentiation","Emori","3.39","37.9","31","6.9","6.9","3.4","0","6.9","3.4","0","0","0","3.4","0","29","40013","  3"
"2025-26","Winter","BIOL","2604","General Microbiology","Seyler","3.91","85.7","5.7","2.9","5.7","0","0","0","0","0","0","0","0","0","35","40014","  3"
"2025-26","Winter","BIOL","2704","Evolutionary Biology","Sheppard","3.58","60","10","20","5","0","0","0","0","0","0","0","5","0","20","40015","  3"
"2025-26","Winter","BIOL","3514","Introduction to Histology","Sheppard","3.73","48.5","33.3","6.1","9.1","3","0","0","0","0","0","0","0","1","33","40016","  3"
"2025-26","Winter","BIT","2405","Bus Stats Analytics & Model","Kern","3.16","23.5","17.6","20.6","5.9","11.8","8.8","2.9","5.9","0","2.9","0","0","1","34","40170","  3"
"2025-26","Winter","BIT","2406","Bus Stats Analytics & Model","Nottingham","3.23","18.2","22.7","18.2","25.8","3","6.1","1.5","1.5","0","1.5","0","1.5","0","66","40171","  3"
"2025-26","Winter","BIT","2554","Linux for Business","Raman","3.33","41.2","17.6","17.6","5.9","0","11.8","0","0","0","0","0","5.9","0","17","40172","  3"
"2025-26","Winter","BIT","3414","Operations & Supply Chain Mgt","Deane","3.83","69.5","20.3","3.4","3.4","1.7","0","1.7","0","0","0","0","0","0","59","40173","  3"
"2025-26","Winter","BIT","3424","Intro Bus Analytics Modeling","Abrahams","3.81","76","4","8","12","0","0","0","0","0","0","0","0","0","25","40174","  3"
"2025-26","Winter","BIT","3444","Adv Bus Comp and App","Zahadat","2.83","27.3","9.1","9.1","9.1","9.1","0","18.2","9.1","0","0","9.1","0","0","11","40175","  3"
"2025-26","Winter","BIT","3474","Data Mgt and Bus Analytics","Raman","3.89","84.6","0","15.4","0","0","0","0","0","0","0","0","0","0","13","40176","  3"
"2025-26","Winter","BIT","3554","Networks, Telecom, & Security","Shen","3.4","34.5","20.7","10.3","20.7","6.9","3.4","0","0","0","0","3.4","0","0","29","40177","  3"
"2025-26","Winter","BIT","4444","Web-Based DSS","Flora","3.73","58.3","25","0","8.3","8.3","0","0","0","0","0","0","0","0","12","40190","  3"
"2025-26","Winter","BIT","4454","Bus Analysis Seminar in IT","Abrahams","3.63","75","0","0","12.5","0","0","12.5","0","0","0","0","0","0","8","40191","  3"
"2025-26","Winter","BIT","4484","Project Management","Deane","3.72","64","20","4","4","0","4","4","0","0","0","0","0","0","25","40178","  3"
"2025-26","Winter","BIT","4624","Cybersecurity Analytics","Hodsden","3.66","85.7","0","0","0","0","7.1","0","0","0","7.1","0","0","0","14","40200","  3"
"2025-26","Winter","CEE","3604","Intro Transport Engr","Katz","3.75","50","35.7","7.1","3.6","0","3.6","0","0","0","0","0","0","0","28","40106","  3"
"2025-26","Winter","CEE","3804","Computer Applications for CEE","Abbas","3.69","35","40","20","5","0","0","0","0","0","0","0","0","0","20","40107","  3"
"2025-26","Winter","CEM","3134","Temporary Structures","Clark","2.48","0","40","0","0","20","20","0","0","0","0","0","20","0","5","40105","  3"
"2025-26","Winter","CHEM","1035","General Chemistry","Arachchige","2.99","19","9.5","11.1","31.7","9.5","6.3","0","4.8","3.2","1.6","1.6","1.6","2","63","40122","  3"
"2025-26","Winter","CHEM","2535","Organic Chemistry","Berg","2.34","3.4","1.7","5.2","12.1","20.7","15.5","25.9","5.2","0","8.6","0","1.7","1","58","40123","  3"
"2025-26","Winter","CINE","2054","Introduction to Cinema","Metz","3.53","42.9","28.6","14.3","0","0","0","14.3","0","0","0","0","0","0","7","40017","  3"
"2025-26","Winter","CINE","4144","TS: Chick Flicks","Metz","3.68","50","33.3","0","0","16.7","0","0","0","0","0","0","0","0","6","40179","  3"
"2025-26","Winter","COMM","1014","Introduction to Communication","Howell","2.82","33.3","0","33.3","0","0","8.3","0","0","8.3","8.3","0","8.3","0","12","40145","  3"
"2025-26","Winter","COMM","2004","Public Speaking","Parente","3.67","42.9","28.6","14.3","14.3","0","0","0","0","0","0","0","0","1","14","40231","  3"
"2025-26","Winter","COMM","2004","Public Speaking","Quesenberry","3.67","42.9","28.6","14.3","14.3","0","0","0","0","0","0","0","0","1","14","40231","  3"
"2025-26","Winter","COMM","2004","Public Speaking","Peyton","3.43","20","46.7","13.3","0","6.7","6.7","6.7","0","0","0","0","0","0","15","40151","  3"
"2025-26","Winter","COMM","2004","Public Speaking","Quesenberry","3.43","20","46.7","13.3","0","6.7","6.7","6.7","0","0","0","0","0","0","15","40151","  3"
"2025-26","Winter","COMM","2004","Public Speaking","Quesenberry","3.31","31.3","18.8","18.8","25","0","0","0","0","0","0","0","6.3","0","16","40150","  3"
"2025-26","Winter","COMM","2004","Public Speaking","Williams","3.31","31.3","18.8","18.8","25","0","0","0","0","0","0","0","6.3","0","16","40150","  3"
"2025-26","Winter","COMM","2004","Public Speaking","Kuhl","3.41","35.3","23.5","23.5","11.8","0","0","0","0","0","0","0","5.9","0","17","40152","  3"
"2025-26","Winter","COMM","2004","Public Speaking","Quesenberry","3.41","35.3","23.5","23.5","11.8","0","0","0","0","0","0","0","5.9","0","17","40152","  3"
"2025-26","Winter","COMM","2004","Public Speaking","Thomas","3.38","11.8","41.2","29.4","5.9","0","0","11.8","0","0","0","0","0","0","17","40147","  3"
"2025-26","Winter","COMM","2004","Public Speaking","Quesenberry","3.49","38.9","16.7","22.2","11.1","0","11.1","0","0","0","0","0","0","0","18","40149","  3"
"2025-26","Winter","COMM","2004","Public Speaking","Sowder","3.82","52.6","36.8","10.5","0","0","0","0","0","0","0","0","0","0","19","40148","  3"
"2025-26","Winter","COMM","2004","Public Speaking","Conner","3.23","40","25","15","5","0","0","0","0","5","0","0","10","0","20","40146","  3"
"2025-26","Winter","COMM","2024","Media Writing","Johnson","2.21","0","12.5","12.5","12.5","0","0","37.5","12.5","0","0","0","12.5","0","8","40154","  3"
"2025-26","Winter","COMM","2084","Media and Society","Smith","3.63","66.7","13.3","0","10","0","3.3","0","3.3","0","3.3","0","0","0","30","40155","  3"
"2025-26","Winter","COMM","2124","Intro Comm Research","Widgeon","3.8","54.5","36.4","0","9.1","0","0","0","0","0","0","0","0","1","11","40156","  3"
"2025-26","Winter","COMM","4024","Communication Law","Myers","3.23","4.3","29.8","27.7","25.5","2.1","6.4","2.1","0","2.1","0","0","0","0","47","40157","  3"
"2025-26","Winter","CONS","2304","Consumer and Family Finances","Cheng","3.76","55","30","5","5","5","0","0","0","0","0","0","0","0","20","40112","  3"
"2025-26","Winter","CRIM","3124","Murder in American History","Branum","3.67","65.2","21.7","4.3","0","4.3","0","0","0","0","0","0","4.3","0","23","40045","  3"
"2025-26","Winter","CRIM","3414","Criminology","McCown","3.51","57.1","0","28.6","0","0","0","14.3","0","0","0","0","0","0","7","40022","  3"
"2025-26","Winter","CRIM","3434","Systems of Justice","Perdue","4","100","0","0","0","0","0","0","0","0","0","0","0","0","5","40023","  3"
"2025-26","Winter","CRIM","4454","TS: Violence and Mental Illnes","Vogt Yuan","3.6","40","20","20","20","0","0","0","0","0","0","0","0","0","5","40073","  3"
"2025-26","Winter","CS","1064","Intro to Programming in Python","Wenskovitch","3.82","87.9","6.1","0","0","3","0","0","0","0","0","0","3","0","33","40192","  3"
"2025-26","Winter","CS","3604","Professionalism in Computing","Dunlap","3.95","84.4","15.6","0","0","0","0","0","0","0","0","0","0","1","32","40194","  3"
"2025-26","Winter","CSES","3954","SA: South Africa","Abaye","4","100","0","0","0","0","0","0","0","0","0","0","0","0","14","40187","  1"
"2025-26","Winter","ECON","2005","Principles of Economics","Shahbazian","3.27","24.2","12.1","30.3","6.1","12.1","12.1","3","0","0","0","0","0","1","33","40230","  3"
"2025-26","Winter","ECON","2005","Principles of Economics","Tavakoli Jaghargh","3.75","69.7","3","15.2","9.1","3","0","0","0","0","0","0","0","0","33","40158","  3"
"2025-26","Winter","ECON","2006","Principles of Economics","Lkhagvadorj","3.31","0","61.1","16.7","11.1","0","0","5.6","0","0","5.6","0","0","0","18","40232","  3"
"2025-26","Winter","ECON","2006","Principles of Economics","Ardalankia","3.09","23.3","16.7","10","20","6.7","3.3","10","6.7","3.3","0","0","0","0","30","40159","  3"
"2025-26","Winter","ECON","3004","TS: International Trade & FIN","Gebremariam","3.5","41.2","5.9","29.4","17.6","0","5.9","0","0","0","0","0","0","0","17","40160","  3"
"2025-26","Winter","EDCO","2004","Healthy Relationships","Welfare","3.98","93.3","6.7","0","0","0","0","0","0","0","0","0","0","0","15","40027","  3"
"2025-26","Winter","ENGE","1215","Foundations of Engineering","Gray","3.75","84.8","0","6.1","0","3","3","0","0","0","0","0","3","0","33","40161","  2"
"2025-26","Winter","ENGE","1215","Foundations of Engineering","Dogan","3.95","91.2","2.9","5.9","0","0","0","0","0","0","0","0","0","0","34","40162","  2"
"2025-26","Winter","ENGL","1654","Intro to Science Fiction","Canter","3.94","80","20","0","0","0","0","0","0","0","0","0","0","0","5","40030","  3"
"2025-26","Winter","ENGL","2744","Intro to Creative Writing","Conaway","3.76","83.3","0","0","5.6","5.6","0","5.6","0","0","0","0","0","1","18","40033","  3"
"2025-26","Winter","ENGL","3764","Technical Writing","Fehr","3.7","85.7","4.8","0","0","0","0","4.8","0","0","0","0","4.8","0","21","40036","  3"
"2025-26","Winter","ENGL","3764","Technical Writing","Kinder","3.31","23.8","33.3","14.3","9.5","0","4.8","4.8","9.5","0","0","0","0","0","21","40035","  3"
"2025-26","Winter","ENGL","3764","Technical Writing","Ruccolo","3.81","95.2","0","0","0","0","0","0","0","0","0","0","4.8","0","21","40037","  3"
"2025-26","Winter","ENGL","3764","Technical Writing","Zan","3.77","82.6","8.7","4.3","0","0","0","0","0","0","0","0","4.3","0","23","40034","  3"
"2025-26","Winter","ENGL","3774","Business Writing","Brown","3.36","63.6","0","0","27.3","0","0","0","0","0","0","0","9.1","0","11","40038","  3"
"2025-26","Winter","ENSC","1016","Found Environmental Sci","Eick","3.25","46.2","7.7","15.4","15.4","0","0","0","0","0","15.4","0","0","0","13","40180","  3"
"2025-26","Winter","ESM","2104","Statics","Galitz","3.22","42.2","15.6","8.9","11.1","4.4","6.7","0","0","2.2","2.2","0","6.7","1","45","40201","  3"
"2025-26","Winter","ESM","2204","Mechanics of Deformable Bodies","Aidi","3.18","46.2","7.7","0","15.4","0","15.4","7.7","0","0","7.7","0","0","0","13","40202","  3"
"2025-26","Winter","ESM","2304","Dynamics","Bolton","3.16","33.3","22.2","11.1","0","0","0","22.2","11.1","0","0","0","0","0","9","40203","  3"
"2025-26","Winter","FIN","3054","Legal & Ethical Env of Bus","Malone","3.04","21.1","26.3","7.9","2.6","15.8","7.9","2.6","13.2","0","0","0","2.6","0","38","40163","  3"
"2025-26","Winter","FIN","3104","Introduction to Finance","Hart","3.32","40.3","11.3","14.5","14.5","8.1","1.6","3.2","3.2","0","0","0","3.2","1","62","40164","  3"
"2025-26","Winter","FIN","3154","Corporate Financial Analytics","Lineberry","2.76","10.3","10.3","0","27.6","20.7","6.9","20.7","0","0","0","0","3.4","0","29","40199","  3"
"2025-26","Winter","FIN","4984","SS: Real World Fin Charlotte","Hart","4","100","0","0","0","0","0","0","0","0","0","0","0","0","9","40165","  3"
"2025-26","Winter","GEOG","3954","Study Abroad: New Zealand","Rijal","3.97","89.5","10.5","0","0","0","0","0","0","0","0","0","0","0","19","40039","  6"
"2025-26","Winter","HD","1134","Intro to Disability Studies","Toman","3.86","90","3.3","0","0","3.3","0","0","0","3.3","0","0","0","0","30","40046","  3"
"2025-26","Winter","HIST","1116","History of the United States","McKagen","3.84","84.2","5.3","5.3","0","0","0","5.3","0","0","0","0","0","0","19","40047","  3"
"2025-26","Winter","HIST","1216","Intro to World History","Edmondson","3.64","83.3","8.3","0","0","0","0","0","0","0","0","0","8.3","1","12","40048","  3"
"2025-26","Winter","HIST","2604","Intro Data in Social Context","Steinhauer","4","100","0","0","0","0","0","0","0","0","0","0","0","0","8","40041","  3"
"2025-26","Winter","HIST","3124","Murder in American History","Branum","3.88","81.8","9.1","0","9.1","0","0","0","0","0","0","0","0","0","11","40044","  3"
"2025-26","Winter","HIST","3544","World War II","Douglas","3.65","75","12.5","0","6.3","0","0","0","0","0","0","0","6.3","0","16","40049","  3"
"2025-26","Winter","HNFE","2204","Medical Terminology","Eaton","4","100","0","0","0","0","0","0","0","0","0","0","0","0","9","40221","  3"
"2025-26","Winter","HORT","2144","Indoor Plants","Kardos","3.93","85.7","7.1","7.1","0","0","0","0","0","0","0","0","0","0","14","40181","  3"
"2025-26","Winter","HTM","2314","Intro International Business","Beleny","3.12","23.1","30.8","7.7","0","23.1","7.7","0","0","0","0","0","7.7","0","13","40136","  3"
"2025-26","Winter","HTM","2314","Intro International Business","Ko","3.59","42.9","28.6","0","14.3","14.3","0","0","0","0","0","0","0","0","7","40195","  3"
"2025-26","Winter","HTM","3424","Event Management","Ko","3.89","63.6","36.4","0","0","0","0","0","0","0","0","0","0","0","11","40197","  3"
"2025-26","Winter","HTM","3954","SA: Dominican Republic","Duetsch","4","100","0","0","0","0","0","0","0","0","0","0","0","0","11","40205","  3"
"2025-26","Winter","HTM","4354","IT & Social Media in HTM","Han","3.79","67.9","14.3","10.7","0","7.1","0","0","0","0","0","0","0","0","28","40198","  3"
"2025-26","Winter","IS","1024","Comp Gov & Politics","Gill","3.91","71.4","28.6","0","0","0","0","0","0","0","0","0","0","0","7","40079","  3"
"2025-26","Winter","IS","3115","Selected World Problems","Nelson","3.61","57.1","0","14.3","28.6","0","0","0","0","0","0","0","0","2","7","40087","  3"
"2025-26","Winter","IS","3125","Intelligence & Natl Security","Hodges","3.75","69.2","7.7","7.7","7.7","7.7","0","0","0","0","0","0","0","0","13","40089","  3"
"2025-26","Winter","ISE","3414","Prob Operations Research","Savage","3.95","82.8","17.2","0","0","0","0","0","0","0","0","0","0","0","29","40053","  3"
"2025-26","Winter","ITDS","1114","Design Appreciation","Tew","3.86","88.4","0","5.8","4.3","0","0","0","0","0","0","0","1.4","1","69","40113","  3"
"2025-26","Winter","MGT","1104","Foundations of Business","Hopkins","3.27","14.3","28.6","23.8","14.3","4.8","9.5","0","4.8","0","0","0","0","0","21","40124","  3"
"2025-26","Winter","MGT","2064","Foundations Entrepreneurship","Reed","3.57","45.5","22.7","9.1","9.1","9.1","0","4.5","0","0","0","0","0","1","22","40125","  3"
"2025-26","Winter","MGT","2314","Intro International Business","Beleny","3.13","30.8","23.1","15.4","7.7","0","0","7.7","0","0","15.4","0","0","0","13","40137","  3"
"2025-26","Winter","MGT","2314","Intro International Business","Ko","3.43","57.1","14.3","14.3","0","0","0","0","0","0","14.3","0","0","0","7","40196","  3"
"2025-26","Winter","MGT","3094","Global Entrepreneurship","Tseng","3.89","77.3","13.3","6.7","2.7","0","0","0","0","0","0","0","0","0","75","40220","  3"
"2025-26","Winter","MGT","3404","Principles of Management","Deck","2.59","5","10","10","20","10","10","10","20","0","5","0","0","1","20","40129","  3"
"2025-26","Winter","MGT","3954","SA: Australia and New Zealand","Waters","4","100","0","0","0","0","0","0","0","0","0","0","0","0","17","40134","  3"
"2025-26","Winter","MGT","3954","SA: Germany & Austria","Deck","4","100","0","0","0","0","0","0","0","0","0","0","0","0","18","40131","  3"
"2025-26","Winter","MGT","3954","SA: Bus and Culture in Italy","Clevenger","3.83","54.5","36.4","9.1","0","0","0","0","0","0","0","0","0","0","22","40130","  3"
"2025-26","Winter","MGT","4094","Startup: Commercialization","Poff","3.8","60","24","10.7","4","1.3","0","0","0","0","0","0","0","0","75","40217","  3"
"2025-26","Winter","MGT","4394","Strategic Management","Slagel","3.57","36.5","22.2","23.8","12.7","3.2","1.6","0","0","0","0","0","0","0","63","40135","  3"
"2025-26","Winter","MKTG","3104","Marketing Management","Wertalik","3.63","64.4","11.1","2.2","8.9","11.1","0","0","0","0","0","0","2.2","0","45","40050","  3"
"2025-26","Winter","MKTG","4554","Principles of Prof Selling","Michalisin","3.54","18.8","56.3","6.3","0","18.8","0","0","0","0","0","0","0","0","16","40052","  3"
"2025-26","Winter","MUS","1005","Theory Fundamentals","Irrera","3.36","37.5","25","18.8","6.3","0","0","6.3","0","0","0","0","6.3","1","16","40054","  3"
"2025-26","Winter","MUS","1104","Music Appreciation","Wilkens-Reed","3.99","96.3","3.7","0","0","0","0","0","0","0","0","0","0","1","27","40055","  3"
"2025-26","Winter","NR","3954","SA: Panama","McGee","3.97","91.7","8.3","0","0","0","0","0","0","0","0","0","0","0","12","40208","  3"
"2025-26","Winter","PHIL","1204","Knowledge and Reality","Patton","3.92","72.7","27.3","0","0","0","0","0","0","0","0","0","0","0","11","40057","  3"
"2025-26","Winter","PHIL","1304","Morality and Justice","Yaure","3.74","66.7","20","0","0","6.7","6.7","0","0","0","0","0","0","0","15","40104","  3"
"2025-26","Winter","PHIL","2304","Global Ethics","Fuller","3.7","55.6","11.1","22.2","11.1","0","0","0","0","0","0","0","0","0","9","40103","  3"
"2025-26","Winter","PHS","1514","Personal Health","Smith","3.81","85.7","7.1","3.6","0","0","0","0","0","0","0","0","3.6","0","28","40058","  3"
"2025-26","Winter","PHS","2004","Introduction to Public Health","Lewis","3.97","91.7","8.3","0","0","0","0","0","0","0","0","0","0","0","12","40060","  3"
"2025-26","Winter","PHS","3534","Drug Education","Smith","3.95","89.5","5.3","5.3","0","0","0","0","0","0","0","0","0","0","19","40059","  3"
"2025-26","Winter","PHYS","2205","General Physics","Papavasiliou","3.71","72.9","10.4","6.3","4.2","0","0","2.1","2.1","0","0","0","2.1","0","48","40061","  3"
"2025-26","Winter","PHYS","2206","General Physics","Khan","3.98","92.2","7.8","0","0","0","0","0","0","0","0","0","0","0","51","40062","  3"
"2025-26","Winter","PHYS","2215","General Physics Laboratory","Powers","3.36","55.6","14.8","3.7","7.4","3.7","3.7","0","3.7","0","0","0","7.4","0","27","40063","  1"
"2025-26","Winter","PHYS","2216","General Physics Laboratory","Powers","3.36","38.1","28.6","0","19","0","4.8","4.8","0","0","0","0","4.8","1","21","40064","  1"
"2025-26","Winter","PM","3674","Property Management Operations","Hopkins","3.85","50","50","0","0","0","0","0","0","0","0","0","0","0","6","40114","  3"
"2025-26","Winter","PR","2044","Principles of Public Relations","Deuyour","2.9","0","7.1","21.4","35.7","14.3","14.3","7.1","0","0","0","0","0","0","14","40168","  3"
"2025-26","Winter","PSCI","1014","US Gov & Politics","Jewitt","2.94","28.6","0","28.6","14.3","0","14.3","0","0","0","0","14.3","0","0","7","40076","  3"
"2025-26","Winter","PSCI","1024","Comp Gov & Politics","Gill","3.74","55.6","22.2","11.1","11.1","0","0","0","0","0","0","0","0","0","9","40078","  3"
"2025-26","Winter","PSCI","2014","Intro to Political Theory","Smith","3.04","42.9","0","28.6","0","14.3","0","0","0","0","0","0","14.3","0","7","40077","  3"
"2025-26","Winter","PSCI","3115","Selected World Problems","Nelson","2.61","0","14.3","28.6","28.6","0","0","14.3","0","0","0","0","14.3","0","7","40086","  3"
"2025-26","Winter","PSCI","3125","Intelligence & Natl Security","Hodges","3.53","42.9","21.4","7.1","21.4","0","0","7.1","0","0","0","0","0","0","14","40088","  3"
"2025-26","Winter","PSCI","4624","Wash Semester Seminar","Dull","4","100","0","0","0","0","0","0","0","0","0","0","0","0","20","40210","  3"
"2025-26","Winter","PSYC","1004","Introductory Psychology","Adams","3.54","51.6","12.9","12.9","6.5","9.7","3.2","0","0","3.2","0","0","0","0","31","40108","  3"
"2025-26","Winter","PSYC","1094","Prin Psyc Research","Melson-Silimon","3.98","92.3","7.7","0","0","0","0","0","0","0","0","0","0","0","13","40227","  3"
"2025-26","Winter","PSYC","2034","Developmental Psychology","Kerfoot","3.71","71.4","0","0","28.6","0","0","0","0","0","0","0","0","0","7","40228","  3"
"2025-26","Winter","PSYC","2044","Psychology of Learning","Shafer","3.47","72.2","0","5.6","0","11.1","0","0","5.6","0","0","0","5.6","0","18","40109","  3"
"2025-26","Winter","PSYC","2074","Animal Behavior","Hoffman","3.94","87.5","6.3","6.3","0","0","0","0","0","0","0","0","0","0","16","40110","  3"
"2025-26","Winter","RLCL","1014","World Religions","Bilgic","3.96","87.5","12.5","0","0","0","0","0","0","0","0","0","0","0","16","40065","  3"
"2025-26","Winter","RLCL","2444","Greek and Roman Myth","Phillips","3.26","40","0","20","20","0","0","20","0","0","0","0","0","0","5","40020","  3"
"2025-26","Winter","SOC","1004","Introductory Sociology","Brunsma","3.69","64.3","7.1","7.1","14.3","7.1","0","0","0","0","0","0","0","0","14","40068","  3"
"2025-26","Winter","SOC","2004","Social Problems","Dhillon-Jamerson","3.73","33.3","50","16.7","0","0","0","0","0","0","0","0","0","0","6","40069","  3"
"2025-26","Winter","SOC","2604","Intro Data in Social Context","Steinhauer","3.94","80","20","0","0","0","0","0","0","0","0","0","0","0","5","40042","  3"
"2025-26","Winter","SOC","3004","Social Inequality","Presson","4","100","0","0","0","0","0","0","0","0","0","0","0","0","11","40070","  3"
"2025-26","Winter","SOC","3714","Sociology of Aging","Diaz","4","100","0","0","0","0","0","0","0","0","0","0","0","0","6","40071","  3"
"2025-26","Winter","SOC","4454","TS: Violence and Mental Illnes","Vogt Yuan","3.22","33.3","16.7","33.3","0","0","0","0","0","0","16.7","0","0","0","6","40072","  3"
"2025-26","Winter","SPAN","3554","Teaching Spanish","Venkatesh","3.84","75","12.5","0","12.5","0","0","0","0","0","0","0","0","0","8","40066","  3"
"2025-26","Winter","SPAN","3954","SA: Study Abroad in Costa Rica","Sobrado","4","100","0","0","0","0","0","0","0","0","0","0","0","0","16","40067","  3"
"2025-26","Winter","SPES","2004","Cannabis Sci Ind & Culture","Niemiera","3.96","92.5","5","0","2.5","0","0","0","0","0","0","0","0","0","40","40182","  3"
"2025-26","Winter","SPES","3954","SA: Ecuador","Eick","3.91","92.9","0","0","0","7.1","0","0","0","0","0","0","0","0","14","40183","  3"
"2025-26","Winter","SPIA","4454","Future of Cities","Tirpak","3.82","62.5","25","6.3","6.3","0","0","0","0","0","0","0","0","0","16","40207","  3"
"2025-26","Winter","STAT","3615","Biological Statistics","Hanlon","3.47","44.8","34.5","3.4","3.4","6.9","0","0","0","0","0","0","6.9","2","29","40184","  3"
